+ cd /home/suzuri/android/lineage/kernel/sony/sdm845
+ export 'PATH=/home/suzuri/android/lineage/prebuilts/gcc/linux-x86/aarch64/aarch64-linux-android-4.9/bin:/usr/local/sbin:/usr/local/bin:/usr/sbin:/usr/bin:/sbin:/bin:/usr/games:/usr/local/games:/usr/lib/wsl/lib:/mnt/c/Users/Suzuri/bin:/mnt/c/Program Files/Git/mingw64/bin:/mnt/c/Program Files/Git/usr/local/bin:/mnt/c/Program Files/Git/usr/bin:/mnt/c/Program Files/Git/usr/bin:/mnt/c/Program Files/Git/mingw64/bin:/mnt/c/Program Files/Git/usr/bin:/mnt/c/Users/Suzuri/bin:/mnt/c/Program Files/NVIDIA GPU Computing Toolkit/CUDA/v13.3/bin/x64:/mnt/c/Program Files/NVIDIA GPU Computing Toolkit/CUDA/v13.3/bin:/mnt/c/Program Files/NVIDIA GPU Computing Toolkit/CUDA/v13.1/bin/x64:/mnt/c/Program Files/NVIDIA GPU Computing Toolkit/CUDA/v13.1/bin:/mnt/c/Program Files/NVIDIA GPU Computing Toolkit/CUDA/v12.9/bin:/mnt/c/Program Files/NVIDIA GPU Computing Toolkit/CUDA/v12.9/libnvvp:/mnt/c/Program Files/NVIDIA GPU Computing Toolkit/CUDA/v12.6/bin:/mnt/c/Program Files/NVIDIA GPU Computing Toolkit/CUDA/v12.6/libnvvp:/mnt/c/WINDOWS/system32:/mnt/c/WINDOWS:/mnt/c/WINDOWS/System32/Wbem:/mnt/c/WINDOWS/System32/WindowsPowerShell/v1.0:/mnt/c/WINDOWS/System32/OpenSSH:/mnt/c/Program Files/Apollo:/mnt/c/Program Files/Apollo/tools:/mnt/c/Program Files/dotnet:/mnt/c/Program Files/Microsoft VS Code/bin:/mnt/c/Program Files/Git/cmd:/mnt/c/Program Files/Git-Xet:/mnt/c/Program Files/Tailscale:/mnt/c/Program Files/NVIDIA Corporation/NVIDIA App/NvDLISR:/mnt/c/Program Files (x86)/NVIDIA Corporation/PhysX/Common:/mnt/c/Program Files/CMake/bin:/mnt/c/Program Files (x86)/llama.cpp/bin:/mnt/c/Program Files/nodejs:/mnt/c/Program Files/RedHat/Podman:/mnt/c/Program Files/PowerShell/7:/mnt/c/Program Files/GitHub CLI:/mnt/c/Users/Suzuri/.grok/bin:/mnt/c/Users/Suzuri/.unsloth/studio/bin:/mnt/c/Users/Suzuri/AppData/Local/Programs/Python/Python313/Scripts:/mnt/c/Users/Suzuri/AppData/Local/Programs/Python/Python313:/mnt/c/Users/Suzuri/AppData/Local/Programs/Python/Launcher:/mnt/c/Users/Suzuri/AppData/Local/Microsoft/WindowsApps:/mnt/c/Users/Suzuri/.dotnet/tools:/mnt/c/Users/Suzuri/.lmstudio/bin:/mnt/c/Program Files (x86)/llama.cpp/bin:/mnt/c/Users/Suzuri/AppData/Local/Microsoft/WinGet/Links:/mnt/c/Users/Suzuri/AppData/Roaming/npm:/mnt/c/Users/Suzuri/AppData/Roaming/Python/Python313/Scripts:/mnt/c/Users/Suzuri/AppData/Local/Programs/Podman:/mnt/c/Users/Suzuri/.local/bin:/mnt/c/Users/Suzuri/AppData/Local/Android/Sdk/platform-tools:/mnt/c/Program Files/Git/usr/bin/vendor_perl:/mnt/c/Program Files/Git/usr/bin/core_perl'
+ PATH='/home/suzuri/android/lineage/prebuilts/gcc/linux-x86/aarch64/aarch64-linux-android-4.9/bin:/usr/local/sbin:/usr/local/bin:/usr/sbin:/usr/bin:/sbin:/bin:/usr/games:/usr/local/games:/usr/lib/wsl/lib:/mnt/c/Users/Suzuri/bin:/mnt/c/Program Files/Git/mingw64/bin:/mnt/c/Program Files/Git/usr/local/bin:/mnt/c/Program Files/Git/usr/bin:/mnt/c/Program Files/Git/usr/bin:/mnt/c/Program Files/Git/mingw64/bin:/mnt/c/Program Files/Git/usr/bin:/mnt/c/Users/Suzuri/bin:/mnt/c/Program Files/NVIDIA GPU Computing Toolkit/CUDA/v13.3/bin/x64:/mnt/c/Program Files/NVIDIA GPU Computing Toolkit/CUDA/v13.3/bin:/mnt/c/Program Files/NVIDIA GPU Computing Toolkit/CUDA/v13.1/bin/x64:/mnt/c/Program Files/NVIDIA GPU Computing Toolkit/CUDA/v13.1/bin:/mnt/c/Program Files/NVIDIA GPU Computing Toolkit/CUDA/v12.9/bin:/mnt/c/Program Files/NVIDIA GPU Computing Toolkit/CUDA/v12.9/libnvvp:/mnt/c/Program Files/NVIDIA GPU Computing Toolkit/CUDA/v12.6/bin:/mnt/c/Program Files/NVIDIA GPU Computing Toolkit/CUDA/v12.6/libnvvp:/mnt/c/WINDOWS/system32:/mnt/c/WINDOWS:/mnt/c/WINDOWS/System32/Wbem:/mnt/c/WINDOWS/System32/WindowsPowerShell/v1.0:/mnt/c/WINDOWS/System32/OpenSSH:/mnt/c/Program Files/Apollo:/mnt/c/Program Files/Apollo/tools:/mnt/c/Program Files/dotnet:/mnt/c/Program Files/Microsoft VS Code/bin:/mnt/c/Program Files/Git/cmd:/mnt/c/Program Files/Git-Xet:/mnt/c/Program Files/Tailscale:/mnt/c/Program Files/NVIDIA Corporation/NVIDIA App/NvDLISR:/mnt/c/Program Files (x86)/NVIDIA Corporation/PhysX/Common:/mnt/c/Program Files/CMake/bin:/mnt/c/Program Files (x86)/llama.cpp/bin:/mnt/c/Program Files/nodejs:/mnt/c/Program Files/RedHat/Podman:/mnt/c/Program Files/PowerShell/7:/mnt/c/Program Files/GitHub CLI:/mnt/c/Users/Suzuri/.grok/bin:/mnt/c/Users/Suzuri/.unsloth/studio/bin:/mnt/c/Users/Suzuri/AppData/Local/Programs/Python/Python313/Scripts:/mnt/c/Users/Suzuri/AppData/Local/Programs/Python/Python313:/mnt/c/Users/Suzuri/AppData/Local/Programs/Python/Launcher:/mnt/c/Users/Suzuri/AppData/Local/Microsoft/WindowsApps:/mnt/c/Users/Suzuri/.dotnet/tools:/mnt/c/Users/Suzuri/.lmstudio/bin:/mnt/c/Program Files (x86)/llama.cpp/bin:/mnt/c/Users/Suzuri/AppData/Local/Microsoft/WinGet/Links:/mnt/c/Users/Suzuri/AppData/Roaming/npm:/mnt/c/Users/Suzuri/AppData/Roaming/Python/Python313/Scripts:/mnt/c/Users/Suzuri/AppData/Local/Programs/Podman:/mnt/c/Users/Suzuri/.local/bin:/mnt/c/Users/Suzuri/AppData/Local/Android/Sdk/platform-tools:/mnt/c/Program Files/Git/usr/bin/vendor_perl:/mnt/c/Program Files/Git/usr/bin/core_perl'
+ mkdir -p /home/suzuri/kbuild-akari
+ make -j32 O=/home/suzuri/kbuild-akari ARCH=arm64 CROSS_COMPILE=/home/suzuri/android/lineage/prebuilts/gcc/linux-x86/aarch64/aarch64-linux-android-4.9/bin/aarch64-linux-android- HOSTCFLAGS=-fcommon tama_akari_defconfig
make[1]: Entering directory '/home/suzuri/kbuild-akari'
  GEN     ./Makefile
drivers/usb/gadget/Kconfig:606:warning: defaults for choice values not supported
#
# configuration written to .config
#
make[1]: Leaving directory '/home/suzuri/kbuild-akari'
+ DEFCONFIG_EXIT=0
+ echo DEFCONFIG_EXIT_CODE=0
DEFCONFIG_EXIT_CODE=0
+ ls -la /home/suzuri/kbuild-akari/.config
-rw-r--r-- 1 suzuri suzuri 152892 Aug  1 11:25 /home/suzuri/kbuild-akari/.config
+ '[' 0 -ne 0 ']'
+ make -j32 O=/home/suzuri/kbuild-akari ARCH=arm64 CROSS_COMPILE=/home/suzuri/android/lineage/prebuilts/gcc/linux-x86/aarch64/aarch64-linux-android-4.9/bin/aarch64-linux-android- HOSTCFLAGS=-fcommon Image dtbs
make[1]: Entering directory '/home/suzuri/kbuild-akari'
  GEN     ./Makefile
scripts/kconfig/conf  --silentoldconfig Kconfig
drivers/usb/gadget/Kconfig:606:warning: defaults for choice values not supported
  CHK     include/config/kernel.release
  GEN     ./Makefile
  CHK     include/generated/uapi/linux/version.h
  CHK     include/generated/utsrelease.h
  Using /home/suzuri/android/lineage/kernel/sony/sdm845 as source for kernel
  CHK     scripts/mod/devicetable-offsets.h
  CHK     include/generated/timeconst.h
  CHK     include/generated/bounds.h
  CHK     include/generated/asm-offsets.h
  CALL    /home/suzuri/android/lineage/kernel/sony/sdm845/scripts/checksyscalls.sh
  CHK     include/generated/compile.h
  GZIP    kernel/config_data.gz
  CHK     kernel/config_data.h
  CC      drivers/firmware/efi/libstub/string.o
  STUBCPY drivers/firmware/efi/libstub/string.stub.o
  AR      drivers/firmware/efi/libstub/lib.a
  EXPORTS drivers/firmware/efi/libstub/lib-ksyms.o
  DTC     arch/arm64/boot/dts/somc/../qcom/sdm845.dtb
  DTC     arch/arm64/boot/dts/somc/../qcom/sdm845-v2.dtb
  DTC     arch/arm64/boot/dts/somc/../qcom/sdm845-v2.1.dtb
  LD      drivers/firmware/efi/libstub/built-in.o
  LD      drivers/firmware/efi/built-in.o
  LD      drivers/firmware/built-in.o
arch/arm64/boot/dts/somc/../qcom/sdm845-v2.1.dtb: Warning (unit_address_format): /soc/qcom,gdsc@0x16b004: unit name should not have leading "0x"
arch/arm64/boot/dts/somc/../qcom/sdm845-v2.1.dtb: Warning (unit_address_format): /soc/qcom,gdsc@0x18d004: unit name should not have leading "0x"
arch/arm64/boot/dts/somc/../qcom/sdm845-v2.1.dtb: Warning (unit_address_format): /soc/qcom,gdsc@0x175004: unit name should not have leading "0x"
arch/arm64/boot/dts/somc/../qcom/sdm845-v2.1.dtb: Warning (unit_address_format): /soc/qcom,gdsc@0x177004: unit name should not have leading "0x"
arch/arm64/boot/dts/somc/../qcom/sdm845-v2.1.dtb: Warning (unit_address_format): /soc/qcom,gdsc@0x10f004: unit name should not have leading "0x"
arch/arm64/boot/dts/somc/../qcom/sdm845-v2.1.dtb: Warning (unit_address_format): /soc/qcom,gdsc@0x110004: unit name should not have leading "0x"
arch/arm64/boot/dts/somc/../qcom/sdm845-v2.1.dtb: Warning (unit_address_format): /soc/qcom,gdsc@0x17d030: unit name should not have leading "0x"
arch/arm64/boot/dts/somc/../qcom/sdm845-v2.1.dtb: Warning (unit_address_format): /soc/qcom,gdsc@0x17d03c: unit name should not have leading "0x"
arch/arm64/boot/dts/somc/../qcom/sdm845-v2.1.dtb: Warning (unit_address_format): /soc/qcom,gdsc@0x17d034: unit name should not have leading "0x"
arch/arm64/boot/dts/somc/../qcom/sdm845-v2.1.dtb: Warning (unit_address_format): /soc/qcom,gdsc@0x17d038: unit name should not have leading "0x"
arch/arm64/boot/dts/somc/../qcom/sdm845-v2.1.dtb: Warning (unit_address_format): /soc/qcom,gdsc@0x17d040: unit name should not have leading "0x"
arch/arm64/boot/dts/somc/../qcom/sdm845-v2.1.dtb: Warning (unit_address_format): /soc/qcom,gdsc@0x17d048: unit name should not have leading "0x"
arch/arm64/boot/dts/somc/../qcom/sdm845-v2.1.dtb: Warning (unit_address_format): /soc/qcom,gdsc@0x17d044: unit name should not have leading "0x"
arch/arm64/boot/dts/somc/../qcom/sdm845-v2.1.dtb: Warning (unit_address_format): /soc/qcom,gdsc@0xad06004: unit name should not have leading "0x"
arch/arm64/boot/dts/somc/../qcom/sdm845-v2.1.dtb: Warning (unit_address_format): /soc/qcom,gdsc@0xad09004: unit name should not have leading "0x"
arch/arm64/boot/dts/somc/../qcom/sdm845-v2.1.dtb: Warning (unit_address_format): /soc/qcom,gdsc@0xad0a004: unit name should not have leading "0x"
arch/arm64/boot/dts/somc/../qcom/sdm845-v2.1.dtb: Warning (unit_address_format): /soc/qcom,gdsc@0xad07004: unit name should not have leading "0x"
arch/arm64/boot/dts/somc/../qcom/sdm845-v2.1.dtb: Warning (unit_address_format): /soc/qcom,gdsc@0xad08004: unit name should not have leading "0x"
arch/arm64/boot/dts/somc/../qcom/sdm845-v2.1.dtb: Warning (unit_address_format): /soc/qcom,gdsc@0xad0b134: unit name should not have leading "0x"
arch/arm64/boot/dts/somc/../qcom/sdm845-v2.1.dtb: Warning (unit_address_format): /soc/qcom,gdsc@0xaf03000: unit name should not have leading "0x"
arch/arm64/boot/dts/somc/../qcom/sdm845-v2.1.dtb: Warning (unit_address_format): /soc/syscon@0x5091540: unit name should not have leading "0x"
arch/arm64/boot/dts/somc/../qcom/sdm845-v2.1.dtb: Warning (unit_address_format): /soc/qcom,gdsc@0x509106c: unit name should not have leading "0x"
arch/arm64/boot/dts/somc/../qcom/sdm845-v2.1.dtb: Warning (unit_address_format): /soc/qcom,gdsc@0x509100c: unit name should not have leading "0x"
arch/arm64/boot/dts/somc/../qcom/sdm845-v2.1.dtb: Warning (unit_address_format): /soc/qcom,gdsc@0xab00874: unit name should not have leading "0x"
arch/arm64/boot/dts/somc/../qcom/sdm845-v2.1.dtb: Warning (unit_address_format): /soc/qcom,gdsc@0xab008b4: unit name should not have leading "0x"
arch/arm64/boot/dts/somc/../qcom/sdm845-v2.1.dtb: Warning (unit_address_format): /soc/qcom,gdsc@0xab00814: unit name should not have leading "0x"
arch/arm64/boot/dts/somc/../qcom/sdm845-v2.1.dtb: Warning (unit_address_format): /soc/qcom,qup_uart@0x898000: unit name should not have leading "0x"
arch/arm64/boot/dts/somc/../qcom/sdm845-v2.1.dtb: Warning (unit_address_format): /soc/qcom,qup_uart@0x89c000: unit name should not have leading "0x"
arch/arm64/boot/dts/somc/../qcom/sdm845-v2.1.dtb: Warning (unit_address_format): /soc/qcom,qup_uart@0xa84000: unit name should not have leading "0x"
arch/arm64/boot/dts/somc/../qcom/sdm845-v2.1.dtb: Warning (unit_address_format): /soc/qcom,qup_uart@0xa88000: unit name should not have leading "0x"
arch/arm64/boot/dts/somc/../qcom/sdm845-v2.1.dtb: Warning (unit_address_format): /soc/timer@0x17C90000: unit name should not have leading "0x"
arch/arm64/boot/dts/somc/../qcom/sdm845-v2.1.dtb: Warning (unit_address_format): /soc/timer@0x17C90000/frame@0x17CA0000: unit name should not have leading "0x"
arch/arm64/boot/dts/somc/../qcom/sdm845-v2.1.dtb: Warning (unit_address_format): /soc/qcom,cpucc@0x17d41000: unit name should not have leading "0x"
arch/arm64/boot/dts/somc/../qcom/sdm845-v2.1.dtb: Warning (unit_address_format): /soc/qcom,mpm2-sleep-counter@0x0c221000: unit name should not have leading "0x"
arch/arm64/boot/dts/somc/../qcom/sdm845-v2.1.dtb: Warning (unit_address_format): /soc/qcom,mpm2-sleep-counter@0x0c221000: unit name should not have leading 0s
arch/arm64/boot/dts/somc/../qcom/sdm845-v2.1.dtb: Warning (unit_address_format): /soc/qcom,ipa@01e00000: unit name should not have leading 0s
arch/arm64/boot/dts/somc/../qcom/sdm845-v2.1.dtb: Warning (unit_address_format): /soc/qcom,gpi-dma@0x800000: unit name should not have leading "0x"
arch/arm64/boot/dts/somc/../qcom/sdm845-v2.1.dtb: Warning (unit_address_format): /soc/qcom,gpi-dma@0xa00000: unit name should not have leading "0x"
arch/arm64/boot/dts/somc/../qcom/sdm845-v2.1.dtb: Warning (unit_address_format): /soc/msm_tspp@0x8880000: unit name should not have leading "0x"
arch/arm64/boot/dts/somc/../qcom/sdm845-v2.1.dtb: Warning (unit_address_format): /soc/funnel@0x6b08000: unit name should not have leading "0x"
arch/arm64/boot/dts/somc/../qcom/sdm845-v2.1.dtb: Warning (unit_address_format): /soc/hwevent@0x014066f0: unit name should not have leading "0x"
arch/arm64/boot/dts/somc/../qcom/sdm845-v2.1.dtb: Warning (unit_address_format): /soc/hwevent@0x014066f0: unit name should not have leading 0s
arch/arm64/boot/dts/somc/../qcom/sdm845-v2.1.dtb: Warning (unit_address_format): /soc/funnel@0x6041000: unit name should not have leading "0x"
arch/arm64/boot/dts/somc/../qcom/sdm845-v2.1.dtb: Warning (unit_address_format): /soc/funnel@0x6043000: unit name should not have leading "0x"
arch/arm64/boot/dts/somc/../qcom/sdm845-v2.1.dtb: Warning (unit_address_format): /soc/funnel@0x6943000: unit name should not have leading "0x"
arch/arm64/boot/dts/somc/../qcom/sdm845-v2.1.dtb: Warning (unit_address_format): /soc/apps-smmu@0x15000000: unit name should not have leading "0x"
arch/arm64/boot/dts/somc/../qcom/sdm845-v2.1.dtb: Warning (unit_address_format): /soc/apps-smmu@0x15000000/anoc_1_tbu@0x150c5000: unit name should not have leading "0x"
arch/arm64/boot/dts/somc/../qcom/sdm845-v2.1.dtb: Warning (unit_address_format): /soc/apps-smmu@0x15000000/anoc_2_tbu@0x150c9000: unit name should not have leading "0x"
arch/arm64/boot/dts/somc/../qcom/sdm845-v2.1.dtb: Warning (unit_address_format): /soc/apps-smmu@0x15000000/mnoc_hf_0_tbu@0x150cd000: unit name should not have leading "0x"
arch/arm64/boot/dts/somc/../qcom/sdm845-v2.1.dtb: Warning (unit_address_format): /soc/apps-smmu@0x15000000/mnoc_hf_1_tbu@0x150d1000: unit name should not have leading "0x"
arch/arm64/boot/dts/somc/../qcom/sdm845-v2.1.dtb: Warning (unit_address_format): /soc/apps-smmu@0x15000000/mnoc_sf_0_tbu@0x150d5000: unit name should not have leading "0x"
arch/arm64/boot/dts/somc/../qcom/sdm845-v2.1.dtb: Warning (unit_address_format): /soc/apps-smmu@0x15000000/compute_dsp_tbu@0x150d9000: unit name should not have leading "0x"
arch/arm64/boot/dts/somc/../qcom/sdm845-v2.1.dtb: Warning (unit_address_format): /soc/apps-smmu@0x15000000/adsp_tbu@0x150dd000: unit name should not have leading "0x"
arch/arm64/boot/dts/somc/../qcom/sdm845-v2.1.dtb: Warning (unit_address_format): /soc/apps-smmu@0x15000000/anoc_1_pcie_tbu@0x150e1000: unit name should not have leading "0x"
arch/arm64/boot/dts/somc/../qcom/sdm845-v2.1.dtb: Warning (unit_address_format): /soc/qcom,jpegdma@0xac52000: unit name should not have leading "0x"
arch/arm64/boot/dts/somc/../qcom/sdm845-v2.1.dtb: Warning (unit_address_format): /soc/pinctrl@03400000: unit name should not have leading 0s
arch/arm64/boot/dts/somc/../qcom/sdm845-v2.1.dtb: Warning (unit_address_format): /soc/qcom,pcie@0x1c00000: unit name should not have leading "0x"
arch/arm64/boot/dts/somc/../qcom/sdm845-v2.1.dtb: Warning (unit_address_format): /soc/qcom,pcie@0x1c08000: unit name should not have leading "0x"
arch/arm64/boot/dts/somc/../qcom/sdm845-v2.1.dtb: Warning (unit_address_format): /soc/syscon@0x5091508: unit name should not have leading "0x"
arch/arm64/boot/dts/somc/../qcom/sdm845-v2.1.dtb: Warning (unit_address_format): /soc/syscon@0x5091008: unit name should not have leading "0x"
arch/arm64/boot/dts/somc/../qcom/sdm845-v2.1.dtb: Warning (unit_address_format): /soc/interrupt-controller@0xb220000: unit name should not have leading "0x"
arch/arm64/boot/dts/somc/../qcom/sdm845-v2.1.dtb: Warning (unit_address_format): /reserved-memory/qseecom_region@0x8ab00000: unit name should not have leading "0x"
arch/arm64/boot/dts/somc/../qcom/sdm845-v2.1.dtb: Warning (unit_address_format): /reserved-memory/camera_region@0x8bf00000: unit name should not have leading "0x"
arch/arm64/boot/dts/somc/../qcom/sdm845-v2.1.dtb: Warning (unit_address_format): /reserved-memory/ips_fw_region@0x8c400000: unit name should not have leading "0x"
arch/arm64/boot/dts/somc/../qcom/sdm845-v2.1.dtb: Warning (unit_address_format): /reserved-memory/ipa_gsi_region@0x8c410000: unit name should not have leading "0x"
arch/arm64/boot/dts/somc/../qcom/sdm845-v2.1.dtb: Warning (unit_address_format): /reserved-memory/gpu_region@0x8c415000: unit name should not have leading "0x"
arch/arm64/boot/dts/somc/../qcom/sdm845-v2.1.dtb: Warning (unit_address_format): /reserved-memory/adsp_region@0x8c500000: unit name should not have leading "0x"
arch/arm64/boot/dts/somc/../qcom/sdm845-v2.1.dtb: Warning (unit_address_format): /reserved-memory/wlan_fw_region@0x8df00000: unit name should not have leading "0x"
arch/arm64/boot/dts/somc/../qcom/sdm845-v2.1.dtb: Warning (unit_address_format): /reserved-memory/modem_region@0x8e000000: unit name should not have leading "0x"
arch/arm64/boot/dts/somc/../qcom/sdm845-v2.1.dtb: Warning (unit_address_format): /reserved-memory/video_region@0x95800000: unit name should not have leading "0x"
arch/arm64/boot/dts/somc/../qcom/sdm845-v2.1.dtb: Warning (unit_address_format): /reserved-memory/cdsp_region@0x95d00000: unit name should not have leading "0x"
arch/arm64/boot/dts/somc/../qcom/sdm845-v2.1.dtb: Warning (unit_address_format): /reserved-memory/mba_region@0x96500000: unit name should not have leading "0x"
arch/arm64/boot/dts/somc/../qcom/sdm845-v2.1.dtb: Warning (unit_address_format): /reserved-memory/slpi_region@0x96700000: unit name should not have leading "0x"
arch/arm64/boot/dts/somc/../qcom/sdm845-v2.1.dtb: Warning (unit_address_format): /reserved-memory/pil_spss_region@0x97b00000: unit name should not have leading "0x"
arch/arm64/boot/dts/somc/../qcom/sdm845-v2.1.dtb: Warning (avoid_unnecessary_addr_size): /soc/qcom,mdss_mdp@ae00000: unnecessary #address-cells/#size-cells without "ranges" or child "reg" property
arch/arm64/boot/dts/somc/../qcom/sdm845-v2.1.dtb: Warning (avoid_unnecessary_addr_size): /soc/qcom,cci@ac4a000: unnecessary #address-cells/#size-cells without "ranges" or child "reg" property
arch/arm64/boot/dts/somc/../qcom/sdm845-v2.1.dtb: Warning (unique_unit_address): /soc/qcom,mdss_mdp@ae00000: duplicate unit-address (also used in node /soc/qcom,mdss_rotator@ae00000)
arch/arm64/boot/dts/somc/../qcom/sdm845-v2.1.dtb: Warning (unique_unit_address): /soc/i2c@880000: duplicate unit-address (also used in node /soc/spi@880000)
arch/arm64/boot/dts/somc/../qcom/sdm845-v2.1.dtb: Warning (unique_unit_address): /soc/i2c@884000: duplicate unit-address (also used in node /soc/spi@884000)
arch/arm64/boot/dts/somc/../qcom/sdm845-v2.1.dtb: Warning (unique_unit_address): /soc/i2c@888000: duplicate unit-address (also used in node /soc/spi@888000)
arch/arm64/boot/dts/somc/../qcom/sdm845-v2.1.dtb: Warning (unique_unit_address): /soc/i2c@88c000: duplicate unit-address (also used in node /soc/spi@88c000)
arch/arm64/boot/dts/somc/../qcom/sdm845-v2.1.dtb: Warning (unique_unit_address): /soc/i2c@890000: duplicate unit-address (also used in node /soc/spi@890000)
arch/arm64/boot/dts/somc/../qcom/sdm845-v2.1.dtb: Warning (unique_unit_address): /soc/i2c@894000: duplicate unit-address (also used in node /soc/spi@894000)
arch/arm64/boot/dts/somc/../qcom/sdm845-v2.1.dtb: Warning (unique_unit_address): /soc/i2c@898000: duplicate unit-address (also used in node /soc/spi@898000)
arch/arm64/boot/dts/somc/../qcom/sdm845-v2.1.dtb: Warning (unique_unit_address): /soc/i2c@89c000: duplicate unit-address (also used in node /soc/spi@89c000)
arch/arm64/boot/dts/somc/../qcom/sdm845-v2.1.dtb: Warning (unique_unit_address): /soc/i2c@a80000: duplicate unit-address (also used in node /soc/spi@a80000)
arch/arm64/boot/dts/somc/../qcom/sdm845-v2.1.dtb: Warning (unique_unit_address): /soc/i2c@a84000: duplicate unit-address (also used in node /soc/spi@a84000)
arch/arm64/boot/dts/somc/../qcom/sdm845-v2.1.dtb: Warning (unique_unit_address): /soc/i2c@a88000: duplicate unit-address (also used in node /soc/spi@a88000)
arch/arm64/boot/dts/somc/../qcom/sdm845-v2.1.dtb: Warning (unique_unit_address): /soc/i2c@a8c000: duplicate unit-address (also used in node /soc/spi@a8c000)
arch/arm64/boot/dts/somc/../qcom/sdm845-v2.1.dtb: Warning (unique_unit_address): /soc/i2c@a90000: duplicate unit-address (also used in node /soc/spi@a90000)
arch/arm64/boot/dts/somc/../qcom/sdm845-v2.1.dtb: Warning (unique_unit_address): /soc/i2c@a94000: duplicate unit-address (also used in node /soc/spi@a94000)
arch/arm64/boot/dts/somc/../qcom/sdm845-v2.1.dtb: Warning (unique_unit_address): /soc/i2c@a98000: duplicate unit-address (also used in node /soc/spi@a98000)
arch/arm64/boot/dts/somc/../qcom/sdm845-v2.1.dtb: Warning (unique_unit_address): /soc/i2c@a9c000: duplicate unit-address (also used in node /soc/spi@a9c000)
arch/arm64/boot/dts/somc/../qcom/sdm845-v2.1.dtb: Warning (unique_unit_address): /soc/qcom,gpucc@5090000: duplicate unit-address (also used in node /soc/qcom,gfxcc@5090000)
arch/arm64/boot/dts/somc/../qcom/sdm845-v2.1.dtb: Warning (unique_unit_address): /soc/qcom,gcc@100000: duplicate unit-address (also used in node /soc/qcom,cc-debug@100000)
arch/arm64/boot/dts/somc/../qcom/sdm845-v2.1.dtb: Warning (unique_unit_address): /soc/qcom,sde_rscc@af20000: duplicate unit-address (also used in node /soc/mailbox@af20000)
arch/arm64/boot/dts/somc/../qcom/sdm845-v2.1.dtb: Warning (unique_unit_address): /soc/qcom,smem@86000000: duplicate unit-address (also used in node /soc/qcom,glink-smem-native-xprt-modem@86000000)
arch/arm64/boot/dts/somc/../qcom/sdm845-v2.1.dtb: Warning (unique_unit_address): /soc/qcom,smem@86000000: duplicate unit-address (also used in node /soc/qcom,glink-smem-native-xprt-adsp@86000000)
arch/arm64/boot/dts/somc/../qcom/sdm845-v2.1.dtb: Warning (unique_unit_address): /soc/qcom,glink-smem-native-xprt-modem@86000000: duplicate unit-address (also used in node /soc/qcom,glink-smem-native-xprt-adsp@86000000)
arch/arm64/boot/dts/somc/../qcom/sdm845-v2.1.dtb: Warning (unique_unit_address): /soc/qcom,smem@86000000: duplicate unit-address (also used in node /soc/qcom,glink-smem-native-xprt-dsps@86000000)
arch/arm64/boot/dts/somc/../qcom/sdm845-v2.1.dtb: Warning (unique_unit_address): /soc/qcom,glink-smem-native-xprt-modem@86000000: duplicate unit-address (also used in node /soc/qcom,glink-smem-native-xprt-dsps@86000000)
arch/arm64/boot/dts/somc/../qcom/sdm845-v2.1.dtb: Warning (unique_unit_address): /soc/qcom,glink-smem-native-xprt-adsp@86000000: duplicate unit-address (also used in node /soc/qcom,glink-smem-native-xprt-dsps@86000000)
arch/arm64/boot/dts/somc/../qcom/sdm845-v2.1.dtb: Warning (unique_unit_address): /soc/qcom,smem@86000000: duplicate unit-address (also used in node /soc/qcom,glink-smem-native-xprt-cdsp@86000000)
arch/arm64/boot/dts/somc/../qcom/sdm845-v2.1.dtb: Warning (unique_unit_address): /soc/qcom,glink-smem-native-xprt-modem@86000000: duplicate unit-address (also used in node /soc/qcom,glink-smem-native-xprt-cdsp@86000000)
arch/arm64/boot/dts/somc/../qcom/sdm845-v2.1.dtb: Warning (unique_unit_address): /soc/qcom,glink-smem-native-xprt-adsp@86000000: duplicate unit-address (also used in node /soc/qcom,glink-smem-native-xprt-cdsp@86000000)
arch/arm64/boot/dts/somc/../qcom/sdm845-v2.1.dtb: Warning (unique_unit_address): /soc/qcom,glink-smem-native-xprt-dsps@86000000: duplicate unit-address (also used in node /soc/qcom,glink-smem-native-xprt-cdsp@86000000)
arch/arm64/boot/dts/somc/../qcom/sdm845-v2.1.dtb: Warning (unique_unit_address): /soc/qcedev@1de0000: duplicate unit-address (also used in node /soc/qcrypto@1de0000)
arch/arm64/boot/dts/somc/../qcom/sdm845-v2.1.dtb: Warning (unique_unit_address): /soc/qcom,dp_display@0: duplicate unit-address (also used in node /soc/qcom,rmtfs_sharedmem@0)
arch/arm64/boot/dts/somc/../qcom/sdm845-v2.1.dtb: Warning (unique_unit_address): /soc/funnel@6845000: duplicate unit-address (also used in node /soc/funnel_1@6845000)
arch/arm64/boot/dts/somc/../qcom/sdm845-v2.1.dtb: Warning (unique_unit_address): /soc/funnel@6861000: duplicate unit-address (also used in node /soc/funnel_1@6861000)
arch/arm64/boot/dts/somc/../qcom/sdm845-v2.1.dtb: Warning (unique_unit_address): /soc/jtagmm@7040000: duplicate unit-address (also used in node /soc/etm@7040000)
arch/arm64/boot/dts/somc/../qcom/sdm845-v2.1.dtb: Warning (unique_unit_address): /soc/jtagmm@7140000: duplicate unit-address (also used in node /soc/etm@7140000)
arch/arm64/boot/dts/somc/../qcom/sdm845-v2.1.dtb: Warning (unique_unit_address): /soc/jtagmm@7240000: duplicate unit-address (also used in node /soc/etm@7240000)
arch/arm64/boot/dts/somc/../qcom/sdm845-v2.1.dtb: Warning (unique_unit_address): /soc/jtagmm@7340000: duplicate unit-address (also used in node /soc/etm@7340000)
arch/arm64/boot/dts/somc/../qcom/sdm845-v2.1.dtb: Warning (unique_unit_address): /soc/jtagmm@7440000: duplicate unit-address (also used in node /soc/etm@7440000)
arch/arm64/boot/dts/somc/../qcom/sdm845-v2.1.dtb: Warning (unique_unit_address): /soc/jtagmm@7540000: duplicate unit-address (also used in node /soc/etm@7540000)
arch/arm64/boot/dts/somc/../qcom/sdm845-v2.1.dtb: Warning (unique_unit_address): /soc/jtagmm@7640000: duplicate unit-address (also used in node /soc/etm@7640000)
arch/arm64/boot/dts/somc/../qcom/sdm845-v2.1.dtb: Warning (unique_unit_address): /soc/jtagmm@7740000: duplicate unit-address (also used in node /soc/etm@7740000)
arch/arm64/boot/dts/somc/../qcom/sdm845-v2.1.dtb: Warning (unique_unit_address): /soc/qcom,smp2p-modem@1799000c: duplicate unit-address (also used in node /soc/qcom,smp2p-adsp@1799000c)
arch/arm64/boot/dts/somc/../qcom/sdm845-v2.1.dtb: Warning (unique_unit_address): /soc/qcom,smp2p-modem@1799000c: duplicate unit-address (also used in node /soc/qcom,smp2p-dsps@1799000c)
arch/arm64/boot/dts/somc/../qcom/sdm845-v2.1.dtb: Warning (unique_unit_address): /soc/qcom,smp2p-adsp@1799000c: duplicate unit-address (also used in node /soc/qcom,smp2p-dsps@1799000c)
arch/arm64/boot/dts/somc/../qcom/sdm845-v2.1.dtb: Warning (unique_unit_address): /soc/qcom,smp2p-modem@1799000c: duplicate unit-address (also used in node /soc/qcom,smp2p-cdsp@1799000c)
arch/arm64/boot/dts/somc/../qcom/sdm845-v2.1.dtb: Warning (unique_unit_address): /soc/qcom,smp2p-adsp@1799000c: duplicate unit-address (also used in node /soc/qcom,smp2p-cdsp@1799000c)
arch/arm64/boot/dts/somc/../qcom/sdm845-v2.1.dtb: Warning (unique_unit_address): /soc/qcom,smp2p-dsps@1799000c: duplicate unit-address (also used in node /soc/qcom,smp2p-cdsp@1799000c)
arch/arm64/boot/dts/somc/../qcom/sdm845-v2.1.dtb: Warning (unique_unit_address): /soc/qcom,qmp-aop@c300000: duplicate unit-address (also used in node /soc/qcom,rpm-stats@c300000)
arch/arm64/boot/dts/somc/../qcom/sdm845-v2.1.dtb: Warning (unique_unit_address): /soc/qcom,lpm-levels/qcom,pm-cluster@0/qcom,pm-cluster-level@0: duplicate unit-address (also used in node /soc/qcom,lpm-levels/qcom,pm-cluster@0/qcom,pm-cpu@0)
arch/arm64/boot/dts/somc/../qcom/sdm845-v2.1.dtb: Warning (unique_unit_address): /soc/qcom,lpm-levels/qcom,pm-cluster@0/qcom,pm-cluster-level@1: duplicate unit-address (also used in node /soc/qcom,lpm-levels/qcom,pm-cluster@0/qcom,pm-cpu@1)
arch/arm64/boot/dts/somc/../qcom/sdm845-v2.dtb: Warning (unit_address_format): /soc/qcom,gdsc@0x16b004: unit name should not have leading "0x"
arch/arm64/boot/dts/somc/../qcom/sdm845-v2.dtb: Warning (unit_address_format): /soc/qcom,gdsc@0x18d004: unit name should not have leading "0x"
arch/arm64/boot/dts/somc/../qcom/sdm845-v2.dtb: Warning (unit_address_format): /soc/qcom,gdsc@0x175004: unit name should not have leading "0x"
arch/arm64/boot/dts/somc/../qcom/sdm845-v2.dtb: Warning (unit_address_format): /soc/qcom,gdsc@0x177004: unit name should not have leading "0x"
arch/arm64/boot/dts/somc/../qcom/sdm845-v2.dtb: Warning (unit_address_format): /soc/qcom,gdsc@0x10f004: unit name should not have leading "0x"
arch/arm64/boot/dts/somc/../qcom/sdm845-v2.dtb: Warning (unit_address_format): /soc/qcom,gdsc@0x110004: unit name should not have leading "0x"
arch/arm64/boot/dts/somc/../qcom/sdm845-v2.dtb: Warning (unit_address_format): /soc/qcom,gdsc@0x17d030: unit name should not have leading "0x"
arch/arm64/boot/dts/somc/../qcom/sdm845-v2.dtb: Warning (unit_address_format): /soc/qcom,gdsc@0x17d03c: unit name should not have leading "0x"
arch/arm64/boot/dts/somc/../qcom/sdm845-v2.dtb: Warning (unit_address_format): /soc/qcom,gdsc@0x17d034: unit name should not have leading "0x"
arch/arm64/boot/dts/somc/../qcom/sdm845-v2.dtb: Warning (unit_address_format): /soc/qcom,gdsc@0x17d038: unit name should not have leading "0x"
arch/arm64/boot/dts/somc/../qcom/sdm845-v2.dtb: Warning (unit_address_format): /soc/qcom,gdsc@0x17d040: unit name should not have leading "0x"
arch/arm64/boot/dts/somc/../qcom/sdm845-v2.dtb: Warning (unit_address_format): /soc/qcom,gdsc@0x17d048: unit name should not have leading "0x"
arch/arm64/boot/dts/somc/../qcom/sdm845-v2.dtb: Warning (unit_address_format): /soc/qcom,gdsc@0x17d044: unit name should not have leading "0x"
arch/arm64/boot/dts/somc/../qcom/sdm845-v2.dtb: Warning (unit_address_format): /soc/qcom,gdsc@0xad06004: unit name should not have leading "0x"
arch/arm64/boot/dts/somc/../qcom/sdm845-v2.dtb: Warning (unit_address_format): /soc/qcom,gdsc@0xad09004: unit name should not have leading "0x"
arch/arm64/boot/dts/somc/../qcom/sdm845-v2.dtb: Warning (unit_address_format): /soc/qcom,gdsc@0xad0a004: unit name should not have leading "0x"
arch/arm64/boot/dts/somc/../qcom/sdm845-v2.dtb: Warning (unit_address_format): /soc/qcom,gdsc@0xad07004: unit name should not have leading "0x"
arch/arm64/boot/dts/somc/../qcom/sdm845-v2.dtb: Warning (unit_address_format): /soc/qcom,gdsc@0xad08004: unit name should not have leading "0x"
arch/arm64/boot/dts/somc/../qcom/sdm845-v2.dtb: Warning (unit_address_format): /soc/qcom,gdsc@0xad0b134: unit name should not have leading "0x"
arch/arm64/boot/dts/somc/../qcom/sdm845-v2.dtb: Warning (unit_address_format): /soc/qcom,gdsc@0xaf03000: unit name should not have leading "0x"
arch/arm64/boot/dts/somc/../qcom/sdm845-v2.dtb: Warning (unit_address_format): /soc/syscon@0x5091540: unit name should not have leading "0x"
arch/arm64/boot/dts/somc/../qcom/sdm845-v2.dtb: Warning (unit_address_format): /soc/qcom,gdsc@0x509106c: unit name should not have leading "0x"
arch/arm64/boot/dts/somc/../qcom/sdm845-v2.dtb: Warning (unit_address_format): /soc/qcom,gdsc@0x509100c: unit name should not have leading "0x"
arch/arm64/boot/dts/somc/../qcom/sdm845-v2.dtb: Warning (unit_address_format): /soc/qcom,gdsc@0xab00874: unit name should not have leading "0x"
arch/arm64/boot/dts/somc/../qcom/sdm845-v2.dtb: Warning (unit_address_format): /soc/qcom,gdsc@0xab008b4: unit name should not have leading "0x"
arch/arm64/boot/dts/somc/../qcom/sdm845-v2.dtb: Warning (unit_address_format): /soc/qcom,gdsc@0xab00814: unit name should not have leading "0x"
arch/arm64/boot/dts/somc/../qcom/sdm845-v2.dtb: Warning (unit_address_format): /soc/qcom,qup_uart@0x898000: unit name should not have leading "0x"
arch/arm64/boot/dts/somc/../qcom/sdm845-v2.dtb: Warning (unit_address_format): /soc/qcom,qup_uart@0x89c000: unit name should not have leading "0x"
arch/arm64/boot/dts/somc/../qcom/sdm845-v2.dtb: Warning (unit_address_format): /soc/qcom,qup_uart@0xa84000: unit name should not have leading "0x"
arch/arm64/boot/dts/somc/../qcom/sdm845-v2.dtb: Warning (unit_address_format): /soc/qcom,qup_uart@0xa88000: unit name should not have leading "0x"
arch/arm64/boot/dts/somc/../qcom/sdm845-v2.dtb: Warning (unit_address_format): /soc/timer@0x17C90000: unit name should not have leading "0x"
arch/arm64/boot/dts/somc/../qcom/sdm845-v2.dtb: Warning (unit_address_format): /soc/timer@0x17C90000/frame@0x17CA0000: unit name should not have leading "0x"
arch/arm64/boot/dts/somc/../qcom/sdm845-v2.dtb: Warning (unit_address_format): /soc/qcom,cpucc@0x17d41000: unit name should not have leading "0x"
arch/arm64/boot/dts/somc/../qcom/sdm845-v2.dtb: Warning (unit_address_format): /soc/qcom,mpm2-sleep-counter@0x0c221000: unit name should not have leading "0x"
arch/arm64/boot/dts/somc/../qcom/sdm845-v2.dtb: Warning (unit_address_format): /soc/qcom,mpm2-sleep-counter@0x0c221000: unit name should not have leading 0s
arch/arm64/boot/dts/somc/../qcom/sdm845-v2.dtb: Warning (unit_address_format): /soc/qcom,ipa@01e00000: unit name should not have leading 0s
arch/arm64/boot/dts/somc/../qcom/sdm845-v2.dtb: Warning (unit_address_format): /soc/qcom,gpi-dma@0x800000: unit name should not have leading "0x"
arch/arm64/boot/dts/somc/../qcom/sdm845-v2.dtb: Warning (unit_address_format): /soc/qcom,gpi-dma@0xa00000: unit name should not have leading "0x"
arch/arm64/boot/dts/somc/../qcom/sdm845-v2.dtb: Warning (unit_address_format): /soc/msm_tspp@0x8880000: unit name should not have leading "0x"
arch/arm64/boot/dts/somc/../qcom/sdm845-v2.dtb: Warning (unit_address_format): /soc/funnel@0x6b08000: unit name should not have leading "0x"
arch/arm64/boot/dts/somc/../qcom/sdm845-v2.dtb: Warning (unit_address_format): /soc/hwevent@0x014066f0: unit name should not have leading "0x"
arch/arm64/boot/dts/somc/../qcom/sdm845-v2.dtb: Warning (unit_address_format): /soc/hwevent@0x014066f0: unit name should not have leading 0s
arch/arm64/boot/dts/somc/../qcom/sdm845-v2.dtb: Warning (unit_address_format): /soc/funnel@0x6041000: unit name should not have leading "0x"
arch/arm64/boot/dts/somc/../qcom/sdm845-v2.dtb: Warning (unit_address_format): /soc/funnel@0x6043000: unit name should not have leading "0x"
arch/arm64/boot/dts/somc/../qcom/sdm845-v2.dtb: Warning (unit_address_format): /soc/funnel@0x6943000: unit name should not have leading "0x"
arch/arm64/boot/dts/somc/../qcom/sdm845-v2.dtb: Warning (unit_address_format): /soc/apps-smmu@0x15000000: unit name should not have leading "0x"
arch/arm64/boot/dts/somc/../qcom/sdm845-v2.dtb: Warning (unit_address_format): /soc/apps-smmu@0x15000000/anoc_1_tbu@0x150c5000: unit name should not have leading "0x"
arch/arm64/boot/dts/somc/../qcom/sdm845-v2.dtb: Warning (unit_address_format): /soc/apps-smmu@0x15000000/anoc_2_tbu@0x150c9000: unit name should not have leading "0x"
arch/arm64/boot/dts/somc/../qcom/sdm845-v2.dtb: Warning (unit_address_format): /soc/apps-smmu@0x15000000/mnoc_hf_0_tbu@0x150cd000: unit name should not have leading "0x"
arch/arm64/boot/dts/somc/../qcom/sdm845-v2.dtb: Warning (unit_address_format): /soc/apps-smmu@0x15000000/mnoc_hf_1_tbu@0x150d1000: unit name should not have leading "0x"
arch/arm64/boot/dts/somc/../qcom/sdm845-v2.dtb: Warning (unit_address_format): /soc/apps-smmu@0x15000000/mnoc_sf_0_tbu@0x150d5000: unit name should not have leading "0x"
arch/arm64/boot/dts/somc/../qcom/sdm845-v2.dtb: Warning (unit_address_format): /soc/apps-smmu@0x15000000/compute_dsp_tbu@0x150d9000: unit name should not have leading "0x"
arch/arm64/boot/dts/somc/../qcom/sdm845-v2.dtb: Warning (unit_address_format): /soc/apps-smmu@0x15000000/adsp_tbu@0x150dd000: unit name should not have leading "0x"
arch/arm64/boot/dts/somc/../qcom/sdm845-v2.dtb: Warning (unit_address_format): /soc/apps-smmu@0x15000000/anoc_1_pcie_tbu@0x150e1000: unit name should not have leading "0x"
arch/arm64/boot/dts/somc/../qcom/sdm845-v2.dtb: Warning (unit_address_format): /soc/qcom,jpegdma@0xac52000: unit name should not have leading "0x"
arch/arm64/boot/dts/somc/../qcom/sdm845-v2.dtb: Warning (unit_address_format): /soc/pinctrl@03400000: unit name should not have leading 0s
arch/arm64/boot/dts/somc/../qcom/sdm845-v2.dtb: Warning (unit_address_format): /soc/qcom,pcie@0x1c00000: unit name should not have leading "0x"
arch/arm64/boot/dts/somc/../qcom/sdm845-v2.dtb: Warning (unit_address_format): /soc/qcom,pcie@0x1c08000: unit name should not have leading "0x"
arch/arm64/boot/dts/somc/../qcom/sdm845-v2.dtb: Warning (unit_address_format): /soc/syscon@0x5091508: unit name should not have leading "0x"
arch/arm64/boot/dts/somc/../qcom/sdm845-v2.dtb: Warning (unit_address_format): /soc/syscon@0x5091008: unit name should not have leading "0x"
arch/arm64/boot/dts/somc/../qcom/sdm845-v2.dtb: Warning (unit_address_format): /soc/interrupt-controller@0xb220000: unit name should not have leading "0x"
arch/arm64/boot/dts/somc/../qcom/sdm845-v2.dtb: Warning (unit_address_format): /reserved-memory/qseecom_region@0x8ab00000: unit name should not have leading "0x"
arch/arm64/boot/dts/somc/../qcom/sdm845-v2.dtb: Warning (unit_address_format): /reserved-memory/camera_region@0x8bf00000: unit name should not have leading "0x"
arch/arm64/boot/dts/somc/../qcom/sdm845-v2.dtb: Warning (unit_address_format): /reserved-memory/ips_fw_region@0x8c400000: unit name should not have leading "0x"
arch/arm64/boot/dts/somc/../qcom/sdm845-v2.dtb: Warning (unit_address_format): /reserved-memory/ipa_gsi_region@0x8c410000: unit name should not have leading "0x"
arch/arm64/boot/dts/somc/../qcom/sdm845-v2.dtb: Warning (unit_address_format): /reserved-memory/gpu_region@0x8c415000: unit name should not have leading "0x"
arch/arm64/boot/dts/somc/../qcom/sdm845-v2.dtb: Warning (unit_address_format): /reserved-memory/adsp_region@0x8c500000: unit name should not have leading "0x"
arch/arm64/boot/dts/somc/../qcom/sdm845-v2.dtb: Warning (unit_address_format): /reserved-memory/wlan_fw_region@0x8df00000: unit name should not have leading "0x"
arch/arm64/boot/dts/somc/../qcom/sdm845-v2.dtb: Warning (unit_address_format): /reserved-memory/modem_region@0x8e000000: unit name should not have leading "0x"
arch/arm64/boot/dts/somc/../qcom/sdm845-v2.dtb: Warning (unit_address_format): /reserved-memory/video_region@0x95800000: unit name should not have leading "0x"
arch/arm64/boot/dts/somc/../qcom/sdm845-v2.dtb: Warning (unit_address_format): /reserved-memory/cdsp_region@0x95d00000: unit name should not have leading "0x"
arch/arm64/boot/dts/somc/../qcom/sdm845-v2.dtb: Warning (unit_address_format): /reserved-memory/mba_region@0x96500000: unit name should not have leading "0x"
arch/arm64/boot/dts/somc/../qcom/sdm845-v2.dtb: Warning (unit_address_format): /reserved-memory/slpi_region@0x96700000: unit name should not have leading "0x"
arch/arm64/boot/dts/somc/../qcom/sdm845-v2.dtb: Warning (unit_address_format): /reserved-memory/pil_spss_region@0x97b00000: unit name should not have leading "0x"
arch/arm64/boot/dts/somc/../qcom/sdm845-v2.dtb: Warning (avoid_unnecessary_addr_size): /soc/qcom,mdss_mdp@ae00000: unnecessary #address-cells/#size-cells without "ranges" or child "reg" property
arch/arm64/boot/dts/somc/../qcom/sdm845-v2.dtb: Warning (avoid_unnecessary_addr_size): /soc/qcom,cci@ac4a000: unnecessary #address-cells/#size-cells without "ranges" or child "reg" property
arch/arm64/boot/dts/somc/../qcom/sdm845-v2.dtb: Warning (unique_unit_address): /soc/qcom,mdss_mdp@ae00000: duplicate unit-address (also used in node /soc/qcom,mdss_rotator@ae00000)
arch/arm64/boot/dts/somc/../qcom/sdm845-v2.dtb: Warning (unique_unit_address): /soc/i2c@880000: duplicate unit-address (also used in node /soc/spi@880000)
arch/arm64/boot/dts/somc/../qcom/sdm845-v2.dtb: Warning (unique_unit_address): /soc/i2c@884000: duplicate unit-address (also used in node /soc/spi@884000)
arch/arm64/boot/dts/somc/../qcom/sdm845-v2.dtb: Warning (unique_unit_address): /soc/i2c@888000: duplicate unit-address (also used in node /soc/spi@888000)
arch/arm64/boot/dts/somc/../qcom/sdm845-v2.dtb: Warning (unique_unit_address): /soc/i2c@88c000: duplicate unit-address (also used in node /soc/spi@88c000)
arch/arm64/boot/dts/somc/../qcom/sdm845-v2.dtb: Warning (unique_unit_address): /soc/i2c@890000: duplicate unit-address (also used in node /soc/spi@890000)
arch/arm64/boot/dts/somc/../qcom/sdm845-v2.dtb: Warning (unique_unit_address): /soc/i2c@894000: duplicate unit-address (also used in node /soc/spi@894000)
arch/arm64/boot/dts/somc/../qcom/sdm845-v2.dtb: Warning (unique_unit_address): /soc/i2c@898000: duplicate unit-address (also used in node /soc/spi@898000)
arch/arm64/boot/dts/somc/../qcom/sdm845-v2.dtb: Warning (unique_unit_address): /soc/i2c@89c000: duplicate unit-address (also used in node /soc/spi@89c000)
arch/arm64/boot/dts/somc/../qcom/sdm845-v2.dtb: Warning (unique_unit_address): /soc/i2c@a80000: duplicate unit-address (also used in node /soc/spi@a80000)
arch/arm64/boot/dts/somc/../qcom/sdm845-v2.dtb: Warning (unique_unit_address): /soc/i2c@a84000: duplicate unit-address (also used in node /soc/spi@a84000)
arch/arm64/boot/dts/somc/../qcom/sdm845-v2.dtb: Warning (unique_unit_address): /soc/i2c@a88000: duplicate unit-address (also used in node /soc/spi@a88000)
arch/arm64/boot/dts/somc/../qcom/sdm845-v2.dtb: Warning (unique_unit_address): /soc/i2c@a8c000: duplicate unit-address (also used in node /soc/spi@a8c000)
arch/arm64/boot/dts/somc/../qcom/sdm845-v2.dtb: Warning (unique_unit_address): /soc/i2c@a90000: duplicate unit-address (also used in node /soc/spi@a90000)
arch/arm64/boot/dts/somc/../qcom/sdm845-v2.dtb: Warning (unique_unit_address): /soc/i2c@a94000: duplicate unit-address (also used in node /soc/spi@a94000)
arch/arm64/boot/dts/somc/../qcom/sdm845-v2.dtb: Warning (unique_unit_address): /soc/i2c@a98000: duplicate unit-address (also used in node /soc/spi@a98000)
arch/arm64/boot/dts/somc/../qcom/sdm845-v2.dtb: Warning (unique_unit_address): /soc/i2c@a9c000: duplicate unit-address (also used in node /soc/spi@a9c000)
arch/arm64/boot/dts/somc/../qcom/sdm845-v2.dtb: Warning (unique_unit_address): /soc/qcom,gpucc@5090000: duplicate unit-address (also used in node /soc/qcom,gfxcc@5090000)
arch/arm64/boot/dts/somc/../qcom/sdm845-v2.dtb: Warning (unique_unit_address): /soc/qcom,gcc@100000: duplicate unit-address (also used in node /soc/qcom,cc-debug@100000)
arch/arm64/boot/dts/somc/../qcom/sdm845-v2.dtb: Warning (unique_unit_address): /soc/qcom,sde_rscc@af20000: duplicate unit-address (also used in node /soc/mailbox@af20000)
arch/arm64/boot/dts/somc/../qcom/sdm845-v2.dtb: Warning (unique_unit_address): /soc/qcom,smem@86000000: duplicate unit-address (also used in node /soc/qcom,glink-smem-native-xprt-modem@86000000)
arch/arm64/boot/dts/somc/../qcom/sdm845-v2.dtb: Warning (unique_unit_address): /soc/qcom,smem@86000000: duplicate unit-address (also used in node /soc/qcom,glink-smem-native-xprt-adsp@86000000)
arch/arm64/boot/dts/somc/../qcom/sdm845-v2.dtb: Warning (unique_unit_address): /soc/qcom,glink-smem-native-xprt-modem@86000000: duplicate unit-address (also used in node /soc/qcom,glink-smem-native-xprt-adsp@86000000)
arch/arm64/boot/dts/somc/../qcom/sdm845-v2.dtb: Warning (unique_unit_address): /soc/qcom,smem@86000000: duplicate unit-address (also used in node /soc/qcom,glink-smem-native-xprt-dsps@86000000)
arch/arm64/boot/dts/somc/../qcom/sdm845-v2.dtb: Warning (unique_unit_address): /soc/qcom,glink-smem-native-xprt-modem@86000000: duplicate unit-address (also used in node /soc/qcom,glink-smem-native-xprt-dsps@86000000)
arch/arm64/boot/dts/somc/../qcom/sdm845-v2.dtb: Warning (unique_unit_address): /soc/qcom,glink-smem-native-xprt-adsp@86000000: duplicate unit-address (also used in node /soc/qcom,glink-smem-native-xprt-dsps@86000000)
arch/arm64/boot/dts/somc/../qcom/sdm845-v2.dtb: Warning (unique_unit_address): /soc/qcom,smem@86000000: duplicate unit-address (also used in node /soc/qcom,glink-smem-native-xprt-cdsp@86000000)
arch/arm64/boot/dts/somc/../qcom/sdm845-v2.dtb: Warning (unique_unit_address): /soc/qcom,glink-smem-native-xprt-modem@86000000: duplicate unit-address (also used in node /soc/qcom,glink-smem-native-xprt-cdsp@86000000)
arch/arm64/boot/dts/somc/../qcom/sdm845-v2.dtb: Warning (unique_unit_address): /soc/qcom,glink-smem-native-xprt-adsp@86000000: duplicate unit-address (also used in node /soc/qcom,glink-smem-native-xprt-cdsp@86000000)
arch/arm64/boot/dts/somc/../qcom/sdm845-v2.dtb: Warning (unique_unit_address): /soc/qcom,glink-smem-native-xprt-dsps@86000000: duplicate unit-address (also used in node /soc/qcom,glink-smem-native-xprt-cdsp@86000000)
arch/arm64/boot/dts/somc/../qcom/sdm845-v2.dtb: Warning (unique_unit_address): /soc/qcedev@1de0000: duplicate unit-address (also used in node /soc/qcrypto@1de0000)
arch/arm64/boot/dts/somc/../qcom/sdm845-v2.dtb: Warning (unique_unit_address): /soc/qcom,dp_display@0: duplicate unit-address (also used in node /soc/qcom,rmtfs_sharedmem@0)
arch/arm64/boot/dts/somc/../qcom/sdm845-v2.dtb: Warning (unique_unit_address): /soc/funnel@6845000: duplicate unit-address (also used in node /soc/funnel_1@6845000)
arch/arm64/boot/dts/somc/../qcom/sdm845-v2.dtb: Warning (unique_unit_address): /soc/funnel@6861000: duplicate unit-address (also used in node /soc/funnel_1@6861000)
arch/arm64/boot/dts/somc/../qcom/sdm845-v2.dtb: Warning (unique_unit_address): /soc/jtagmm@7040000: duplicate unit-address (also used in node /soc/etm@7040000)
arch/arm64/boot/dts/somc/../qcom/sdm845-v2.dtb: Warning (unique_unit_address): /soc/jtagmm@7140000: duplicate unit-address (also used in node /soc/etm@7140000)
arch/arm64/boot/dts/somc/../qcom/sdm845-v2.dtb: Warning (unique_unit_address): /soc/jtagmm@7240000: duplicate unit-address (also used in node /soc/etm@7240000)
arch/arm64/boot/dts/somc/../qcom/sdm845-v2.dtb: Warning (unique_unit_address): /soc/jtagmm@7340000: duplicate unit-address (also used in node /soc/etm@7340000)
arch/arm64/boot/dts/somc/../qcom/sdm845-v2.dtb: Warning (unique_unit_address): /soc/jtagmm@7440000: duplicate unit-address (also used in node /soc/etm@7440000)
arch/arm64/boot/dts/somc/../qcom/sdm845-v2.dtb: Warning (unique_unit_address): /soc/jtagmm@7540000: duplicate unit-address (also used in node /soc/etm@7540000)
arch/arm64/boot/dts/somc/../qcom/sdm845-v2.dtb: Warning (unique_unit_address): /soc/jtagmm@7640000: duplicate unit-address (also used in node /soc/etm@7640000)
arch/arm64/boot/dts/somc/../qcom/sdm845-v2.dtb: Warning (unique_unit_address): /soc/jtagmm@7740000: duplicate unit-address (also used in node /soc/etm@7740000)
arch/arm64/boot/dts/somc/../qcom/sdm845-v2.dtb: Warning (unique_unit_address): /soc/qcom,smp2p-modem@1799000c: duplicate unit-address (also used in node /soc/qcom,smp2p-adsp@1799000c)
arch/arm64/boot/dts/somc/../qcom/sdm845-v2.dtb: Warning (unique_unit_address): /soc/qcom,smp2p-modem@1799000c: duplicate unit-address (also used in node /soc/qcom,smp2p-dsps@1799000c)
arch/arm64/boot/dts/somc/../qcom/sdm845-v2.dtb: Warning (unique_unit_address): /soc/qcom,smp2p-adsp@1799000c: duplicate unit-address (also used in node /soc/qcom,smp2p-dsps@1799000c)
arch/arm64/boot/dts/somc/../qcom/sdm845-v2.dtb: Warning (unique_unit_address): /soc/qcom,smp2p-modem@1799000c: duplicate unit-address (also used in node /soc/qcom,smp2p-cdsp@1799000c)
arch/arm64/boot/dts/somc/../qcom/sdm845-v2.dtb: Warning (unique_unit_address): /soc/qcom,smp2p-adsp@1799000c: duplicate unit-address (also used in node /soc/qcom,smp2p-cdsp@1799000c)
arch/arm64/boot/dts/somc/../qcom/sdm845-v2.dtb: Warning (unique_unit_address): /soc/qcom,smp2p-dsps@1799000c: duplicate unit-address (also used in node /soc/qcom,smp2p-cdsp@1799000c)
arch/arm64/boot/dts/somc/../qcom/sdm845-v2.dtb: Warning (unique_unit_address): /soc/qcom,qmp-aop@c300000: duplicate unit-address (also used in node /soc/qcom,rpm-stats@c300000)
arch/arm64/boot/dts/somc/../qcom/sdm845-v2.dtb: Warning (unique_unit_address): /soc/qcom,lpm-levels/qcom,pm-cluster@0/qcom,pm-cluster-level@0: duplicate unit-address (also used in node /soc/qcom,lpm-levels/qcom,pm-cluster@0/qcom,pm-cpu@0)
arch/arm64/boot/dts/somc/../qcom/sdm845-v2.dtb: Warning (unique_unit_address): /soc/qcom,lpm-levels/qcom,pm-cluster@0/qcom,pm-cluster-level@1: duplicate unit-address (also used in node /soc/qcom,lpm-levels/qcom,pm-cluster@0/qcom,pm-cpu@1)
arch/arm64/boot/dts/somc/../qcom/sdm845.dtb: Warning (unit_address_format): /soc/qcom,gdsc@0x16b004: unit name should not have leading "0x"
arch/arm64/boot/dts/somc/../qcom/sdm845.dtb: Warning (unit_address_format): /soc/qcom,gdsc@0x18d004: unit name should not have leading "0x"
arch/arm64/boot/dts/somc/../qcom/sdm845.dtb: Warning (unit_address_format): /soc/qcom,gdsc@0x175004: unit name should not have leading "0x"
arch/arm64/boot/dts/somc/../qcom/sdm845.dtb: Warning (unit_address_format): /soc/qcom,gdsc@0x177004: unit name should not have leading "0x"
arch/arm64/boot/dts/somc/../qcom/sdm845.dtb: Warning (unit_address_format): /soc/qcom,gdsc@0x10f004: unit name should not have leading "0x"
arch/arm64/boot/dts/somc/../qcom/sdm845.dtb: Warning (unit_address_format): /soc/qcom,gdsc@0x110004: unit name should not have leading "0x"
arch/arm64/boot/dts/somc/../qcom/sdm845.dtb: Warning (unit_address_format): /soc/qcom,gdsc@0x17d030: unit name should not have leading "0x"
arch/arm64/boot/dts/somc/../qcom/sdm845.dtb: Warning (unit_address_format): /soc/qcom,gdsc@0x17d03c: unit name should not have leading "0x"
arch/arm64/boot/dts/somc/../qcom/sdm845.dtb: Warning (unit_address_format): /soc/qcom,gdsc@0x17d034: unit name should not have leading "0x"
arch/arm64/boot/dts/somc/../qcom/sdm845.dtb: Warning (unit_address_format): /soc/qcom,gdsc@0x17d038: unit name should not have leading "0x"
arch/arm64/boot/dts/somc/../qcom/sdm845.dtb: Warning (unit_address_format): /soc/qcom,gdsc@0x17d040: unit name should not have leading "0x"
arch/arm64/boot/dts/somc/../qcom/sdm845.dtb: Warning (unit_address_format): /soc/qcom,gdsc@0x17d048: unit name should not have leading "0x"
arch/arm64/boot/dts/somc/../qcom/sdm845.dtb: Warning (unit_address_format): /soc/qcom,gdsc@0x17d044: unit name should not have leading "0x"
arch/arm64/boot/dts/somc/../qcom/sdm845.dtb: Warning (unit_address_format): /soc/qcom,gdsc@0xad06004: unit name should not have leading "0x"
arch/arm64/boot/dts/somc/../qcom/sdm845.dtb: Warning (unit_address_format): /soc/qcom,gdsc@0xad09004: unit name should not have leading "0x"
arch/arm64/boot/dts/somc/../qcom/sdm845.dtb: Warning (unit_address_format): /soc/qcom,gdsc@0xad0a004: unit name should not have leading "0x"
arch/arm64/boot/dts/somc/../qcom/sdm845.dtb: Warning (unit_address_format): /soc/qcom,gdsc@0xad07004: unit name should not have leading "0x"
arch/arm64/boot/dts/somc/../qcom/sdm845.dtb: Warning (unit_address_format): /soc/qcom,gdsc@0xad08004: unit name should not have leading "0x"
arch/arm64/boot/dts/somc/../qcom/sdm845.dtb: Warning (unit_address_format): /soc/qcom,gdsc@0xad0b134: unit name should not have leading "0x"
arch/arm64/boot/dts/somc/../qcom/sdm845.dtb: Warning (unit_address_format): /soc/qcom,gdsc@0xaf03000: unit name should not have leading "0x"
arch/arm64/boot/dts/somc/../qcom/sdm845.dtb: Warning (unit_address_format): /soc/syscon@0x5091540: unit name should not have leading "0x"
arch/arm64/boot/dts/somc/../qcom/sdm845.dtb: Warning (unit_address_format): /soc/qcom,gdsc@0x509106c: unit name should not have leading "0x"
arch/arm64/boot/dts/somc/../qcom/sdm845.dtb: Warning (unit_address_format): /soc/qcom,gdsc@0x509100c: unit name should not have leading "0x"
arch/arm64/boot/dts/somc/../qcom/sdm845.dtb: Warning (unit_address_format): /soc/qcom,gdsc@0xab00874: unit name should not have leading "0x"
arch/arm64/boot/dts/somc/../qcom/sdm845.dtb: Warning (unit_address_format): /soc/qcom,gdsc@0xab008b4: unit name should not have leading "0x"
arch/arm64/boot/dts/somc/../qcom/sdm845.dtb: Warning (unit_address_format): /soc/qcom,gdsc@0xab00814: unit name should not have leading "0x"
arch/arm64/boot/dts/somc/../qcom/sdm845.dtb: Warning (unit_address_format): /soc/qcom,qup_uart@0x898000: unit name should not have leading "0x"
arch/arm64/boot/dts/somc/../qcom/sdm845.dtb: Warning (unit_address_format): /soc/qcom,qup_uart@0x89c000: unit name should not have leading "0x"
arch/arm64/boot/dts/somc/../qcom/sdm845.dtb: Warning (unit_address_format): /soc/qcom,qup_uart@0xa84000: unit name should not have leading "0x"
arch/arm64/boot/dts/somc/../qcom/sdm845.dtb: Warning (unit_address_format): /soc/qcom,qup_uart@0xa88000: unit name should not have leading "0x"
arch/arm64/boot/dts/somc/../qcom/sdm845.dtb: Warning (unit_address_format): /soc/timer@0x17C90000: unit name should not have leading "0x"
arch/arm64/boot/dts/somc/../qcom/sdm845.dtb: Warning (unit_address_format): /soc/timer@0x17C90000/frame@0x17CA0000: unit name should not have leading "0x"
arch/arm64/boot/dts/somc/../qcom/sdm845.dtb: Warning (unit_address_format): /soc/qcom,cpucc@0x17d41000: unit name should not have leading "0x"
arch/arm64/boot/dts/somc/../qcom/sdm845.dtb: Warning (unit_address_format): /soc/qcom,mpm2-sleep-counter@0x0c221000: unit name should not have leading "0x"
arch/arm64/boot/dts/somc/../qcom/sdm845.dtb: Warning (unit_address_format): /soc/qcom,mpm2-sleep-counter@0x0c221000: unit name should not have leading 0s
arch/arm64/boot/dts/somc/../qcom/sdm845.dtb: Warning (unit_address_format): /soc/qcom,ipa@01e00000: unit name should not have leading 0s
arch/arm64/boot/dts/somc/../qcom/sdm845.dtb: Warning (unit_address_format): /soc/qcom,gpi-dma@0x800000: unit name should not have leading "0x"
arch/arm64/boot/dts/somc/../qcom/sdm845.dtb: Warning (unit_address_format): /soc/qcom,gpi-dma@0xa00000: unit name should not have leading "0x"
arch/arm64/boot/dts/somc/../qcom/sdm845.dtb: Warning (unit_address_format): /soc/msm_tspp@0x8880000: unit name should not have leading "0x"
arch/arm64/boot/dts/somc/../qcom/sdm845.dtb: Warning (unit_address_format): /soc/funnel@0x6b08000: unit name should not have leading "0x"
arch/arm64/boot/dts/somc/../qcom/sdm845.dtb: Warning (unit_address_format): /soc/hwevent@0x014066f0: unit name should not have leading "0x"
arch/arm64/boot/dts/somc/../qcom/sdm845.dtb: Warning (unit_address_format): /soc/hwevent@0x014066f0: unit name should not have leading 0s
arch/arm64/boot/dts/somc/../qcom/sdm845.dtb: Warning (unit_address_format): /soc/funnel@0x6041000: unit name should not have leading "0x"
arch/arm64/boot/dts/somc/../qcom/sdm845.dtb: Warning (unit_address_format): /soc/funnel@0x6043000: unit name should not have leading "0x"
arch/arm64/boot/dts/somc/../qcom/sdm845.dtb: Warning (unit_address_format): /soc/funnel@0x6943000: unit name should not have leading "0x"
arch/arm64/boot/dts/somc/../qcom/sdm845.dtb: Warning (unit_address_format): /soc/apps-smmu@0x15000000: unit name should not have leading "0x"
arch/arm64/boot/dts/somc/../qcom/sdm845.dtb: Warning (unit_address_format): /soc/apps-smmu@0x15000000/anoc_1_tbu@0x150c5000: unit name should not have leading "0x"
arch/arm64/boot/dts/somc/../qcom/sdm845.dtb: Warning (unit_address_format): /soc/apps-smmu@0x15000000/anoc_2_tbu@0x150c9000: unit name should not have leading "0x"
arch/arm64/boot/dts/somc/../qcom/sdm845.dtb: Warning (unit_address_format): /soc/apps-smmu@0x15000000/mnoc_hf_0_tbu@0x150cd000: unit name should not have leading "0x"
arch/arm64/boot/dts/somc/../qcom/sdm845.dtb: Warning (unit_address_format): /soc/apps-smmu@0x15000000/mnoc_hf_1_tbu@0x150d1000: unit name should not have leading "0x"
arch/arm64/boot/dts/somc/../qcom/sdm845.dtb: Warning (unit_address_format): /soc/apps-smmu@0x15000000/mnoc_sf_0_tbu@0x150d5000: unit name should not have leading "0x"
arch/arm64/boot/dts/somc/../qcom/sdm845.dtb: Warning (unit_address_format): /soc/apps-smmu@0x15000000/compute_dsp_tbu@0x150d9000: unit name should not have leading "0x"
arch/arm64/boot/dts/somc/../qcom/sdm845.dtb: Warning (unit_address_format): /soc/apps-smmu@0x15000000/adsp_tbu@0x150dd000: unit name should not have leading "0x"
arch/arm64/boot/dts/somc/../qcom/sdm845.dtb: Warning (unit_address_format): /soc/apps-smmu@0x15000000/anoc_1_pcie_tbu@0x150e1000: unit name should not have leading "0x"
arch/arm64/boot/dts/somc/../qcom/sdm845.dtb: Warning (unit_address_format): /soc/qcom,jpegdma@0xac52000: unit name should not have leading "0x"
arch/arm64/boot/dts/somc/../qcom/sdm845.dtb: Warning (unit_address_format): /soc/pinctrl@03400000: unit name should not have leading 0s
arch/arm64/boot/dts/somc/../qcom/sdm845.dtb: Warning (unit_address_format): /soc/qcom,pcie@0x1c00000: unit name should not have leading "0x"
arch/arm64/boot/dts/somc/../qcom/sdm845.dtb: Warning (unit_address_format): /soc/qcom,pcie@0x1c08000: unit name should not have leading "0x"
arch/arm64/boot/dts/somc/../qcom/sdm845.dtb: Warning (unit_address_format): /reserved-memory/qseecom_region@0x8ab00000: unit name should not have leading "0x"
arch/arm64/boot/dts/somc/../qcom/sdm845.dtb: Warning (unit_address_format): /reserved-memory/camera_region@0x8bf00000: unit name should not have leading "0x"
arch/arm64/boot/dts/somc/../qcom/sdm845.dtb: Warning (unit_address_format): /reserved-memory/ips_fw_region@0x8c400000: unit name should not have leading "0x"
arch/arm64/boot/dts/somc/../qcom/sdm845.dtb: Warning (unit_address_format): /reserved-memory/ipa_gsi_region@0x8c410000: unit name should not have leading "0x"
arch/arm64/boot/dts/somc/../qcom/sdm845.dtb: Warning (unit_address_format): /reserved-memory/gpu_region@0x8c415000: unit name should not have leading "0x"
arch/arm64/boot/dts/somc/../qcom/sdm845.dtb: Warning (unit_address_format): /reserved-memory/adsp_region@0x8c500000: unit name should not have leading "0x"
arch/arm64/boot/dts/somc/../qcom/sdm845.dtb: Warning (unit_address_format): /reserved-memory/wlan_fw_region@0x8df00000: unit name should not have leading "0x"
arch/arm64/boot/dts/somc/../qcom/sdm845.dtb: Warning (unit_address_format): /reserved-memory/modem_region@0x8e000000: unit name should not have leading "0x"
arch/arm64/boot/dts/somc/../qcom/sdm845.dtb: Warning (unit_address_format): /reserved-memory/video_region@0x95800000: unit name should not have leading "0x"
arch/arm64/boot/dts/somc/../qcom/sdm845.dtb: Warning (unit_address_format): /reserved-memory/cdsp_region@0x95d00000: unit name should not have leading "0x"
arch/arm64/boot/dts/somc/../qcom/sdm845.dtb: Warning (unit_address_format): /reserved-memory/mba_region@0x96500000: unit name should not have leading "0x"
arch/arm64/boot/dts/somc/../qcom/sdm845.dtb: Warning (unit_address_format): /reserved-memory/slpi_region@0x96700000: unit name should not have leading "0x"
arch/arm64/boot/dts/somc/../qcom/sdm845.dtb: Warning (unit_address_format): /reserved-memory/pil_spss_region@0x97b00000: unit name should not have leading "0x"
arch/arm64/boot/dts/somc/../qcom/sdm845.dtb: Warning (avoid_unnecessary_addr_size): /soc/qcom,mdss_mdp@ae00000: unnecessary #address-cells/#size-cells without "ranges" or child "reg" property
arch/arm64/boot/dts/somc/../qcom/sdm845.dtb: Warning (avoid_unnecessary_addr_size): /soc/qcom,cci@ac4a000: unnecessary #address-cells/#size-cells without "ranges" or child "reg" property
arch/arm64/boot/dts/somc/../qcom/sdm845.dtb: Warning (unique_unit_address): /soc/qcom,mdss_mdp@ae00000: duplicate unit-address (also used in node /soc/qcom,mdss_rotator@ae00000)
arch/arm64/boot/dts/somc/../qcom/sdm845.dtb: Warning (unique_unit_address): /soc/i2c@880000: duplicate unit-address (also used in node /soc/spi@880000)
arch/arm64/boot/dts/somc/../qcom/sdm845.dtb: Warning (unique_unit_address): /soc/i2c@884000: duplicate unit-address (also used in node /soc/spi@884000)
arch/arm64/boot/dts/somc/../qcom/sdm845.dtb: Warning (unique_unit_address): /soc/i2c@888000: duplicate unit-address (also used in node /soc/spi@888000)
arch/arm64/boot/dts/somc/../qcom/sdm845.dtb: Warning (unique_unit_address): /soc/i2c@88c000: duplicate unit-address (also used in node /soc/spi@88c000)
arch/arm64/boot/dts/somc/../qcom/sdm845.dtb: Warning (unique_unit_address): /soc/i2c@890000: duplicate unit-address (also used in node /soc/spi@890000)
arch/arm64/boot/dts/somc/../qcom/sdm845.dtb: Warning (unique_unit_address): /soc/i2c@894000: duplicate unit-address (also used in node /soc/spi@894000)
arch/arm64/boot/dts/somc/../qcom/sdm845.dtb: Warning (unique_unit_address): /soc/i2c@898000: duplicate unit-address (also used in node /soc/spi@898000)
arch/arm64/boot/dts/somc/../qcom/sdm845.dtb: Warning (unique_unit_address): /soc/i2c@89c000: duplicate unit-address (also used in node /soc/spi@89c000)
arch/arm64/boot/dts/somc/../qcom/sdm845.dtb: Warning (unique_unit_address): /soc/i2c@a80000: duplicate unit-address (also used in node /soc/spi@a80000)
arch/arm64/boot/dts/somc/../qcom/sdm845.dtb: Warning (unique_unit_address): /soc/i2c@a84000: duplicate unit-address (also used in node /soc/spi@a84000)
arch/arm64/boot/dts/somc/../qcom/sdm845.dtb: Warning (unique_unit_address): /soc/i2c@a88000: duplicate unit-address (also used in node /soc/spi@a88000)
arch/arm64/boot/dts/somc/../qcom/sdm845.dtb: Warning (unique_unit_address): /soc/i2c@a8c000: duplicate unit-address (also used in node /soc/spi@a8c000)
arch/arm64/boot/dts/somc/../qcom/sdm845.dtb: Warning (unique_unit_address): /soc/i2c@a90000: duplicate unit-address (also used in node /soc/spi@a90000)
arch/arm64/boot/dts/somc/../qcom/sdm845.dtb: Warning (unique_unit_address): /soc/i2c@a94000: duplicate unit-address (also used in node /soc/spi@a94000)
arch/arm64/boot/dts/somc/../qcom/sdm845.dtb: Warning (unique_unit_address): /soc/i2c@a98000: duplicate unit-address (also used in node /soc/spi@a98000)
arch/arm64/boot/dts/somc/../qcom/sdm845.dtb: Warning (unique_unit_address): /soc/i2c@a9c000: duplicate unit-address (also used in node /soc/spi@a9c000)
arch/arm64/boot/dts/somc/../qcom/sdm845.dtb: Warning (unique_unit_address): /soc/qcom,gpucc@5090000: duplicate unit-address (also used in node /soc/qcom,gfxcc@5090000)
arch/arm64/boot/dts/somc/../qcom/sdm845.dtb: Warning (unique_unit_address): /soc/qcom,gcc@100000: duplicate unit-address (also used in node /soc/qcom,cc-debug@100000)
arch/arm64/boot/dts/somc/../qcom/sdm845.dtb: Warning (unique_unit_address): /soc/qcom,sde_rscc@af20000: duplicate unit-address (also used in node /soc/mailbox@af20000)
arch/arm64/boot/dts/somc/../qcom/sdm845.dtb: Warning (unique_unit_address): /soc/qcom,smem@86000000: duplicate unit-address (also used in node /soc/qcom,glink-smem-native-xprt-modem@86000000)
arch/arm64/boot/dts/somc/../qcom/sdm845.dtb: Warning (unique_unit_address): /soc/qcom,smem@86000000: duplicate unit-address (also used in node /soc/qcom,glink-smem-native-xprt-adsp@86000000)arch/arm64/boot/dts/somc/../qcom/sdm845-v2.1.dtb: Warning (graph_port): 
/soc/replicator@6046000/ports/port@1arch/arm64/boot/dts/somc/../qcom/sdm845.dtb: Warning (unique_unit_address): : /soc/qcom,glink-smem-native-xprt-modem@86000000graph node unit address error, expected "0": 
duplicate unit-address (also used in node /soc/qcom,glink-smem-native-xprt-adsp@86000000)
arch/arm64/boot/dts/somc/../qcom/sdm845-v2.1.dtb: Warning (graph_port): /soc/replicator@6b0a000/ports/port@2: arch/arm64/boot/dts/somc/../qcom/sdm845.dtb: Warning (unique_unit_address): graph node unit address error, expected "0"/soc/qcom,smem@86000000
: duplicate unit-address (also used in node /soc/qcom,glink-smem-native-xprt-dsps@86000000)arch/arm64/boot/dts/somc/../qcom/sdm845-v2.1.dtb: Warning (graph_port): 
/soc/tmc@6b09000/ports/port@1arch/arm64/boot/dts/somc/../qcom/sdm845.dtb: Warning (unique_unit_address): : /soc/qcom,glink-smem-native-xprt-modem@86000000graph node unit address error, expected "0": 
duplicate unit-address (also used in node /soc/qcom,glink-smem-native-xprt-dsps@86000000)arch/arm64/boot/dts/somc/../qcom/sdm845-v2.1.dtb: Warning (graph_port): 
/soc/funnel@0x6b08000/ports/port@1arch/arm64/boot/dts/somc/../qcom/sdm845.dtb: Warning (unique_unit_address): : /soc/qcom,glink-smem-native-xprt-adsp@86000000graph node unit address error, expected "6": 
duplicate unit-address (also used in node /soc/qcom,glink-smem-native-xprt-dsps@86000000)arch/arm64/boot/dts/somc/../qcom/sdm845-v2.1.dtb: Warning (graph_port): 
/soc/funnel@0x6b08000/ports/port@2: graph node unit address error, expected "7"
arch/arm64/boot/dts/somc/../qcom/sdm845.dtb: Warning (unique_unit_address): arch/arm64/boot/dts/somc/../qcom/sdm845-v2.1.dtb: Warning (graph_port): /soc/qcom,smem@86000000/soc/tpda@6b01000/ports/port@1: : duplicate unit-address (also used in node /soc/qcom,glink-smem-native-xprt-cdsp@86000000)graph node unit address error, expected "0"

arch/arm64/boot/dts/somc/../qcom/sdm845.dtb: Warning (unique_unit_address): arch/arm64/boot/dts/somc/../qcom/sdm845-v2.1.dtb: Warning (graph_port): /soc/qcom,glink-smem-native-xprt-modem@86000000/soc/tpda@6b01000/ports/port@2: : duplicate unit-address (also used in node /soc/qcom,glink-smem-native-xprt-cdsp@86000000)graph node unit address error, expected "1"

arch/arm64/boot/dts/somc/../qcom/sdm845.dtb: Warning (unique_unit_address): /soc/qcom,glink-smem-native-xprt-adsp@86000000: arch/arm64/boot/dts/somc/../qcom/sdm845-v2.1.dtb: Warning (graph_port): duplicate unit-address (also used in node /soc/qcom,glink-smem-native-xprt-cdsp@86000000)/soc/funnel@6045000/ports/port@1
: arch/arm64/boot/dts/somc/../qcom/sdm845.dtb: Warning (unique_unit_address): graph node unit address error, expected "0"/soc/qcom,glink-smem-native-xprt-dsps@86000000
: duplicate unit-address (also used in node /soc/qcom,glink-smem-native-xprt-cdsp@86000000)arch/arm64/boot/dts/somc/../qcom/sdm845-v2.1.dtb: Warning (graph_port): 
/soc/funnel@0x6041000/ports/port@1: graph node unit address error, expected "3"
arch/arm64/boot/dts/somc/../qcom/sdm845-v2.1.dtb: Warning (graph_port): /soc/funnel@0x6041000/ports/port@2: graph node unit address error, expected "6"
arch/arm64/boot/dts/somc/../qcom/sdm845-v2.1.dtb: Warning (graph_port): /soc/funnel@0x6041000/ports/port@3: graph node unit address error, expected "7"
arch/arm64/boot/dts/somc/../qcom/sdm845-v2.1.dtb: Warning (graph_port): /soc/funnel@0x6043000/ports/port@1: arch/arm64/boot/dts/somc/../qcom/sdm845.dtb: Warning (unique_unit_address): graph node unit address error, expected "0"/soc/qcedev@1de0000
: arch/arm64/boot/dts/somc/../qcom/sdm845-v2.1.dtb: Warning (graph_port): duplicate unit-address (also used in node /soc/qcrypto@1de0000)/soc/funnel@0x6043000/ports/port@2
: graph node unit address error, expected "1"arch/arm64/boot/dts/somc/../qcom/sdm845.dtb: Warning (unique_unit_address): 
/soc/qcom,dp_display@0arch/arm64/boot/dts/somc/../qcom/sdm845-v2.1.dtb: Warning (graph_port): : /soc/funnel@0x6043000/ports/port@3duplicate unit-address (also used in node /soc/qcom,rmtfs_sharedmem@0): 
graph node unit address error, expected "2"
arch/arm64/boot/dts/somc/../qcom/sdm845-v2.1.dtb: Warning (graph_port): /soc/funnel@0x6043000/ports/port@4: graph node unit address error, expected "5"
arch/arm64/boot/dts/somc/../qcom/sdm845-v2.1.dtb: Warning (graph_port): /soc/funnel@0x6043000/ports/port@5: graph node unit address error, expected "6"
arch/arm64/boot/dts/somc/../qcom/sdm845-v2.1.dtb: Warning (graph_port): /soc/funnel@0x6943000/ports/port@1: graph node unit address error, expected "0"
arch/arm64/boot/dts/somc/../qcom/sdm845-v2.1.dtb: Warning (graph_port): /soc/funnel@0x6943000/ports/port@2: graph node unit address error, expected "1"
arch/arm64/boot/dts/somc/../qcom/sdm845-v2.1.dtb: Warning (graph_port): /soc/tpda@6004000/ports/port@1: graph node unit address error, expected "0"
arch/arm64/boot/dts/somc/../qcom/sdm845-v2.1.dtb: Warning (graph_port): /soc/tpda@6004000/ports/port@4: graph node unit address error, expected "5"
arch/arm64/boot/dts/somc/../qcom/sdm845-v2.1.dtb: Warning (graph_port): /soc/tpda@6004000/ports/port@5: graph node unit address error, expected "6"
arch/arm64/boot/dts/somc/../qcom/sdm845-v2.1.dtb: Warning (graph_port): /soc/tpda@6004000/ports/port@6: graph node unit address error, expected "7"
arch/arm64/boot/dts/somc/../qcom/sdm845-v2.1.dtb: Warning (graph_port): /soc/tpda@6004000/ports/port@7: graph node unit address error, expected "9"
arch/arm64/boot/dts/somc/../qcom/sdm845-v2.1.dtb: Warning (graph_port): /soc/tpda@6004000/ports/port@8: graph node unit address error, expected "a"
arch/arm64/boot/dts/somc/../qcom/sdm845-v2.1.dtb: Warning (graph_port): /soc/tpda@6004000/ports/port@9: graph node unit address error, expected "b"
arch/arm64/boot/dts/somc/../qcom/sdm845-v2.1.dtb: Warning (graph_port): /soc/tpda@6004000/ports/port@10: graph node unit address error, expected "d"
arch/arm64/boot/dts/somc/../qcom/sdm845-v2.1.dtb: Warning (graph_port): /soc/funnel@6832000/ports/port@1: graph node unit address error, expected "0"
arch/arm64/boot/dts/somc/../qcom/sdm845-v2.1.dtb: Warning (graph_port): /soc/tpda@6831000/ports/port@1: graph node unit address error, expected "0"
arch/arm64/boot/dts/somc/../qcom/sdm845-v2.1.dtb: Warning (graph_port): /soc/funnel@6845000/ports/port@1: graph node unit address error, expected "0"
arch/arm64/boot/dts/somc/../qcom/sdm845-v2.1.dtb: Warning (graph_port): /soc/tpda@7862000/ports/port@1: graph node unit address error, expected "0"
arch/arm64/boot/dts/somc/../qcom/sdm845-v2.1.dtb: Warning (graph_port): /soc/tpda@78c0000/ports/port@1: graph node unit address error, expected "0"
arch/arm64/boot/dts/somc/../qcom/sdm845-v2.1.dtb: Warning (graph_port): /soc/tpda@78d0000/ports/port@1: graph node unit address error, expected "0"
arch/arm64/boot/dts/somc/../qcom/sdm845-v2.1.dtb: Warning (graph_port): /soc/funnel@6861000/ports/port@1: graph node unit address error, expected "0"
arch/arm64/boot/dts/somc/../qcom/sdm845-v2.1.dtb: Warning (graph_port): /soc/funnel@69e2000/ports/port@1: graph node unit address error, expected "0"
arch/arm64/boot/dts/somc/../qcom/sdm845-v2.1.dtb: Warning (graph_port): /soc/tpda@7832000/ports/port@1: graph node unit address error, expected "0"
arch/arm64/boot/dts/somc/../qcom/sdm845-v2.1.dtb: Warning (graph_port): /soc/tpda@6882000/ports/port@1: graph node unit address error, expected "0"
arch/arm64/boot/dts/somc/../qcom/sdm845-v2.1.dtb: Warning (graph_port): /soc/funnel@6883000/ports/port@1: graph node unit address error, expected "0"
arch/arm64/boot/dts/somc/../qcom/sdm845-v2.1.dtb: Warning (graph_port): /soc/funnel@6883000/ports/port@2: graph node unit address error, expected "1"
arch/arm64/boot/dts/somc/../qcom/sdm845-v2.1.dtb: Warning (graph_port): /soc/funnel@6005000/ports/port@1: graph node unit address error, expected "0"
arch/arm64/boot/dts/somc/../qcom/sdm845-v2.1.dtb: Warning (graph_port): /soc/funnel@6005000/ports/port@2: graph node unit address error, expected "6"
arch/arm64/boot/dts/somc/../qcom/sdm845-v2.1.dtb: Warning (graph_port): /soc/funnel@6005000/ports/port@3: graph node unit address error, expected "7"
arch/arm64/boot/dts/somc/../qcom/sdm845-v2.1.dtb: Warning (graph_port): /soc/funnel@7810000/ports/port@1: graph node unit address error, expected "0"
arch/arm64/boot/dts/somc/../qcom/sdm845-v2.1.dtb: Warning (graph_port): /soc/funnel@7810000/ports/port@3: graph node unit address error, expected "4"
arch/arm64/boot/dts/somc/../qcom/sdm845-v2.1.dtb: Warning (graph_port): /soc/funnel@7810000/ports/port@4arch/arm64/boot/dts/somc/../qcom/sdm845.dtb: Warning (unique_unit_address): : /soc/funnel@6845000graph node unit address error, expected "5": 
duplicate unit-address (also used in node /soc/funnel_1@6845000)arch/arm64/boot/dts/somc/../qcom/sdm845-v2.1.dtb: Warning (graph_port): 
/soc/funnel@7810000/ports/port@5: graph node unit address error, expected "6"
arch/arm64/boot/dts/somc/../qcom/sdm845-v2.1.dtb: Warning (graph_port): /soc/funnel@7800000/ports/port@1: graph node unit address error, expected "0"
arch/arm64/boot/dts/somc/../qcom/sdm845-v2.1.dtb: Warning (graph_port): /soc/funnel@7800000/ports/port@2: graph node unit address error, expected "1"
arch/arm64/boot/dts/somc/../qcom/sdm845-v2.1.dtb: Warning (graph_port): /soc/funnel@7800000/ports/port@3: graph node unit address error, expected "2"
arch/arm64/boot/dts/somc/../qcom/sdm845-v2.1.dtb: Warning (graph_port): /soc/funnel@7800000/ports/port@4: graph node unit address error, expected "3"
arch/arm64/boot/dts/somc/../qcom/sdm845-v2.1.dtb: Warning (graph_port): /soc/funnel@7800000/ports/port@5: graph node unit address error, expected "4"
arch/arm64/boot/dts/somc/../qcom/sdm845-v2.1.dtb: Warning (graph_port): /soc/funnel@7800000/ports/port@6: graph node unit address error, expected "5"
arch/arm64/boot/dts/somc/../qcom/sdm845-v2.1.dtb: Warning (graph_port): /soc/funnel@7800000/ports/port@7: graph node unit address error, expected "6"
arch/arm64/boot/dts/somc/../qcom/sdm845-v2.1.dtb: Warning (graph_port): /soc/funnel@7800000/ports/port@8: graph node unit address error, expected "7"
arch/arm64/boot/dts/somc/../qcom/sdm845.dtb: Warning (unique_unit_address): /soc/funnel@6861000: duplicate unit-address (also used in node /soc/funnel_1@6861000)
arch/arm64/boot/dts/somc/../qcom/sdm845.dtb: Warning (unique_unit_address): /soc/jtagmm@7040000: duplicate unit-address (also used in node /soc/etm@7040000)
arch/arm64/boot/dts/somc/../qcom/sdm845.dtb: Warning (unique_unit_address): /soc/jtagmm@7140000: duplicate unit-address (also used in node /soc/etm@7140000)
arch/arm64/boot/dts/somc/../qcom/sdm845.dtb: Warning (unique_unit_address): /soc/jtagmm@7240000: duplicate unit-address (also used in node /soc/etm@7240000)
arch/arm64/boot/dts/somc/../qcom/sdm845.dtb: Warning (unique_unit_address): /soc/jtagmm@7340000: duplicate unit-address (also used in node /soc/etm@7340000)
arch/arm64/boot/dts/somc/../qcom/sdm845.dtb: Warning (unique_unit_address): /soc/jtagmm@7440000: duplicate unit-address (also used in node /soc/etm@7440000)
arch/arm64/boot/dts/somc/../qcom/sdm845.dtb: Warning (unique_unit_address): /soc/jtagmm@7540000: duplicate unit-address (also used in node /soc/etm@7540000)
arch/arm64/boot/dts/somc/../qcom/sdm845.dtb: Warning (unique_unit_address): /soc/jtagmm@7640000: duplicate unit-address (also used in node /soc/etm@7640000)
arch/arm64/boot/dts/somc/../qcom/sdm845.dtb: Warning (unique_unit_address): /soc/jtagmm@7740000: duplicate unit-address (also used in node /soc/etm@7740000)
arch/arm64/boot/dts/somc/../qcom/sdm845.dtb: Warning (unique_unit_address): /soc/qcom,smp2p-modem@1799000c: duplicate unit-address (also used in node /soc/qcom,smp2p-adsp@1799000c)
arch/arm64/boot/dts/somc/../qcom/sdm845.dtb: Warning (unique_unit_address): /soc/qcom,smp2p-modem@1799000c: duplicate unit-address (also used in node /soc/qcom,smp2p-dsps@1799000c)
arch/arm64/boot/dts/somc/../qcom/sdm845.dtb: Warning (unique_unit_address): /soc/qcom,smp2p-adsp@1799000c: duplicate unit-address (also used in node /soc/qcom,smp2p-dsps@1799000c)
arch/arm64/boot/dts/somc/../qcom/sdm845.dtb: Warning (unique_unit_address): /soc/qcom,smp2p-modem@1799000c: duplicate unit-address (also used in node /soc/qcom,smp2p-cdsp@1799000c)
arch/arm64/boot/dts/somc/../qcom/sdm845.dtb: Warning (unique_unit_address): /soc/qcom,smp2p-adsp@1799000c: duplicate unit-address (also used in node /soc/qcom,smp2p-cdsp@1799000c)
arch/arm64/boot/dts/somc/../qcom/sdm845.dtb: Warning (unique_unit_address): /soc/qcom,smp2p-dsps@1799000c: duplicate unit-address (also used in node /soc/qcom,smp2p-cdsp@1799000c)
arch/arm64/boot/dts/somc/../qcom/sdm845.dtb: Warning (unique_unit_address): /soc/qcom,qmp-aop@c300000: duplicate unit-address (also used in node /soc/qcom,rpm-stats@c300000)
arch/arm64/boot/dts/somc/../qcom/sdm845.dtb: Warning (unique_unit_address): /soc/qcom,lpm-levels/qcom,pm-cluster@0/qcom,pm-cluster-level@0: duplicate unit-address (also used in node /soc/qcom,lpm-levels/qcom,pm-cluster@0/qcom,pm-cpu@0)
arch/arm64/boot/dts/somc/../qcom/sdm845.dtb: Warning (unique_unit_address): /soc/qcom,lpm-levels/qcom,pm-cluster@0/qcom,pm-cluster-level@1: duplicate unit-address (also used in node /soc/qcom,lpm-levels/qcom,pm-cluster@0/qcom,pm-cpu@1)
arch/arm64/boot/dts/somc/../qcom/sdm845-v2.dtb: Warning (graph_port): /soc/replicator@6046000/ports/port@1: graph node unit address error, expected "0"
arch/arm64/boot/dts/somc/../qcom/sdm845-v2.dtb: Warning (graph_port): /soc/replicator@6b0a000/ports/port@2: graph node unit address error, expected "0"
arch/arm64/boot/dts/somc/../qcom/sdm845-v2.dtb: Warning (graph_port): /soc/tmc@6b09000/ports/port@1: graph node unit address error, expected "0"
arch/arm64/boot/dts/somc/../qcom/sdm845-v2.dtb: Warning (graph_port): /soc/funnel@0x6b08000/ports/port@1: graph node unit address error, expected "6"
arch/arm64/boot/dts/somc/../qcom/sdm845-v2.dtb: Warning (graph_port): /soc/funnel@0x6b08000/ports/port@2: graph node unit address error, expected "7"
arch/arm64/boot/dts/somc/../qcom/sdm845-v2.dtb: Warning (graph_port): /soc/tpda@6b01000/ports/port@1: graph node unit address error, expected "0"
arch/arm64/boot/dts/somc/../qcom/sdm845-v2.dtb: Warning (graph_port): /soc/tpda@6b01000/ports/port@2: graph node unit address error, expected "1"
arch/arm64/boot/dts/somc/../qcom/sdm845-v2.dtb: Warning (graph_port): /soc/funnel@6045000/ports/port@1: graph node unit address error, expected "0"
arch/arm64/boot/dts/somc/../qcom/sdm845-v2.dtb: Warning (graph_port): /soc/funnel@0x6041000/ports/port@1: graph node unit address error, expected "3"
arch/arm64/boot/dts/somc/../qcom/sdm845-v2.dtb: Warning (graph_port): /soc/funnel@0x6041000/ports/port@2: graph node unit address error, expected "6"
arch/arm64/boot/dts/somc/../qcom/sdm845-v2.dtb: Warning (graph_port): /soc/funnel@0x6041000/ports/port@3: graph node unit address error, expected "7"
arch/arm64/boot/dts/somc/../qcom/sdm845-v2.dtb: Warning (graph_port): /soc/funnel@0x6043000/ports/port@1: graph node unit address error, expected "0"
arch/arm64/boot/dts/somc/../qcom/sdm845-v2.dtb: Warning (graph_port): /soc/funnel@0x6043000/ports/port@2: graph node unit address error, expected "1"
arch/arm64/boot/dts/somc/../qcom/sdm845-v2.dtb: Warning (graph_port): /soc/funnel@0x6043000/ports/port@3: graph node unit address error, expected "2"
arch/arm64/boot/dts/somc/../qcom/sdm845-v2.dtb: Warning (graph_port): /soc/funnel@0x6043000/ports/port@4: graph node unit address error, expected "5"
arch/arm64/boot/dts/somc/../qcom/sdm845-v2.dtb: Warning (graph_port): /soc/funnel@0x6043000/ports/port@5: graph node unit address error, expected "6"
arch/arm64/boot/dts/somc/../qcom/sdm845-v2.dtb: Warning (graph_port): /soc/funnel@0x6943000/ports/port@1: graph node unit address error, expected "0"
arch/arm64/boot/dts/somc/../qcom/sdm845-v2.dtb: Warning (graph_port): /soc/funnel@0x6943000/ports/port@2: graph node unit address error, expected "1"
arch/arm64/boot/dts/somc/../qcom/sdm845-v2.dtb: Warning (graph_port): /soc/tpda@6004000/ports/port@1: graph node unit address error, expected "0"
arch/arm64/boot/dts/somc/../qcom/sdm845-v2.dtb: Warning (graph_port): /soc/tpda@6004000/ports/port@4: graph node unit address error, expected "5"
arch/arm64/boot/dts/somc/../qcom/sdm845-v2.dtb: Warning (graph_port): /soc/tpda@6004000/ports/port@5: graph node unit address error, expected "6"
arch/arm64/boot/dts/somc/../qcom/sdm845-v2.dtb: Warning (graph_port): /soc/tpda@6004000/ports/port@6: graph node unit address error, expected "7"
arch/arm64/boot/dts/somc/../qcom/sdm845-v2.dtb: Warning (graph_port): /soc/tpda@6004000/ports/port@7: graph node unit address error, expected "9"
arch/arm64/boot/dts/somc/../qcom/sdm845-v2.dtb: Warning (graph_port): /soc/tpda@6004000/ports/port@8: graph node unit address error, expected "a"
arch/arm64/boot/dts/somc/../qcom/sdm845-v2.dtb: Warning (graph_port): /soc/tpda@6004000/ports/port@9: graph node unit address error, expected "b"
arch/arm64/boot/dts/somc/../qcom/sdm845-v2.dtb: Warning (graph_port): /soc/tpda@6004000/ports/port@10: graph node unit address error, expected "d"
arch/arm64/boot/dts/somc/../qcom/sdm845-v2.dtb: Warning (graph_port): /soc/funnel@6832000/ports/port@1: graph node unit address error, expected "0"
arch/arm64/boot/dts/somc/../qcom/sdm845-v2.dtb: Warning (graph_port): /soc/tpda@6831000/ports/port@1: graph node unit address error, expected "0"
arch/arm64/boot/dts/somc/../qcom/sdm845-v2.dtb: Warning (graph_port): /soc/funnel@6845000/ports/port@1: graph node unit address error, expected "0"
arch/arm64/boot/dts/somc/../qcom/sdm845-v2.dtb: Warning (graph_port): /soc/tpda@7862000/ports/port@1: graph node unit address error, expected "0"
arch/arm64/boot/dts/somc/../qcom/sdm845-v2.dtb: Warning (graph_port): /soc/tpda@78c0000/ports/port@1: graph node unit address error, expected "0"
arch/arm64/boot/dts/somc/../qcom/sdm845-v2.dtb: Warning (graph_port): /soc/tpda@78d0000/ports/port@1: graph node unit address error, expected "0"
arch/arm64/boot/dts/somc/../qcom/sdm845-v2.dtb: Warning (graph_port): /soc/funnel@6861000/ports/port@1: graph node unit address error, expected "0"
arch/arm64/boot/dts/somc/../qcom/sdm845-v2.dtb: Warning (graph_port): /soc/funnel@69e2000/ports/port@1: graph node unit address error, expected "0"
arch/arm64/boot/dts/somc/../qcom/sdm845-v2.dtb: Warning (graph_port): /soc/tpda@7832000/ports/port@1: graph node unit address error, expected "0"
arch/arm64/boot/dts/somc/../qcom/sdm845-v2.dtb: Warning (graph_port): /soc/tpda@6882000/ports/port@1: graph node unit address error, expected "0"
arch/arm64/boot/dts/somc/../qcom/sdm845-v2.dtb: Warning (graph_port): /soc/funnel@6883000/ports/port@1: graph node unit address error, expected "0"
arch/arm64/boot/dts/somc/../qcom/sdm845-v2.dtb: Warning (graph_port): /soc/funnel@6883000/ports/port@2: graph node unit address error, expected "1"
arch/arm64/boot/dts/somc/../qcom/sdm845-v2.dtb: Warning (graph_port): /soc/funnel@6005000/ports/port@1: graph node unit address error, expected "0"
arch/arm64/boot/dts/somc/../qcom/sdm845-v2.dtb: Warning (graph_port): /soc/funnel@6005000/ports/port@2: graph node unit address error, expected "6"
arch/arm64/boot/dts/somc/../qcom/sdm845-v2.dtb: Warning (graph_port): /soc/funnel@6005000/ports/port@3: graph node unit address error, expected "7"
arch/arm64/boot/dts/somc/../qcom/sdm845-v2.dtb: Warning (graph_port): /soc/funnel@7810000/ports/port@1: graph node unit address error, expected "0"
arch/arm64/boot/dts/somc/../qcom/sdm845-v2.dtb: Warning (graph_port): /soc/funnel@7810000/ports/port@3: graph node unit address error, expected "4"
arch/arm64/boot/dts/somc/../qcom/sdm845-v2.dtb: Warning (graph_port): /soc/funnel@7810000/ports/port@4: graph node unit address error, expected "5"
arch/arm64/boot/dts/somc/../qcom/sdm845-v2.dtb: Warning (graph_port): /soc/funnel@7810000/ports/port@5: graph node unit address error, expected "6"
arch/arm64/boot/dts/somc/../qcom/sdm845-v2.dtb: Warning (graph_port): /soc/funnel@7800000/ports/port@1: graph node unit address error, expected "0"
arch/arm64/boot/dts/somc/../qcom/sdm845-v2.dtb: Warning (graph_port): /soc/funnel@7800000/ports/port@2: graph node unit address error, expected "1"
arch/arm64/boot/dts/somc/../qcom/sdm845-v2.dtb: Warning (graph_port): /soc/funnel@7800000/ports/port@3: graph node unit address error, expected "2"
arch/arm64/boot/dts/somc/../qcom/sdm845-v2.dtb: Warning (graph_port): /soc/funnel@7800000/ports/port@4: graph node unit address error, expected "3"
arch/arm64/boot/dts/somc/../qcom/sdm845-v2.dtb: Warning (graph_port): /soc/funnel@7800000/ports/port@5: graph node unit address error, expected "4"
arch/arm64/boot/dts/somc/../qcom/sdm845-v2.dtb: Warning (graph_port): /soc/funnel@7800000/ports/port@6: graph node unit address error, expected "5"
arch/arm64/boot/dts/somc/../qcom/sdm845-v2.dtb: Warning (graph_port): /soc/funnel@7800000/ports/port@7: graph node unit address error, expected "6"
arch/arm64/boot/dts/somc/../qcom/sdm845-v2.dtb: Warning (graph_port): /soc/funnel@7800000/ports/port@8: graph node unit address error, expected "7"
arch/arm64/boot/dts/somc/../qcom/sdm845.dtb: Warning (graph_port): /soc/replicator@6046000/ports/port@1: graph node unit address error, expected "0"
arch/arm64/boot/dts/somc/../qcom/sdm845.dtb: Warning (graph_port): /soc/replicator@6b0a000/ports/port@2: graph node unit address error, expected "0"
arch/arm64/boot/dts/somc/../qcom/sdm845.dtb: Warning (graph_port): /soc/tmc@6b09000/ports/port@1: graph node unit address error, expected "0"
arch/arm64/boot/dts/somc/../qcom/sdm845.dtb: Warning (graph_port): /soc/funnel@0x6b08000/ports/port@1: graph node unit address error, expected "6"
arch/arm64/boot/dts/somc/../qcom/sdm845.dtb: Warning (graph_port): /soc/funnel@0x6b08000/ports/port@2: graph node unit address error, expected "7"
arch/arm64/boot/dts/somc/../qcom/sdm845.dtb: Warning (graph_port): /soc/tpda@6b01000/ports/port@1: graph node unit address error, expected "0"
arch/arm64/boot/dts/somc/../qcom/sdm845.dtb: Warning (graph_port): /soc/tpda@6b01000/ports/port@2: graph node unit address error, expected "1"
arch/arm64/boot/dts/somc/../qcom/sdm845.dtb: Warning (graph_port): /soc/funnel@6045000/ports/port@1: graph node unit address error, expected "0"
arch/arm64/boot/dts/somc/../qcom/sdm845.dtb: Warning (graph_port): /soc/funnel@0x6041000/ports/port@1: graph node unit address error, expected "3"
arch/arm64/boot/dts/somc/../qcom/sdm845.dtb: Warning (graph_port): /soc/funnel@0x6041000/ports/port@2: graph node unit address error, expected "6"
arch/arm64/boot/dts/somc/../qcom/sdm845.dtb: Warning (graph_port): /soc/funnel@0x6041000/ports/port@3: graph node unit address error, expected "7"
arch/arm64/boot/dts/somc/../qcom/sdm845.dtb: Warning (graph_port): /soc/funnel@0x6043000/ports/port@1: graph node unit address error, expected "0"
arch/arm64/boot/dts/somc/../qcom/sdm845.dtb: Warning (graph_port): /soc/funnel@0x6043000/ports/port@2: graph node unit address error, expected "1"
arch/arm64/boot/dts/somc/../qcom/sdm845.dtb: Warning (graph_port): /soc/funnel@0x6043000/ports/port@3: graph node unit address error, expected "2"
arch/arm64/boot/dts/somc/../qcom/sdm845.dtb: Warning (graph_port): /soc/funnel@0x6043000/ports/port@4: graph node unit address error, expected "5"
arch/arm64/boot/dts/somc/../qcom/sdm845.dtb: Warning (graph_port): /soc/funnel@0x6043000/ports/port@5: graph node unit address error, expected "6"
arch/arm64/boot/dts/somc/../qcom/sdm845.dtb: Warning (graph_port): /soc/funnel@0x6943000/ports/port@1: graph node unit address error, expected "0"
arch/arm64/boot/dts/somc/../qcom/sdm845.dtb: Warning (graph_port): /soc/funnel@0x6943000/ports/port@2: graph node unit address error, expected "1"
arch/arm64/boot/dts/somc/../qcom/sdm845.dtb: Warning (graph_port): /soc/tpda@6004000/ports/port@1: graph node unit address error, expected "0"
arch/arm64/boot/dts/somc/../qcom/sdm845.dtb: Warning (graph_port): /soc/tpda@6004000/ports/port@4: graph node unit address error, expected "5"
arch/arm64/boot/dts/somc/../qcom/sdm845.dtb: Warning (graph_port): /soc/tpda@6004000/ports/port@5: graph node unit address error, expected "6"
arch/arm64/boot/dts/somc/../qcom/sdm845.dtb: Warning (graph_port): /soc/tpda@6004000/ports/port@6: graph node unit address error, expected "7"
arch/arm64/boot/dts/somc/../qcom/sdm845.dtb: Warning (graph_port): /soc/tpda@6004000/ports/port@7: graph node unit address error, expected "9"
arch/arm64/boot/dts/somc/../qcom/sdm845.dtb: Warning (graph_port): /soc/tpda@6004000/ports/port@8: graph node unit address error, expected "a"
arch/arm64/boot/dts/somc/../qcom/sdm845.dtb: Warning (graph_port): /soc/tpda@6004000/ports/port@9: graph node unit address error, expected "b"
arch/arm64/boot/dts/somc/../qcom/sdm845.dtb: Warning (graph_port): /soc/tpda@6004000/ports/port@10: graph node unit address error, expected "d"
arch/arm64/boot/dts/somc/../qcom/sdm845.dtb: Warning (graph_port): /soc/funnel@6832000/ports/port@1: graph node unit address error, expected "0"
arch/arm64/boot/dts/somc/../qcom/sdm845.dtb: Warning (graph_port): /soc/tpda@6831000/ports/port@1: graph node unit address error, expected "0"
arch/arm64/boot/dts/somc/../qcom/sdm845.dtb: Warning (graph_port): /soc/funnel@6845000/ports/port@1: graph node unit address error, expected "0"
arch/arm64/boot/dts/somc/../qcom/sdm845.dtb: Warning (graph_port): /soc/tpda@7862000/ports/port@1: graph node unit address error, expected "0"
arch/arm64/boot/dts/somc/../qcom/sdm845.dtb: Warning (graph_port): /soc/tpda@78c0000/ports/port@1: graph node unit address error, expected "0"
arch/arm64/boot/dts/somc/../qcom/sdm845.dtb: Warning (graph_port): /soc/tpda@78d0000/ports/port@1: graph node unit address error, expected "0"
arch/arm64/boot/dts/somc/../qcom/sdm845.dtb: Warning (graph_port): /soc/funnel@6861000/ports/port@1: graph node unit address error, expected "0"
arch/arm64/boot/dts/somc/../qcom/sdm845.dtb: Warning (graph_port): /soc/funnel@69e2000/ports/port@1: graph node unit address error, expected "0"
arch/arm64/boot/dts/somc/../qcom/sdm845.dtb: Warning (graph_port): /soc/tpda@7832000/ports/port@1: graph node unit address error, expected "0"
arch/arm64/boot/dts/somc/../qcom/sdm845.dtb: Warning (graph_port): /soc/tpda@6882000/ports/port@1: graph node unit address error, expected "0"
arch/arm64/boot/dts/somc/../qcom/sdm845.dtb: Warning (graph_port): /soc/funnel@6883000/ports/port@1: graph node unit address error, expected "0"
arch/arm64/boot/dts/somc/../qcom/sdm845.dtb: Warning (graph_port): /soc/funnel@6883000/ports/port@2: graph node unit address error, expected "1"
arch/arm64/boot/dts/somc/../qcom/sdm845.dtb: Warning (graph_port): /soc/funnel@6005000/ports/port@1: graph node unit address error, expected "0"
arch/arm64/boot/dts/somc/../qcom/sdm845.dtb: Warning (graph_port): /soc/funnel@6005000/ports/port@2: graph node unit address error, expected "6"
arch/arm64/boot/dts/somc/../qcom/sdm845.dtb: Warning (graph_port): /soc/funnel@6005000/ports/port@3: graph node unit address error, expected "7"
arch/arm64/boot/dts/somc/../qcom/sdm845.dtb: Warning (graph_port): /soc/funnel@7810000/ports/port@1: graph node unit address error, expected "0"
arch/arm64/boot/dts/somc/../qcom/sdm845.dtb: Warning (graph_port): /soc/funnel@7810000/ports/port@3: graph node unit address error, expected "4"
arch/arm64/boot/dts/somc/../qcom/sdm845.dtb: Warning (graph_port): /soc/funnel@7810000/ports/port@4: graph node unit address error, expected "5"
arch/arm64/boot/dts/somc/../qcom/sdm845.dtb: Warning (graph_port): /soc/funnel@7810000/ports/port@5: graph node unit address error, expected "6"
arch/arm64/boot/dts/somc/../qcom/sdm845.dtb: Warning (graph_port): /soc/funnel@7800000/ports/port@1: graph node unit address error, expected "0"
arch/arm64/boot/dts/somc/../qcom/sdm845.dtb: Warning (graph_port): /soc/funnel@7800000/ports/port@2: graph node unit address error, expected "1"
arch/arm64/boot/dts/somc/../qcom/sdm845.dtb: Warning (graph_port): /soc/funnel@7800000/ports/port@3: graph node unit address error, expected "2"
arch/arm64/boot/dts/somc/../qcom/sdm845.dtb: Warning (graph_port): /soc/funnel@7800000/ports/port@4: graph node unit address error, expected "3"
arch/arm64/boot/dts/somc/../qcom/sdm845.dtb: Warning (graph_port): /soc/funnel@7800000/ports/port@5: graph node unit address error, expected "4"
arch/arm64/boot/dts/somc/../qcom/sdm845.dtb: Warning (graph_port): /soc/funnel@7800000/ports/port@6: graph node unit address error, expected "5"
arch/arm64/boot/dts/somc/../qcom/sdm845.dtb: Warning (graph_port): /soc/funnel@7800000/ports/port@7: graph node unit address error, expected "6"
arch/arm64/boot/dts/somc/../qcom/sdm845.dtb: Warning (graph_port): /soc/funnel@7800000/ports/port@8: graph node unit address error, expected "7"
  LD      drivers/built-in.o
  DTC     arch/arm64/boot/dts/somc/sdm845-v2.1-tama-akari_kddi-overlay.dtbo
  DTC     arch/arm64/boot/dts/somc/sdm845-tama-akari_kddi-overlay.dtbo
  DTC     arch/arm64/boot/dts/somc/sdm845-v2-tama-akari_kddi-overlay.dtbo
arch/arm64/boot/dts/somc/sdm845-tama-akari_kddi-overlay.dtbo: Warning (reg_format): /fragment@22/__overlay__/qcom,pmi8998@2:reg: property has invalid length (8 bytes) (#address-cells == 2, #size-cells == 1)
arch/arm64/boot/dts/somc/sdm845-tama-akari_kddi-overlay.dtbo: Warning (reg_format): /fragment@22/__overlay__/qcom,pmi8998@3:reg: property has invalid length (8 bytes) (#address-cells == 2, #size-cells == 1)
arch/arm64/boot/dts/somc/sdm845-tama-akari_kddi-overlay.dtbo: Warning (reg_format): /fragment@26/__overlay__/qcom,camera-flash@0:reg: property has invalid length (8 bytes) (#address-cells == 2, #size-cells == 1)
arch/arm64/boot/dts/somc/sdm845-tama-akari_kddi-overlay.dtbo: Warning (reg_format): /fragment@26/__overlay__/qcom,camera-flash@1:reg: property has invalid length (8 bytes) (#address-cells == 2, #size-cells == 1)
arch/arm64/boot/dts/somc/sdm845-tama-akari_kddi-overlay.dtbo: Warning (reg_format): /fragment@26/__overlay__/qcom,camera-flash@2:reg: property has invalid length (8 bytes) (#address-cells == 2, #size-cells == 1)
arch/arm64/boot/dts/somc/sdm845-tama-akari_kddi-overlay.dtbo: Warning (reg_format): /fragment@26/__overlay__/qcom,camera-flash@3:reg: property has invalid length (8 bytes) (#address-cells == 2, #size-cells == 1)
arch/arm64/boot/dts/somc/sdm845-tama-akari_kddi-overlay.dtbo: Warning (reg_format): /fragment@26/__overlay__/gpio-regulator@0:reg: property has invalid length (8 bytes) (#address-cells == 2, #size-cells == 1)
arch/arm64/boot/dts/somc/sdm845-tama-akari_kddi-overlay.dtbo: Warning (reg_format): /fragment@26/__overlay__/gpio-regulator@1:reg: property has invalid length (8 bytes) (#address-cells == 2, #size-cells == 1)
arch/arm64/boot/dts/somc/sdm845-tama-akari_kddi-overlay.dtbo: Warning (reg_format): /fragment@26/__overlay__/gpio-regulator@2:reg: property has invalid length (8 bytes) (#address-cells == 2, #size-cells == 1)
arch/arm64/boot/dts/somc/sdm845-tama-akari_kddi-overlay.dtbo: Warning (reg_format): /fragment@26/__overlay__/gpio-regulator@4:reg: property has invalid length (8 bytes) (#address-cells == 2, #size-cells == 1)
arch/arm64/boot/dts/somc/sdm845-tama-akari_kddi-overlay.dtbo: Warning (reg_format): /fragment@27/__overlay__/qcom,actuator@0:reg: property has invalid length (4 bytes) (#address-cells == 2, #size-cells == 1)
arch/arm64/boot/dts/somc/sdm845-tama-akari_kddi-overlay.dtbo: Warning (reg_format): /fragment@27/__overlay__/qcom,actuator@1:reg: property has invalid length (4 bytes) (#address-cells == 2, #size-cells == 1)
arch/arm64/boot/dts/somc/sdm845-tama-akari_kddi-overlay.dtbo: Warning (reg_format): /fragment@27/__overlay__/qcom,actuator@2:reg: property has invalid length (4 bytes) (#address-cells == 2, #size-cells == 1)
arch/arm64/boot/dts/somc/sdm845-tama-akari_kddi-overlay.dtbo: Warning (reg_format): /fragment@27/__overlay__/qcom,ois@0:reg: property has invalid length (4 bytes) (#address-cells == 2, #size-cells == 1)
arch/arm64/boot/dts/somc/sdm845-tama-akari_kddi-overlay.dtbo: Warning (reg_format): /fragment@27/__overlay__/qcom,eeprom@0:reg: property has invalid length (4 bytes) (#address-cells == 2, #size-cells == 1)
arch/arm64/boot/dts/somc/sdm845-tama-akari_kddi-overlay.dtbo: Warning (reg_format): /fragment@27/__overlay__/qcom,eeprom@1:reg: property has invalid length (4 bytes) (#address-cells == 2, #size-cells == 1)
arch/arm64/boot/dts/somc/sdm845-tama-akari_kddi-overlay.dtbo: Warning (reg_format): /fragment@27/__overlay__/qcom,eeprom@2:reg: property has invalid length (4 bytes) (#address-cells == 2, #size-cells == 1)
arch/arm64/boot/dts/somc/sdm845-tama-akari_kddi-overlay.dtbo: Warning (reg_format): /fragment@27/__overlay__/qcom,cam-sensor@0:reg: property has invalid length (4 bytes) (#address-cells == 2, #size-cells == 1)
arch/arm64/boot/dts/somc/sdm845-tama-akari_kddi-overlay.dtbo: Warning (reg_format): /fragment@27/__overlay__/qcom,cam-sensor@1:reg: property has invalid length (4 bytes) (#address-cells == 2, #size-cells == 1)
arch/arm64/boot/dts/somc/sdm845-tama-akari_kddi-overlay.dtbo: Warning (reg_format): /fragment@27/__overlay__/qcom,cam-sensor@2:reg: property has invalid length (4 bytes) (#address-cells == 2, #size-cells == 1)
arch/arm64/boot/dts/somc/sdm845-tama-akari_kddi-overlay.dtbo: Warning (reg_format): /fragment@27/__overlay__/qcom,cam-sensor@3:reg: property has invalid length (4 bytes) (#address-cells == 2, #size-cells == 1)
arch/arm64/boot/dts/somc/sdm845-tama-akari_kddi-overlay.dtbo: Warning (reg_format): /fragment@28/__overlay__/qcom,smb1355@8:reg: property has invalid length (4 bytes) (#address-cells == 2, #size-cells == 1)
arch/arm64/boot/dts/somc/sdm845-tama-akari_kddi-overlay.dtbo: Warning (reg_format): /fragment@28/__overlay__/qcom,smb1355@c:reg: property has invalid length (4 bytes) (#address-cells == 2, #size-cells == 1)
arch/arm64/boot/dts/somc/sdm845-tama-akari_kddi-overlay.dtbo: Warning (reg_format): /fragment@38/__overlay__/nq@28:reg: property has invalid length (4 bytes) (#address-cells == 2, #size-cells == 1)
arch/arm64/boot/dts/somc/sdm845-tama-akari_kddi-overlay.dtbo: Warning (reg_format): /fragment@42/__overlay__/chan@83:reg: property has invalid length (4 bytes) (#address-cells == 2, #size-cells == 1)
arch/arm64/boot/dts/somc/sdm845-tama-akari_kddi-overlay.dtbo: Warning (reg_format): /fragment@42/__overlay__/chan@85:reg: property has invalid length (4 bytes) (#address-cells == 2, #size-cells == 1)
arch/arm64/boot/dts/somc/sdm845-tama-akari_kddi-overlay.dtbo: Warning (reg_format): /fragment@42/__overlay__/chan@4c:reg: property has invalid length (4 bytes) (#address-cells == 2, #size-cells == 1)
arch/arm64/boot/dts/somc/sdm845-tama-akari_kddi-overlay.dtbo: Warning (reg_format): /fragment@42/__overlay__/chan@4d:reg: property has invalid length (4 bytes) (#address-cells == 2, #size-cells == 1)
arch/arm64/boot/dts/somc/sdm845-tama-akari_kddi-overlay.dtbo: Warning (reg_format): /fragment@42/__overlay__/chan@4f:reg: property has invalid length (4 bytes) (#address-cells == 2, #size-cells == 1)
arch/arm64/boot/dts/somc/sdm845-tama-akari_kddi-overlay.dtbo: Warning (reg_format): /fragment@42/__overlay__/chan@51:reg: arch/arm64/boot/dts/somc/sdm845-v2-tama-akari_kddi-overlay.dtbo: Warning (reg_format): property has invalid length (4 bytes) (#address-cells == 2, #size-cells == 1)/fragment@22/__overlay__/qcom,pmi8998@2
:regarch/arm64/boot/dts/somc/sdm845-tama-akari_kddi-overlay.dtbo: Warning (reg_format): : /fragment@43/__overlay__/chan@83:regproperty has invalid length (8 bytes) (#address-cells == 2, #size-cells == 1): 
property has invalid length (4 bytes) (#address-cells == 2, #size-cells == 1)arch/arm64/boot/dts/somc/sdm845-v2-tama-akari_kddi-overlay.dtbo: Warning (reg_format): 
/fragment@22/__overlay__/qcom,pmi8998@3arch/arm64/boot/dts/somc/sdm845-tama-akari_kddi-overlay.dtbo: Warning (reg_format): :reg/fragment@43/__overlay__/chan@4c: :regproperty has invalid length (8 bytes) (#address-cells == 2, #size-cells == 1): 
property has invalid length (4 bytes) (#address-cells == 2, #size-cells == 1)
arch/arm64/boot/dts/somc/sdm845-tama-akari_kddi-overlay.dtbo: Warning (reg_format): /fragment@43/__overlay__/chan@4d:reg: property has invalid length (4 bytes) (#address-cells == 2, #size-cells == 1)
arch/arm64/boot/dts/somc/sdm845-tama-akari_kddi-overlay.dtbo: Warning (reg_format): arch/arm64/boot/dts/somc/sdm845-v2-tama-akari_kddi-overlay.dtbo: Warning (reg_format): /fragment@43/__overlay__/chan@4f/fragment@26/__overlay__/qcom,camera-flash@0:reg:reg: : property has invalid length (4 bytes) (#address-cells == 2, #size-cells == 1)property has invalid length (8 bytes) (#address-cells == 2, #size-cells == 1)

arch/arm64/boot/dts/somc/sdm845-tama-akari_kddi-overlay.dtbo: Warning (reg_format): arch/arm64/boot/dts/somc/sdm845-v2-tama-akari_kddi-overlay.dtbo: Warning (reg_format): /fragment@43/__overlay__/chan@51/fragment@26/__overlay__/qcom,camera-flash@1:reg:reg: : property has invalid length (4 bytes) (#address-cells == 2, #size-cells == 1)property has invalid length (8 bytes) (#address-cells == 2, #size-cells == 1)

arch/arm64/boot/dts/somc/sdm845-v2-tama-akari_kddi-overlay.dtbo: Warning (reg_format): /fragment@26/__overlay__/qcom,camera-flash@2:reg: property has invalid length (8 bytes) (#address-cells == 2, #size-cells == 1)
arch/arm64/boot/dts/somc/sdm845-v2-tama-akari_kddi-overlay.dtbo: Warning (reg_format): arch/arm64/boot/dts/somc/sdm845-tama-akari_kddi-overlay.dtbo: Warning (reg_format): /fragment@26/__overlay__/qcom,camera-flash@3/reserved-memory/debug_region@ffb00000:reg:reg: : property has invalid length (8 bytes) (#address-cells == 2, #size-cells == 1)property has invalid length (16 bytes) (#address-cells == 2, #size-cells == 1)

arch/arm64/boot/dts/somc/sdm845-v2-tama-akari_kddi-overlay.dtbo: Warning (reg_format): arch/arm64/boot/dts/somc/sdm845-tama-akari_kddi-overlay.dtbo: Warning (reg_format): /fragment@26/__overlay__/gpio-regulator@0/reserved-memory/ramoops@ffc00000:reg:reg: : property has invalid length (8 bytes) (#address-cells == 2, #size-cells == 1)property has invalid length (16 bytes) (#address-cells == 2, #size-cells == 1)

arch/arm64/boot/dts/somc/sdm845-v2-tama-akari_kddi-overlay.dtbo: Warning (reg_format): arch/arm64/boot/dts/somc/sdm845-tama-akari_kddi-overlay.dtbo: Warning (reg_format): /fragment@26/__overlay__/gpio-regulator@1/reserved-memory/qseecom_region@0x8ab00000:reg:reg: : property has invalid length (8 bytes) (#address-cells == 2, #size-cells == 1)property has invalid length (16 bytes) (#address-cells == 2, #size-cells == 1)

arch/arm64/boot/dts/somc/sdm845-v2-tama-akari_kddi-overlay.dtbo: Warning (reg_format): arch/arm64/boot/dts/somc/sdm845-tama-akari_kddi-overlay.dtbo: Warning (reg_format): /fragment@26/__overlay__/gpio-regulator@2/reserved-memory/camera_region@0x97c00000:reg:reg: : property has invalid length (8 bytes) (#address-cells == 2, #size-cells == 1)property has invalid length (16 bytes) (#address-cells == 2, #size-cells == 1)

arch/arm64/boot/dts/somc/sdm845-v2-tama-akari_kddi-overlay.dtbo: Warning (reg_format): /fragment@26/__overlay__/gpio-regulator@4:reg: arch/arm64/boot/dts/somc/sdm845-tama-akari_kddi-overlay.dtbo: Warning (reg_format): property has invalid length (8 bytes) (#address-cells == 2, #size-cells == 1)/fragment@52/__overlay__/i2c@a98000/tcs3490@72
:regarch/arm64/boot/dts/somc/sdm845-v2-tama-akari_kddi-overlay.dtbo: Warning (reg_format): : /fragment@27/__overlay__/qcom,actuator@0property has invalid length (4 bytes) (#address-cells == 2, #size-cells == 1):reg
: arch/arm64/boot/dts/somc/sdm845-tama-akari_kddi-overlay.dtbo: Warning (reg_format): property has invalid length (4 bytes) (#address-cells == 2, #size-cells == 1)/fragment@52/__overlay__/i2c@a98000/tof_sensor@52
:regarch/arm64/boot/dts/somc/sdm845-v2-tama-akari_kddi-overlay.dtbo: Warning (reg_format): : /fragment@27/__overlay__/qcom,actuator@1property has invalid length (4 bytes) (#address-cells == 2, #size-cells == 1):reg
: property has invalid length (4 bytes) (#address-cells == 2, #size-cells == 1)arch/arm64/boot/dts/somc/sdm845-tama-akari_kddi-overlay.dtbo: Warning (reg_format): 
/fragment@52/__overlay__/sony,camera_modules@0arch/arm64/boot/dts/somc/sdm845-v2-tama-akari_kddi-overlay.dtbo: Warning (reg_format): :reg/fragment@27/__overlay__/qcom,actuator@2: :regproperty has invalid length (4 bytes) (#address-cells == 2, #size-cells == 1): 
property has invalid length (4 bytes) (#address-cells == 2, #size-cells == 1)arch/arm64/boot/dts/somc/sdm845-tama-akari_kddi-overlay.dtbo: Warning (reg_format): 
/fragment@52/__overlay__/sony,camera_modules@1arch/arm64/boot/dts/somc/sdm845-v2-tama-akari_kddi-overlay.dtbo: Warning (reg_format): :reg/fragment@27/__overlay__/qcom,ois@0: :regproperty has invalid length (4 bytes) (#address-cells == 2, #size-cells == 1): 
property has invalid length (4 bytes) (#address-cells == 2, #size-cells == 1)
arch/arm64/boot/dts/somc/sdm845-v2-tama-akari_kddi-overlay.dtbo: Warning (reg_format): /fragment@27/__overlay__/qcom,eeprom@0:reg: property has invalid length (4 bytes) (#address-cells == 2, #size-cells == 1)
arch/arm64/boot/dts/somc/sdm845-v2-tama-akari_kddi-overlay.dtbo: Warning (reg_format): /fragment@27/__overlay__/qcom,eeprom@1:reg: property has invalid length (4 bytes) (#address-cells == 2, #size-cells == 1)
arch/arm64/boot/dts/somc/sdm845-v2-tama-akari_kddi-overlay.dtbo: Warning (reg_format): /fragment@27/__overlay__/qcom,eeprom@2:reg: property has invalid length (4 bytes) (#address-cells == 2, #size-cells == 1)
arch/arm64/boot/dts/somc/sdm845-v2-tama-akari_kddi-overlay.dtbo: Warning (reg_format): /fragment@27/__overlay__/qcom,cam-sensor@0:reg: arch/arm64/boot/dts/somc/sdm845-tama-akari_kddi-overlay.dtbo: Warning (reg_format): property has invalid length (4 bytes) (#address-cells == 2, #size-cells == 1)/fragment@70/__overlay__/chan@4e
:regarch/arm64/boot/dts/somc/sdm845-v2-tama-akari_kddi-overlay.dtbo: Warning (reg_format): : /fragment@27/__overlay__/qcom,cam-sensor@1property has invalid length (4 bytes) (#address-cells == 2, #size-cells == 1):reg
: arch/arm64/boot/dts/somc/sdm845-tama-akari_kddi-overlay.dtbo: Warning (reg_format): property has invalid length (4 bytes) (#address-cells == 2, #size-cells == 1)/fragment@70/__overlay__/chan@50
:regarch/arm64/boot/dts/somc/sdm845-v2-tama-akari_kddi-overlay.dtbo: Warning (reg_format): : /fragment@27/__overlay__/qcom,cam-sensor@2property has invalid length (4 bytes) (#address-cells == 2, #size-cells == 1):reg
: arch/arm64/boot/dts/somc/sdm845-tama-akari_kddi-overlay.dtbo: Warning (reg_format): property has invalid length (4 bytes) (#address-cells == 2, #size-cells == 1)/fragment@70/__overlay__/chan@53
:regarch/arm64/boot/dts/somc/sdm845-v2-tama-akari_kddi-overlay.dtbo: Warning (reg_format): : /fragment@27/__overlay__/qcom,cam-sensor@3property has invalid length (4 bytes) (#address-cells == 2, #size-cells == 1):reg
: arch/arm64/boot/dts/somc/sdm845-tama-akari_kddi-overlay.dtbo: Warning (reg_format): property has invalid length (4 bytes) (#address-cells == 2, #size-cells == 1)/fragment@71/__overlay__/chan@4e
:regarch/arm64/boot/dts/somc/sdm845-v2-tama-akari_kddi-overlay.dtbo: Warning (reg_format): : /fragment@28/__overlay__/qcom,smb1355@8property has invalid length (4 bytes) (#address-cells == 2, #size-cells == 1):reg
: arch/arm64/boot/dts/somc/sdm845-tama-akari_kddi-overlay.dtbo: Warning (reg_format): property has invalid length (4 bytes) (#address-cells == 2, #size-cells == 1)/fragment@71/__overlay__/chan@50
:reg: arch/arm64/boot/dts/somc/sdm845-v2-tama-akari_kddi-overlay.dtbo: Warning (reg_format): property has invalid length (4 bytes) (#address-cells == 2, #size-cells == 1)/fragment@28/__overlay__/qcom,smb1355@c
:regarch/arm64/boot/dts/somc/sdm845-tama-akari_kddi-overlay.dtbo: Warning (reg_format): : /fragment@71/__overlay__/chan@53property has invalid length (4 bytes) (#address-cells == 2, #size-cells == 1):reg
: property has invalid length (4 bytes) (#address-cells == 2, #size-cells == 1)
arch/arm64/boot/dts/somc/sdm845-v2-tama-akari_kddi-overlay.dtbo: Warning (reg_format): /fragment@38/__overlay__/nq@28:reg: property has invalid length (4 bytes) (#address-cells == 2, #size-cells == 1)
arch/arm64/boot/dts/somc/sdm845-v2-tama-akari_kddi-overlay.dtbo: Warning (reg_format): /fragment@42/__overlay__/chan@83arch/arm64/boot/dts/somc/sdm845-tama-akari_kddi-overlay.dtbo: Warning (reg_format): :reg/fragment@81/__overlay__/synaptics_clearpad@2c: :regproperty has invalid length (4 bytes) (#address-cells == 2, #size-cells == 1): 
property has invalid length (4 bytes) (#address-cells == 2, #size-cells == 1)arch/arm64/boot/dts/somc/sdm845-v2-tama-akari_kddi-overlay.dtbo: Warning (reg_format): 
/fragment@42/__overlay__/chan@85:reg: property has invalid length (4 bytes) (#address-cells == 2, #size-cells == 1)
arch/arm64/boot/dts/somc/sdm845-tama-akari_kddi-overlay.dtbo: Warning (reg_format): arch/arm64/boot/dts/somc/sdm845-v2-tama-akari_kddi-overlay.dtbo: Warning (reg_format): /fragment@82/__overlay__/synaptics_tcm@3c/fragment@42/__overlay__/chan@4c:reg:reg: : property has invalid length (4 bytes) (#address-cells == 2, #size-cells == 1)property has invalid length (4 bytes) (#address-cells == 2, #size-cells == 1)

arch/arm64/boot/dts/somc/sdm845-tama-akari_kddi-overlay.dtbo: Warning (reg_format): arch/arm64/boot/dts/somc/sdm845-v2-tama-akari_kddi-overlay.dtbo: Warning (reg_format): /fragment@84/__overlay__/i2c@a88000/idtp9221@61/fragment@42/__overlay__/chan@4d:reg:reg: : property has invalid length (4 bytes) (#address-cells == 2, #size-cells == 1)property has invalid length (4 bytes) (#address-cells == 2, #size-cells == 1)

arch/arm64/boot/dts/somc/sdm845-v2-tama-akari_kddi-overlay.dtbo: Warning (reg_format): /fragment@42/__overlay__/chan@4farch/arm64/boot/dts/somc/sdm845-tama-akari_kddi-overlay.dtbo: Warning (reg_format): :reg/fragment@87/__overlay__/spi@890000/tmm3spi@0: :regproperty has invalid length (4 bytes) (#address-cells == 2, #size-cells == 1): 
property has invalid length (4 bytes) (#address-cells == 2, #size-cells == 1)arch/arm64/boot/dts/somc/sdm845-v2-tama-akari_kddi-overlay.dtbo: Warning (reg_format): 
/fragment@42/__overlay__/chan@51arch/arm64/boot/dts/somc/sdm845-tama-akari_kddi-overlay.dtbo: Warning (reg_format): :reg/fragment@88/__overlay__/felica_ldo@1e: :regproperty has invalid length (4 bytes) (#address-cells == 2, #size-cells == 1): 
property has invalid length (4 bytes) (#address-cells == 2, #size-cells == 1)arch/arm64/boot/dts/somc/sdm845-v2-tama-akari_kddi-overlay.dtbo: Warning (reg_format): 
/fragment@43/__overlay__/chan@83arch/arm64/boot/dts/somc/sdm845-tama-akari_kddi-overlay.dtbo: Warning (reg_format): :reg/fragment@88/__overlay__/felica@29: :regproperty has invalid length (4 bytes) (#address-cells == 2, #size-cells == 1): 
property has invalid length (4 bytes) (#address-cells == 2, #size-cells == 1)arch/arm64/boot/dts/somc/sdm845-v2-tama-akari_kddi-overlay.dtbo: Warning (reg_format): 
/fragment@43/__overlay__/chan@4c:reg: property has invalid length (4 bytes) (#address-cells == 2, #size-cells == 1)
arch/arm64/boot/dts/somc/sdm845-v2-tama-akari_kddi-overlay.dtbo: Warning (reg_format): /fragment@43/__overlay__/chan@4d:reg: property has invalid length (4 bytes) (#address-cells == 2, #size-cells == 1)
arch/arm64/boot/dts/somc/sdm845-v2-tama-akari_kddi-overlay.dtbo: Warning (reg_format): /fragment@43/__overlay__/chan@4f:reg: property has invalid length (4 bytes) (#address-cells == 2, #size-cells == 1)
arch/arm64/boot/dts/somc/sdm845-v2-tama-akari_kddi-overlay.dtbo: Warning (reg_format): /fragment@43/__overlay__/chan@51:reg: property has invalid length (4 bytes) (#address-cells == 2, #size-cells == 1)
arch/arm64/boot/dts/somc/sdm845-v2-tama-akari_kddi-overlay.dtbo: Warning (reg_format): /reserved-memory/debug_region@ffb00000:reg: property has invalid length (16 bytes) (#address-cells == 2, #size-cells == 1)
arch/arm64/boot/dts/somc/sdm845-v2-tama-akari_kddi-overlay.dtbo: Warning (reg_format): /reserved-memory/ramoops@ffc00000:reg: property has invalid length (16 bytes) (#address-cells == 2, #size-cells == 1)
arch/arm64/boot/dts/somc/sdm845-v2-tama-akari_kddi-overlay.dtbo: Warning (reg_format): /reserved-memory/qseecom_region@0x8ab00000:reg: property has invalid length (16 bytes) (#address-cells == 2, #size-cells == 1)
arch/arm64/boot/dts/somc/sdm845-v2-tama-akari_kddi-overlay.dtbo: Warning (reg_format): /reserved-memory/camera_region@0x97c00000:reg: property has invalid length (16 bytes) (#address-cells == 2, #size-cells == 1)
arch/arm64/boot/dts/somc/sdm845-v2-tama-akari_kddi-overlay.dtbo: Warning (reg_format): /fragment@52/__overlay__/i2c@a98000/tcs3490@72:reg: property has invalid length (4 bytes) (#address-cells == 2, #size-cells == 1)
arch/arm64/boot/dts/somc/sdm845-v2-tama-akari_kddi-overlay.dtbo: Warning (reg_format): /fragment@52/__overlay__/i2c@a98000/tof_sensor@52:reg: property has invalid length (4 bytes) (#address-cells == 2, #size-cells == 1)
arch/arm64/boot/dts/somc/sdm845-v2-tama-akari_kddi-overlay.dtbo: Warning (reg_format): /fragment@52/__overlay__/sony,camera_modules@0:reg: property has invalid length (4 bytes) (#address-cells == 2, #size-cells == 1)
arch/arm64/boot/dts/somc/sdm845-v2-tama-akari_kddi-overlay.dtbo: Warning (reg_format): /fragment@52/__overlay__/sony,camera_modules@1:reg: property has invalid length (4 bytes) (#address-cells == 2, #size-cells == 1)
arch/arm64/boot/dts/somc/sdm845-v2-tama-akari_kddi-overlay.dtbo: Warning (reg_format): /fragment@70/__overlay__/chan@4e:reg: property has invalid length (4 bytes) (#address-cells == 2, #size-cells == 1)
arch/arm64/boot/dts/somc/sdm845-v2-tama-akari_kddi-overlay.dtbo: Warning (reg_format): /fragment@70/__overlay__/chan@50:reg: property has invalid length (4 bytes) (#address-cells == 2, #size-cells == 1)
arch/arm64/boot/dts/somc/sdm845-v2-tama-akari_kddi-overlay.dtbo: Warning (reg_format): /fragment@70/__overlay__/chan@53:reg: property has invalid length (4 bytes) (#address-cells == 2, #size-cells == 1)
arch/arm64/boot/dts/somc/sdm845-v2-tama-akari_kddi-overlay.dtbo: Warning (reg_format): /fragment@71/__overlay__/chan@4e:reg: property has invalid length (4 bytes) (#address-cells == 2, #size-cells == 1)
arch/arm64/boot/dts/somc/sdm845-v2-tama-akari_kddi-overlay.dtbo: Warning (reg_format): /fragment@71/__overlay__/chan@50:reg: property has invalid length (4 bytes) (#address-cells == 2, #size-cells == 1)
arch/arm64/boot/dts/somc/sdm845-v2-tama-akari_kddi-overlay.dtbo: Warning (reg_format): /fragment@71/__overlay__/chan@53:reg: property has invalid length (4 bytes) (#address-cells == 2, #size-cells == 1)
arch/arm64/boot/dts/somc/sdm845-v2-tama-akari_kddi-overlay.dtbo: Warning (reg_format): /fragment@81/__overlay__/synaptics_clearpad@2c:reg: property has invalid length (4 bytes) (#address-cells == 2, #size-cells == 1)
arch/arm64/boot/dts/somc/sdm845-v2-tama-akari_kddi-overlay.dtbo: Warning (reg_format): /fragment@82/__overlay__/synaptics_tcm@3c:reg: property has invalid length (4 bytes) (#address-cells == 2, #size-cells == 1)
arch/arm64/boot/dts/somc/sdm845-v2-tama-akari_kddi-overlay.dtbo: Warning (reg_format): /fragment@84/__overlay__/i2c@a88000/idtp9221@61:reg: property has invalid length (4 bytes) (#address-cells == 2, #size-cells == 1)
arch/arm64/boot/dts/somc/sdm845-v2-tama-akari_kddi-overlay.dtbo: Warning (reg_format): /fragment@87/__overlay__/spi@890000/tmm3spi@0:reg: property has invalid length (4 bytes) (#address-cells == 2, #size-cells == 1)
arch/arm64/boot/dts/somc/sdm845-v2-tama-akari_kddi-overlay.dtbo: Warning (reg_format): /fragment@88/__overlay__/felica_ldo@1e:reg: property has invalid length (4 bytes) (#address-cells == 2, #size-cells == 1)
arch/arm64/boot/dts/somc/sdm845-v2-tama-akari_kddi-overlay.dtbo: Warning (reg_format): /fragment@88/__overlay__/felica@29:reg: property has invalid length (4 bytes) (#address-cells == 2, #size-cells == 1)
arch/arm64/boot/dts/somc/sdm845-tama-akari_kddi-overlay.dtbo: Warning (unit_address_format): /reserved-memory/qseecom_region@0x8ab00000: unit name should not have leading "0x"
arch/arm64/boot/dts/somc/sdm845-tama-akari_kddi-overlay.dtbo: Warning (unit_address_format): /reserved-memory/camera_region@0x97c00000: unit name should not have leading "0x"
arch/arm64/boot/dts/somc/sdm845-tama-akari_kddi-overlay.dtbo: Warning (unit_address_format): /fragment@52/__overlay__/qcom,pcie@0x1c00000: unit name should not have leading "0x"
arch/arm64/boot/dts/somc/sdm845-tama-akari_kddi-overlay.dtbo: Warning (unit_address_format): /fragment@52/__overlay__/qcom,pcie@0x1c08000: unit name should not have leading "0x"
arch/arm64/boot/dts/somc/sdm845-tama-akari_kddi-overlay.dtbo: Warning (unit_address_format): /fragment@52/__overlay__/pinctrl@03400000: unit name should not have leading 0s
arch/arm64/boot/dts/somc/sdm845-tama-akari_kddi-overlay.dtbo: Warning (unit_address_format): /fragment@52/__overlay__/qcom,qup_uart@0x898000: unit name should not have leading "0x"
arch/arm64/boot/dts/somc/sdm845-tama-akari_kddi-overlay.dtbo: Warning (unit_address_format): /fragment@52/__overlay__/qcom,qup_uart@0xa84000: unit name should not have leading "0x"
arch/arm64/boot/dts/somc/sdm845-tama-akari_kddi-overlay.dtbo: Warning (pci_device_reg): Failed prerequisite 'reg_format'
arch/arm64/boot/dts/somc/sdm845-tama-akari_kddi-overlay.dtbo: Warning (pci_device_bus_num): Failed prerequisite 'reg_format'
arch/arm64/boot/dts/somc/sdm845-tama-akari_kddi-overlay.dtbo: Warning (simple_bus_reg): Failed prerequisite 'reg_format'
arch/arm64/boot/dts/somc/sdm845-tama-akari_kddi-overlay.dtbo: Warning (avoid_default_addr_size): /fragment@22/__overlay__/qcom,pmi8998@2: Relying on default #address-cells value
arch/arm64/boot/dts/somc/sdm845-tama-akari_kddi-overlay.dtbo: Warning (avoid_default_addr_size): /fragment@22/__overlay__/qcom,pmi8998@2: Relying on default #size-cells value
arch/arm64/boot/dts/somc/sdm845-tama-akari_kddi-overlay.dtbo: Warning (avoid_default_addr_size): /fragment@22/__overlay__/qcom,pmi8998@3: Relying on default #address-cells value
arch/arm64/boot/dts/somc/sdm845-tama-akari_kddi-overlay.dtbo: Warning (avoid_default_addr_size): /fragment@22/__overlay__/qcom,pmi8998@3: Relying on default #size-cells value
arch/arm64/boot/dts/somc/sdm845-tama-akari_kddi-overlay.dtbo: Warning (avoid_default_addr_size): /fragment@26/__overlay__/qcom,camera-flash@0: Relying on default #address-cells value
arch/arm64/boot/dts/somc/sdm845-tama-akari_kddi-overlay.dtbo: Warning (avoid_default_addr_size): /fragment@26/__overlay__/qcom,camera-flash@0: Relying on default #size-cells value
arch/arm64/boot/dts/somc/sdm845-tama-akari_kddi-overlay.dtbo: Warning (avoid_default_addr_size): /fragment@26/__overlay__/qcom,camera-flash@1: Relying on default #address-cells value
arch/arm64/boot/dts/somc/sdm845-tama-akari_kddi-overlay.dtbo: Warning (avoid_default_addr_size): /fragment@26/__overlay__/qcom,camera-flash@1: Relying on default #size-cells value
arch/arm64/boot/dts/somc/sdm845-tama-akari_kddi-overlay.dtbo: Warning (avoid_default_addr_size): /fragment@26/__overlay__/qcom,camera-flash@2: Relying on default #address-cells value
arch/arm64/boot/dts/somc/sdm845-tama-akari_kddi-overlay.dtbo: Warning (avoid_default_addr_size): /fragment@26/__overlay__/qcom,camera-flash@2: Relying on default #size-cells value
arch/arm64/boot/dts/somc/sdm845-tama-akari_kddi-overlay.dtbo: Warning (avoid_default_addr_size): /fragment@26/__overlay__/qcom,camera-flash@3: Relying on default #address-cells value
arch/arm64/boot/dts/somc/sdm845-tama-akari_kddi-overlay.dtbo: Warning (avoid_default_addr_size): /fragment@26/__overlay__/qcom,camera-flash@3: Relying on default #size-cells value
arch/arm64/boot/dts/somc/sdm845-tama-akari_kddi-overlay.dtbo: Warning (avoid_default_addr_size): /fragment@26/__overlay__/gpio-regulator@0: Relying on default #address-cells value
arch/arm64/boot/dts/somc/sdm845-v2-tama-akari_kddi-overlay.dtbo: Warning (unit_address_format): arch/arm64/boot/dts/somc/sdm845-tama-akari_kddi-overlay.dtbo: Warning (avoid_default_addr_size): /reserved-memory/qseecom_region@0x8ab00000/fragment@26/__overlay__/gpio-regulator@0: : unit name should not have leading "0x"Relying on default #size-cells value

arch/arm64/boot/dts/somc/sdm845-v2-tama-akari_kddi-overlay.dtbo: Warning (unit_address_format): arch/arm64/boot/dts/somc/sdm845-tama-akari_kddi-overlay.dtbo: Warning (avoid_default_addr_size): /reserved-memory/camera_region@0x97c00000/fragment@26/__overlay__/gpio-regulator@1: : unit name should not have leading "0x"Relying on default #address-cells value

arch/arm64/boot/dts/somc/sdm845-v2-tama-akari_kddi-overlay.dtbo: Warning (unit_address_format): arch/arm64/boot/dts/somc/sdm845-tama-akari_kddi-overlay.dtbo: Warning (avoid_default_addr_size): arch/arm64/boot/dts/somc/sdm845-v2.1-tama-akari_kddi-overlay.dtbo: Warning (reg_format): /fragment@52/__overlay__/qcom,pcie@0x1c00000/fragment@26/__overlay__/gpio-regulator@1/fragment@22/__overlay__/qcom,pmi8998@2: : :regunit name should not have leading "0x"Relying on default #size-cells value: 

property has invalid length (8 bytes) (#address-cells == 2, #size-cells == 1)arch/arm64/boot/dts/somc/sdm845-v2-tama-akari_kddi-overlay.dtbo: Warning (unit_address_format): arch/arm64/boot/dts/somc/sdm845-tama-akari_kddi-overlay.dtbo: Warning (avoid_default_addr_size): 
/fragment@52/__overlay__/qcom,pcie@0x1c08000/fragment@26/__overlay__/gpio-regulator@2: : unit name should not have leading "0x"Relying on default #address-cells valuearch/arm64/boot/dts/somc/sdm845-v2.1-tama-akari_kddi-overlay.dtbo: Warning (reg_format): 

/fragment@22/__overlay__/qcom,pmi8998@3arch/arm64/boot/dts/somc/sdm845-v2-tama-akari_kddi-overlay.dtbo: Warning (unit_address_format): arch/arm64/boot/dts/somc/sdm845-tama-akari_kddi-overlay.dtbo: Warning (avoid_default_addr_size): :reg/fragment@52/__overlay__/pinctrl@03400000/fragment@26/__overlay__/gpio-regulator@2: : : property has invalid length (8 bytes) (#address-cells == 2, #size-cells == 1)unit name should not have leading 0sRelying on default #size-cells value


arch/arm64/boot/dts/somc/sdm845-v2-tama-akari_kddi-overlay.dtbo: Warning (unit_address_format): arch/arm64/boot/dts/somc/sdm845-tama-akari_kddi-overlay.dtbo: Warning (avoid_default_addr_size): /fragment@52/__overlay__/qcom,qup_uart@0x898000/fragment@26/__overlay__/gpio-regulator@4: : arch/arm64/boot/dts/somc/sdm845-v2.1-tama-akari_kddi-overlay.dtbo: Warning (reg_format): unit name should not have leading "0x"Relying on default #address-cells value/fragment@26/__overlay__/qcom,camera-flash@0

:regarch/arm64/boot/dts/somc/sdm845-v2-tama-akari_kddi-overlay.dtbo: Warning (unit_address_format): arch/arm64/boot/dts/somc/sdm845-tama-akari_kddi-overlay.dtbo: Warning (avoid_default_addr_size): : /fragment@52/__overlay__/qcom,qup_uart@0xa84000/fragment@26/__overlay__/gpio-regulator@4property has invalid length (8 bytes) (#address-cells == 2, #size-cells == 1): : 
unit name should not have leading "0x"Relying on default #size-cells valuearch/arm64/boot/dts/somc/sdm845-v2.1-tama-akari_kddi-overlay.dtbo: Warning (reg_format): 

/fragment@26/__overlay__/qcom,camera-flash@1:regarch/arm64/boot/dts/somc/sdm845-tama-akari_kddi-overlay.dtbo: Warning (avoid_default_addr_size): : /fragment@27/__overlay__/qcom,actuator@0property has invalid length (8 bytes) (#address-cells == 2, #size-cells == 1): 
Relying on default #address-cells valuearch/arm64/boot/dts/somc/sdm845-v2.1-tama-akari_kddi-overlay.dtbo: Warning (reg_format): 
/fragment@26/__overlay__/qcom,camera-flash@2arch/arm64/boot/dts/somc/sdm845-tama-akari_kddi-overlay.dtbo: Warning (avoid_default_addr_size): :reg/fragment@27/__overlay__/qcom,actuator@0arch/arm64/boot/dts/somc/sdm845-v2-tama-akari_kddi-overlay.dtbo: Warning (pci_device_reg): : : Failed prerequisite 'reg_format'property has invalid length (8 bytes) (#address-cells == 2, #size-cells == 1)Relying on default #size-cells value


arch/arm64/boot/dts/somc/sdm845-v2-tama-akari_kddi-overlay.dtbo: Warning (pci_device_bus_num): arch/arm64/boot/dts/somc/sdm845-v2.1-tama-akari_kddi-overlay.dtbo: Warning (reg_format): arch/arm64/boot/dts/somc/sdm845-tama-akari_kddi-overlay.dtbo: Warning (avoid_default_addr_size): Failed prerequisite 'reg_format'/fragment@26/__overlay__/qcom,camera-flash@3/fragment@27/__overlay__/qcom,actuator@1
:reg: arch/arm64/boot/dts/somc/sdm845-v2-tama-akari_kddi-overlay.dtbo: Warning (simple_bus_reg): : Relying on default #address-cells valueFailed prerequisite 'reg_format'property has invalid length (8 bytes) (#address-cells == 2, #size-cells == 1)


arch/arm64/boot/dts/somc/sdm845-tama-akari_kddi-overlay.dtbo: Warning (avoid_default_addr_size): arch/arm64/boot/dts/somc/sdm845-v2.1-tama-akari_kddi-overlay.dtbo: Warning (reg_format): /fragment@27/__overlay__/qcom,actuator@1/fragment@26/__overlay__/gpio-regulator@0: :regRelying on default #size-cells value: 
property has invalid length (8 bytes) (#address-cells == 2, #size-cells == 1)arch/arm64/boot/dts/somc/sdm845-tama-akari_kddi-overlay.dtbo: Warning (avoid_default_addr_size): 
/fragment@27/__overlay__/qcom,actuator@2arch/arm64/boot/dts/somc/sdm845-v2.1-tama-akari_kddi-overlay.dtbo: Warning (reg_format): : /fragment@26/__overlay__/gpio-regulator@1Relying on default #address-cells value:reg
: arch/arm64/boot/dts/somc/sdm845-tama-akari_kddi-overlay.dtbo: Warning (avoid_default_addr_size): property has invalid length (8 bytes) (#address-cells == 2, #size-cells == 1)/fragment@27/__overlay__/qcom,actuator@2
: arch/arm64/boot/dts/somc/sdm845-v2.1-tama-akari_kddi-overlay.dtbo: Warning (reg_format): Relying on default #size-cells value/fragment@26/__overlay__/gpio-regulator@2
:regarch/arm64/boot/dts/somc/sdm845-tama-akari_kddi-overlay.dtbo: Warning (avoid_default_addr_size): : /fragment@27/__overlay__/qcom,ois@0property has invalid length (8 bytes) (#address-cells == 2, #size-cells == 1): 
Relying on default #address-cells valuearch/arm64/boot/dts/somc/sdm845-v2-tama-akari_kddi-overlay.dtbo: Warning (avoid_default_addr_size): arch/arm64/boot/dts/somc/sdm845-v2.1-tama-akari_kddi-overlay.dtbo: Warning (reg_format): 
/fragment@22/__overlay__/qcom,pmi8998@2/fragment@26/__overlay__/gpio-regulator@4arch/arm64/boot/dts/somc/sdm845-tama-akari_kddi-overlay.dtbo: Warning (avoid_default_addr_size): : :reg/fragment@27/__overlay__/qcom,ois@0Relying on default #address-cells value: : 
property has invalid length (8 bytes) (#address-cells == 2, #size-cells == 1)Relying on default #size-cells valuearch/arm64/boot/dts/somc/sdm845-v2-tama-akari_kddi-overlay.dtbo: Warning (avoid_default_addr_size): 

arch/arm64/boot/dts/somc/sdm845-v2.1-tama-akari_kddi-overlay.dtbo: Warning (reg_format): /fragment@22/__overlay__/qcom,pmi8998@2arch/arm64/boot/dts/somc/sdm845-tama-akari_kddi-overlay.dtbo: Warning (avoid_default_addr_size): /fragment@27/__overlay__/qcom,actuator@0: /fragment@27/__overlay__/qcom,eeprom@0:regRelying on default #size-cells value: : 
Relying on default #address-cells valueproperty has invalid length (4 bytes) (#address-cells == 2, #size-cells == 1)

arch/arm64/boot/dts/somc/sdm845-tama-akari_kddi-overlay.dtbo: Warning (avoid_default_addr_size): arch/arm64/boot/dts/somc/sdm845-v2.1-tama-akari_kddi-overlay.dtbo: Warning (reg_format): /fragment@27/__overlay__/qcom,eeprom@0/fragment@27/__overlay__/qcom,actuator@1: :regarch/arm64/boot/dts/somc/sdm845-v2-tama-akari_kddi-overlay.dtbo: Warning (avoid_default_addr_size): Relying on default #size-cells value: /fragment@22/__overlay__/qcom,pmi8998@3
property has invalid length (4 bytes) (#address-cells == 2, #size-cells == 1): arch/arm64/boot/dts/somc/sdm845-tama-akari_kddi-overlay.dtbo: Warning (avoid_default_addr_size): 
Relying on default #address-cells value/fragment@27/__overlay__/qcom,eeprom@1arch/arm64/boot/dts/somc/sdm845-v2.1-tama-akari_kddi-overlay.dtbo: Warning (reg_format): 
: /fragment@27/__overlay__/qcom,actuator@2arch/arm64/boot/dts/somc/sdm845-v2-tama-akari_kddi-overlay.dtbo: Warning (avoid_default_addr_size): Relying on default #address-cells value:reg/fragment@22/__overlay__/qcom,pmi8998@3
: : arch/arm64/boot/dts/somc/sdm845-tama-akari_kddi-overlay.dtbo: Warning (avoid_default_addr_size): property has invalid length (4 bytes) (#address-cells == 2, #size-cells == 1)Relying on default #size-cells value/fragment@27/__overlay__/qcom,eeprom@1

: arch/arm64/boot/dts/somc/sdm845-v2.1-tama-akari_kddi-overlay.dtbo: Warning (reg_format): Relying on default #size-cells value/fragment@27/__overlay__/qcom,ois@0
:regarch/arm64/boot/dts/somc/sdm845-tama-akari_kddi-overlay.dtbo: Warning (avoid_default_addr_size): : /fragment@27/__overlay__/qcom,eeprom@2property has invalid length (4 bytes) (#address-cells == 2, #size-cells == 1): 
arch/arm64/boot/dts/somc/sdm845-v2-tama-akari_kddi-overlay.dtbo: Warning (avoid_default_addr_size): Relying on default #address-cells valuearch/arm64/boot/dts/somc/sdm845-v2.1-tama-akari_kddi-overlay.dtbo: Warning (reg_format): /fragment@26/__overlay__/qcom,camera-flash@0
/fragment@27/__overlay__/qcom,eeprom@0: arch/arm64/boot/dts/somc/sdm845-tama-akari_kddi-overlay.dtbo: Warning (avoid_default_addr_size): :regRelying on default #address-cells value/fragment@27/__overlay__/qcom,eeprom@2: 
: property has invalid length (4 bytes) (#address-cells == 2, #size-cells == 1)arch/arm64/boot/dts/somc/sdm845-v2-tama-akari_kddi-overlay.dtbo: Warning (avoid_default_addr_size): Relying on default #size-cells value
/fragment@26/__overlay__/qcom,camera-flash@0
arch/arm64/boot/dts/somc/sdm845-v2.1-tama-akari_kddi-overlay.dtbo: Warning (reg_format): : arch/arm64/boot/dts/somc/sdm845-tama-akari_kddi-overlay.dtbo: Warning (avoid_default_addr_size): /fragment@27/__overlay__/qcom,eeprom@1Relying on default #size-cells value/fragment@27/__overlay__/qcom,cam-sensor@0:reg
: : arch/arm64/boot/dts/somc/sdm845-v2-tama-akari_kddi-overlay.dtbo: Warning (avoid_default_addr_size): Relying on default #address-cells valueproperty has invalid length (4 bytes) (#address-cells == 2, #size-cells == 1)/fragment@26/__overlay__/qcom,camera-flash@1

: arch/arm64/boot/dts/somc/sdm845-tama-akari_kddi-overlay.dtbo: Warning (avoid_default_addr_size): arch/arm64/boot/dts/somc/sdm845-v2.1-tama-akari_kddi-overlay.dtbo: Warning (reg_format): Relying on default #address-cells value/fragment@27/__overlay__/qcom,cam-sensor@0/fragment@27/__overlay__/qcom,eeprom@2
: :regarch/arm64/boot/dts/somc/sdm845-v2-tama-akari_kddi-overlay.dtbo: Warning (avoid_default_addr_size): Relying on default #size-cells value: /fragment@26/__overlay__/qcom,camera-flash@1
property has invalid length (4 bytes) (#address-cells == 2, #size-cells == 1): arch/arm64/boot/dts/somc/sdm845-tama-akari_kddi-overlay.dtbo: Warning (avoid_default_addr_size): 
Relying on default #size-cells value/fragment@27/__overlay__/qcom,cam-sensor@1arch/arm64/boot/dts/somc/sdm845-v2.1-tama-akari_kddi-overlay.dtbo: Warning (reg_format): 
: /fragment@27/__overlay__/qcom,cam-sensor@0arch/arm64/boot/dts/somc/sdm845-v2-tama-akari_kddi-overlay.dtbo: Warning (avoid_default_addr_size): Relying on default #address-cells value:reg/fragment@26/__overlay__/qcom,camera-flash@2
: : arch/arm64/boot/dts/somc/sdm845-tama-akari_kddi-overlay.dtbo: Warning (avoid_default_addr_size): property has invalid length (4 bytes) (#address-cells == 2, #size-cells == 1)Relying on default #address-cells value/fragment@27/__overlay__/qcom,cam-sensor@1

: arch/arm64/boot/dts/somc/sdm845-v2.1-tama-akari_kddi-overlay.dtbo: Warning (reg_format): arch/arm64/boot/dts/somc/sdm845-v2-tama-akari_kddi-overlay.dtbo: Warning (avoid_default_addr_size): Relying on default #size-cells value/fragment@27/__overlay__/qcom,cam-sensor@1/fragment@26/__overlay__/qcom,camera-flash@2
:reg: arch/arm64/boot/dts/somc/sdm845-tama-akari_kddi-overlay.dtbo: Warning (avoid_default_addr_size): : Relying on default #size-cells value/fragment@27/__overlay__/qcom,cam-sensor@2property has invalid length (4 bytes) (#address-cells == 2, #size-cells == 1)
: 
arch/arm64/boot/dts/somc/sdm845-v2-tama-akari_kddi-overlay.dtbo: Warning (avoid_default_addr_size): Relying on default #address-cells valuearch/arm64/boot/dts/somc/sdm845-v2.1-tama-akari_kddi-overlay.dtbo: Warning (reg_format): /fragment@26/__overlay__/qcom,camera-flash@3
/fragment@27/__overlay__/qcom,cam-sensor@2: arch/arm64/boot/dts/somc/sdm845-tama-akari_kddi-overlay.dtbo: Warning (avoid_default_addr_size): :regRelying on default #address-cells value/fragment@27/__overlay__/qcom,cam-sensor@2: 
: property has invalid length (4 bytes) (#address-cells == 2, #size-cells == 1)arch/arm64/boot/dts/somc/sdm845-v2-tama-akari_kddi-overlay.dtbo: Warning (avoid_default_addr_size): Relying on default #size-cells value
/fragment@26/__overlay__/qcom,camera-flash@3
arch/arm64/boot/dts/somc/sdm845-v2.1-tama-akari_kddi-overlay.dtbo: Warning (reg_format): arch/arm64/boot/dts/somc/sdm845-tama-akari_kddi-overlay.dtbo: Warning (avoid_default_addr_size): : /fragment@27/__overlay__/qcom,cam-sensor@3/fragment@27/__overlay__/qcom,cam-sensor@3Relying on default #size-cells value:reg: 
: Relying on default #address-cells valuearch/arm64/boot/dts/somc/sdm845-v2-tama-akari_kddi-overlay.dtbo: Warning (avoid_default_addr_size): property has invalid length (4 bytes) (#address-cells == 2, #size-cells == 1)
/fragment@26/__overlay__/gpio-regulator@0
arch/arm64/boot/dts/somc/sdm845-tama-akari_kddi-overlay.dtbo: Warning (avoid_default_addr_size): : arch/arm64/boot/dts/somc/sdm845-v2.1-tama-akari_kddi-overlay.dtbo: Warning (reg_format): /fragment@27/__overlay__/qcom,cam-sensor@3Relying on default #address-cells value/fragment@28/__overlay__/qcom,smb1355@8: 
:regRelying on default #size-cells valuearch/arm64/boot/dts/somc/sdm845-v2-tama-akari_kddi-overlay.dtbo: Warning (avoid_default_addr_size): : 
/fragment@26/__overlay__/gpio-regulator@0arch/arm64/boot/dts/somc/sdm845-tama-akari_kddi-overlay.dtbo: Warning (avoid_default_addr_size): property has invalid length (4 bytes) (#address-cells == 2, #size-cells == 1): /fragment@28/__overlay__/qcom,smb1355@8
Relying on default #size-cells valuearch/arm64/boot/dts/somc/sdm845-v2.1-tama-akari_kddi-overlay.dtbo: Warning (reg_format): : 
/fragment@28/__overlay__/qcom,smb1355@cRelying on default #address-cells valuearch/arm64/boot/dts/somc/sdm845-v2-tama-akari_kddi-overlay.dtbo: Warning (avoid_default_addr_size): :reg
/fragment@26/__overlay__/gpio-regulator@1: arch/arm64/boot/dts/somc/sdm845-tama-akari_kddi-overlay.dtbo: Warning (avoid_default_addr_size): : property has invalid length (4 bytes) (#address-cells == 2, #size-cells == 1)/fragment@28/__overlay__/qcom,smb1355@8Relying on default #address-cells value
: 
Relying on default #size-cells valuearch/arm64/boot/dts/somc/sdm845-v2-tama-akari_kddi-overlay.dtbo: Warning (avoid_default_addr_size): 
arch/arm64/boot/dts/somc/sdm845-v2.1-tama-akari_kddi-overlay.dtbo: Warning (reg_format): /fragment@26/__overlay__/gpio-regulator@1/fragment@38/__overlay__/nq@28arch/arm64/boot/dts/somc/sdm845-tama-akari_kddi-overlay.dtbo: Warning (avoid_default_addr_size): : :reg/fragment@28/__overlay__/qcom,smb1355@cRelying on default #size-cells value: : 
property has invalid length (4 bytes) (#address-cells == 2, #size-cells == 1)Relying on default #address-cells valuearch/arm64/boot/dts/somc/sdm845-v2-tama-akari_kddi-overlay.dtbo: Warning (avoid_default_addr_size): 

arch/arm64/boot/dts/somc/sdm845-v2.1-tama-akari_kddi-overlay.dtbo: Warning (reg_format): /fragment@26/__overlay__/gpio-regulator@2arch/arm64/boot/dts/somc/sdm845-tama-akari_kddi-overlay.dtbo: Warning (avoid_default_addr_size): /fragment@42/__overlay__/chan@83: /fragment@28/__overlay__/qcom,smb1355@c:regRelying on default #address-cells value: : 
Relying on default #size-cells valueproperty has invalid length (4 bytes) (#address-cells == 2, #size-cells == 1)arch/arm64/boot/dts/somc/sdm845-v2-tama-akari_kddi-overlay.dtbo: Warning (avoid_default_addr_size): 

/fragment@26/__overlay__/gpio-regulator@2arch/arm64/boot/dts/somc/sdm845-v2.1-tama-akari_kddi-overlay.dtbo: Warning (reg_format): : /fragment@42/__overlay__/chan@85Relying on default #size-cells valuearch/arm64/boot/dts/somc/sdm845-tama-akari_kddi-overlay.dtbo: Warning (avoid_default_addr_size): :reg
/fragment@38/__overlay__/nq@28: arch/arm64/boot/dts/somc/sdm845-v2-tama-akari_kddi-overlay.dtbo: Warning (avoid_default_addr_size): : property has invalid length (4 bytes) (#address-cells == 2, #size-cells == 1)/fragment@26/__overlay__/gpio-regulator@4Relying on default #address-cells value
: 
arch/arm64/boot/dts/somc/sdm845-v2.1-tama-akari_kddi-overlay.dtbo: Warning (reg_format): Relying on default #address-cells valuearch/arm64/boot/dts/somc/sdm845-tama-akari_kddi-overlay.dtbo: Warning (avoid_default_addr_size): /fragment@42/__overlay__/chan@4c
/fragment@38/__overlay__/nq@28:regarch/arm64/boot/dts/somc/sdm845-v2-tama-akari_kddi-overlay.dtbo: Warning (avoid_default_addr_size): : : /fragment@26/__overlay__/gpio-regulator@4Relying on default #size-cells valueproperty has invalid length (4 bytes) (#address-cells == 2, #size-cells == 1): 

Relying on default #size-cells valuearch/arm64/boot/dts/somc/sdm845-tama-akari_kddi-overlay.dtbo: Warning (avoid_default_addr_size): arch/arm64/boot/dts/somc/sdm845-v2.1-tama-akari_kddi-overlay.dtbo: Warning (reg_format): 
/fragment@42/__overlay__/chan@83/fragment@42/__overlay__/chan@4darch/arm64/boot/dts/somc/sdm845-v2-tama-akari_kddi-overlay.dtbo: Warning (avoid_default_addr_size): : :reg/fragment@27/__overlay__/qcom,actuator@0Relying on default #address-cells value: : 
property has invalid length (4 bytes) (#address-cells == 2, #size-cells == 1)Relying on default #address-cells valuearch/arm64/boot/dts/somc/sdm845-tama-akari_kddi-overlay.dtbo: Warning (avoid_default_addr_size): 

/fragment@42/__overlay__/chan@83arch/arm64/boot/dts/somc/sdm845-v2.1-tama-akari_kddi-overlay.dtbo: Warning (reg_format): arch/arm64/boot/dts/somc/sdm845-v2-tama-akari_kddi-overlay.dtbo: Warning (avoid_default_addr_size): : /fragment@42/__overlay__/chan@4f/fragment@27/__overlay__/qcom,actuator@0Relying on default #size-cells value:reg: 
: Relying on default #size-cells valuearch/arm64/boot/dts/somc/sdm845-tama-akari_kddi-overlay.dtbo: Warning (avoid_default_addr_size): property has invalid length (4 bytes) (#address-cells == 2, #size-cells == 1)
/fragment@42/__overlay__/chan@85
arch/arm64/boot/dts/somc/sdm845-v2-tama-akari_kddi-overlay.dtbo: Warning (avoid_default_addr_size): : arch/arm64/boot/dts/somc/sdm845-v2.1-tama-akari_kddi-overlay.dtbo: Warning (reg_format): /fragment@27/__overlay__/qcom,actuator@1Relying on default #address-cells value/fragment@42/__overlay__/chan@51: 
:regRelying on default #address-cells valuearch/arm64/boot/dts/somc/sdm845-tama-akari_kddi-overlay.dtbo: Warning (avoid_default_addr_size): : 
/fragment@42/__overlay__/chan@85property has invalid length (4 bytes) (#address-cells == 2, #size-cells == 1)arch/arm64/boot/dts/somc/sdm845-v2-tama-akari_kddi-overlay.dtbo: Warning (avoid_default_addr_size): : 
/fragment@27/__overlay__/qcom,actuator@1Relying on default #size-cells valuearch/arm64/boot/dts/somc/sdm845-v2.1-tama-akari_kddi-overlay.dtbo: Warning (reg_format): : 
/fragment@43/__overlay__/chan@83Relying on default #size-cells valuearch/arm64/boot/dts/somc/sdm845-tama-akari_kddi-overlay.dtbo: Warning (avoid_default_addr_size): :reg
/fragment@42/__overlay__/chan@4c: arch/arm64/boot/dts/somc/sdm845-v2-tama-akari_kddi-overlay.dtbo: Warning (avoid_default_addr_size): : property has invalid length (4 bytes) (#address-cells == 2, #size-cells == 1)/fragment@27/__overlay__/qcom,actuator@2Relying on default #address-cells value
: 
arch/arm64/boot/dts/somc/sdm845-v2.1-tama-akari_kddi-overlay.dtbo: Warning (reg_format): Relying on default #address-cells valuearch/arm64/boot/dts/somc/sdm845-tama-akari_kddi-overlay.dtbo: Warning (avoid_default_addr_size): /fragment@43/__overlay__/chan@4c
/fragment@42/__overlay__/chan@4c:regarch/arm64/boot/dts/somc/sdm845-v2-tama-akari_kddi-overlay.dtbo: Warning (avoid_default_addr_size): : : /fragment@27/__overlay__/qcom,actuator@2Relying on default #size-cells valueproperty has invalid length (4 bytes) (#address-cells == 2, #size-cells == 1): 

Relying on default #size-cells valuearch/arm64/boot/dts/somc/sdm845-tama-akari_kddi-overlay.dtbo: Warning (avoid_default_addr_size): arch/arm64/boot/dts/somc/sdm845-v2.1-tama-akari_kddi-overlay.dtbo: Warning (reg_format): 
/fragment@42/__overlay__/chan@4d/fragment@43/__overlay__/chan@4darch/arm64/boot/dts/somc/sdm845-v2-tama-akari_kddi-overlay.dtbo: Warning (avoid_default_addr_size): : :reg/fragment@27/__overlay__/qcom,ois@0Relying on default #address-cells value: : 
property has invalid length (4 bytes) (#address-cells == 2, #size-cells == 1)Relying on default #address-cells valuearch/arm64/boot/dts/somc/sdm845-tama-akari_kddi-overlay.dtbo: Warning (avoid_default_addr_size): 

/fragment@42/__overlay__/chan@4darch/arm64/boot/dts/somc/sdm845-v2.1-tama-akari_kddi-overlay.dtbo: Warning (reg_format): arch/arm64/boot/dts/somc/sdm845-v2-tama-akari_kddi-overlay.dtbo: Warning (avoid_default_addr_size): : /fragment@43/__overlay__/chan@4f/fragment@27/__overlay__/qcom,ois@0Relying on default #size-cells value:reg: 
: Relying on default #size-cells valuearch/arm64/boot/dts/somc/sdm845-tama-akari_kddi-overlay.dtbo: Warning (avoid_default_addr_size): property has invalid length (4 bytes) (#address-cells == 2, #size-cells == 1)
/fragment@42/__overlay__/chan@4f
arch/arm64/boot/dts/somc/sdm845-v2-tama-akari_kddi-overlay.dtbo: Warning (avoid_default_addr_size): : arch/arm64/boot/dts/somc/sdm845-v2.1-tama-akari_kddi-overlay.dtbo: Warning (reg_format): /fragment@27/__overlay__/qcom,eeprom@0Relying on default #address-cells value/fragment@43/__overlay__/chan@51: 
:regRelying on default #address-cells valuearch/arm64/boot/dts/somc/sdm845-tama-akari_kddi-overlay.dtbo: Warning (avoid_default_addr_size): : 
/fragment@42/__overlay__/chan@4fproperty has invalid length (4 bytes) (#address-cells == 2, #size-cells == 1)arch/arm64/boot/dts/somc/sdm845-v2-tama-akari_kddi-overlay.dtbo: Warning (avoid_default_addr_size): : 
/fragment@27/__overlay__/qcom,eeprom@0Relying on default #size-cells value: 
Relying on default #size-cells valuearch/arm64/boot/dts/somc/sdm845-tama-akari_kddi-overlay.dtbo: Warning (avoid_default_addr_size): arch/arm64/boot/dts/somc/sdm845-v2.1-tama-akari_kddi-overlay.dtbo: Warning (reg_format): 
/fragment@42/__overlay__/chan@51arch/arm64/boot/dts/somc/sdm845-v2-tama-akari_kddi-overlay.dtbo: Warning (avoid_default_addr_size): /reserved-memory/debug_region@ffb00000: /fragment@27/__overlay__/qcom,eeprom@1:regRelying on default #address-cells value: : 
Relying on default #address-cells valueproperty has invalid length (16 bytes) (#address-cells == 2, #size-cells == 1)arch/arm64/boot/dts/somc/sdm845-tama-akari_kddi-overlay.dtbo: Warning (avoid_default_addr_size): 

/fragment@42/__overlay__/chan@51arch/arm64/boot/dts/somc/sdm845-v2-tama-akari_kddi-overlay.dtbo: Warning (avoid_default_addr_size): arch/arm64/boot/dts/somc/sdm845-v2.1-tama-akari_kddi-overlay.dtbo: Warning (reg_format): : /fragment@27/__overlay__/qcom,eeprom@1/reserved-memory/ramoops@ffc00000Relying on default #size-cells value: :reg
Relying on default #size-cells value: arch/arm64/boot/dts/somc/sdm845-tama-akari_kddi-overlay.dtbo: Warning (avoid_default_addr_size): 
property has invalid length (16 bytes) (#address-cells == 2, #size-cells == 1)/fragment@43/__overlay__/chan@83arch/arm64/boot/dts/somc/sdm845-v2-tama-akari_kddi-overlay.dtbo: Warning (avoid_default_addr_size): 
: /fragment@27/__overlay__/qcom,eeprom@2arch/arm64/boot/dts/somc/sdm845-v2.1-tama-akari_kddi-overlay.dtbo: Warning (reg_format): Relying on default #address-cells value: /reserved-memory/qseecom_region@0x8ab00000
Relying on default #address-cells value:regarch/arm64/boot/dts/somc/sdm845-tama-akari_kddi-overlay.dtbo: Warning (avoid_default_addr_size): 
: /fragment@43/__overlay__/chan@83arch/arm64/boot/dts/somc/sdm845-v2-tama-akari_kddi-overlay.dtbo: Warning (avoid_default_addr_size): property has invalid length (16 bytes) (#address-cells == 2, #size-cells == 1): /fragment@27/__overlay__/qcom,eeprom@2
Relying on default #size-cells value: arch/arm64/boot/dts/somc/sdm845-v2.1-tama-akari_kddi-overlay.dtbo: Warning (reg_format): 
Relying on default #size-cells value/reserved-memory/camera_region@0x97c00000arch/arm64/boot/dts/somc/sdm845-tama-akari_kddi-overlay.dtbo: Warning (avoid_default_addr_size): 
:reg/fragment@43/__overlay__/chan@4carch/arm64/boot/dts/somc/sdm845-v2-tama-akari_kddi-overlay.dtbo: Warning (avoid_default_addr_size): : : /fragment@27/__overlay__/qcom,cam-sensor@0property has invalid length (16 bytes) (#address-cells == 2, #size-cells == 1)Relying on default #address-cells value: 

Relying on default #address-cells valuearch/arm64/boot/dts/somc/sdm845-tama-akari_kddi-overlay.dtbo: Warning (avoid_default_addr_size): 
arch/arm64/boot/dts/somc/sdm845-v2.1-tama-akari_kddi-overlay.dtbo: Warning (reg_format): /fragment@43/__overlay__/chan@4carch/arm64/boot/dts/somc/sdm845-v2-tama-akari_kddi-overlay.dtbo: Warning (avoid_default_addr_size): /fragment@52/__overlay__/i2c@a98000/tcs3490@72: /fragment@27/__overlay__/qcom,cam-sensor@0:regRelying on default #size-cells value: : 
Relying on default #size-cells valueproperty has invalid length (4 bytes) (#address-cells == 2, #size-cells == 1)arch/arm64/boot/dts/somc/sdm845-tama-akari_kddi-overlay.dtbo: Warning (avoid_default_addr_size): 

/fragment@43/__overlay__/chan@4darch/arm64/boot/dts/somc/sdm845-v2-tama-akari_kddi-overlay.dtbo: Warning (avoid_default_addr_size): arch/arm64/boot/dts/somc/sdm845-v2.1-tama-akari_kddi-overlay.dtbo: Warning (reg_format): : /fragment@27/__overlay__/qcom,cam-sensor@1/fragment@52/__overlay__/i2c@a98000/tof_sensor@52Relying on default #address-cells value: :reg
Relying on default #address-cells value: arch/arm64/boot/dts/somc/sdm845-tama-akari_kddi-overlay.dtbo: Warning (avoid_default_addr_size): 
property has invalid length (4 bytes) (#address-cells == 2, #size-cells == 1)/fragment@43/__overlay__/chan@4darch/arm64/boot/dts/somc/sdm845-v2-tama-akari_kddi-overlay.dtbo: Warning (avoid_default_addr_size): 
: /fragment@27/__overlay__/qcom,cam-sensor@1Relying on default #size-cells valuearch/arm64/boot/dts/somc/sdm845-v2.1-tama-akari_kddi-overlay.dtbo: Warning (reg_format): : 
/fragment@52/__overlay__/sony,camera_modules@0Relying on default #size-cells valuearch/arm64/boot/dts/somc/sdm845-tama-akari_kddi-overlay.dtbo: Warning (avoid_default_addr_size): :reg
/fragment@43/__overlay__/chan@4f: arch/arm64/boot/dts/somc/sdm845-v2-tama-akari_kddi-overlay.dtbo: Warning (avoid_default_addr_size): : property has invalid length (4 bytes) (#address-cells == 2, #size-cells == 1)/fragment@27/__overlay__/qcom,cam-sensor@2Relying on default #address-cells value
: 
arch/arm64/boot/dts/somc/sdm845-v2.1-tama-akari_kddi-overlay.dtbo: Warning (reg_format): Relying on default #address-cells valuearch/arm64/boot/dts/somc/sdm845-tama-akari_kddi-overlay.dtbo: Warning (avoid_default_addr_size): /fragment@52/__overlay__/sony,camera_modules@1
/fragment@43/__overlay__/chan@4f:regarch/arm64/boot/dts/somc/sdm845-v2-tama-akari_kddi-overlay.dtbo: Warning (avoid_default_addr_size): : : /fragment@27/__overlay__/qcom,cam-sensor@2Relying on default #size-cells valueproperty has invalid length (4 bytes) (#address-cells == 2, #size-cells == 1): 

Relying on default #size-cells valuearch/arm64/boot/dts/somc/sdm845-tama-akari_kddi-overlay.dtbo: Warning (avoid_default_addr_size): 
/fragment@43/__overlay__/chan@51arch/arm64/boot/dts/somc/sdm845-v2-tama-akari_kddi-overlay.dtbo: Warning (avoid_default_addr_size): : /fragment@27/__overlay__/qcom,cam-sensor@3Relying on default #address-cells value: 
Relying on default #address-cells valuearch/arm64/boot/dts/somc/sdm845-tama-akari_kddi-overlay.dtbo: Warning (avoid_default_addr_size): 
/fragment@43/__overlay__/chan@51arch/arm64/boot/dts/somc/sdm845-v2-tama-akari_kddi-overlay.dtbo: Warning (avoid_default_addr_size): : /fragment@27/__overlay__/qcom,cam-sensor@3Relying on default #size-cells value: 
Relying on default #size-cells valuearch/arm64/boot/dts/somc/sdm845-v2.1-tama-akari_kddi-overlay.dtbo: Warning (reg_format): 
/fragment@70/__overlay__/chan@4earch/arm64/boot/dts/somc/sdm845-v2-tama-akari_kddi-overlay.dtbo: Warning (avoid_default_addr_size): :reg/fragment@28/__overlay__/qcom,smb1355@8: : property has invalid length (4 bytes) (#address-cells == 2, #size-cells == 1)arch/arm64/boot/dts/somc/sdm845-tama-akari_kddi-overlay.dtbo: Warning (avoid_default_addr_size): Relying on default #address-cells value
/reserved-memory/debug_region@ffb00000
arch/arm64/boot/dts/somc/sdm845-v2.1-tama-akari_kddi-overlay.dtbo: Warning (reg_format): : arch/arm64/boot/dts/somc/sdm845-v2-tama-akari_kddi-overlay.dtbo: Warning (avoid_default_addr_size): /fragment@70/__overlay__/chan@50Relying on default #address-cells value/fragment@28/__overlay__/qcom,smb1355@8:reg
: : arch/arm64/boot/dts/somc/sdm845-tama-akari_kddi-overlay.dtbo: Warning (avoid_default_addr_size): Relying on default #size-cells valueproperty has invalid length (4 bytes) (#address-cells == 2, #size-cells == 1)/reserved-memory/debug_region@ffb00000

: arch/arm64/boot/dts/somc/sdm845-v2.1-tama-akari_kddi-overlay.dtbo: Warning (reg_format): arch/arm64/boot/dts/somc/sdm845-v2-tama-akari_kddi-overlay.dtbo: Warning (avoid_default_addr_size): Relying on default #size-cells value/fragment@70/__overlay__/chan@53/fragment@28/__overlay__/qcom,smb1355@c
:reg: arch/arm64/boot/dts/somc/sdm845-tama-akari_kddi-overlay.dtbo: Warning (avoid_default_addr_size): : Relying on default #address-cells value/reserved-memory/ramoops@ffc00000property has invalid length (4 bytes) (#address-cells == 2, #size-cells == 1)
: 
arch/arm64/boot/dts/somc/sdm845-v2-tama-akari_kddi-overlay.dtbo: Warning (avoid_default_addr_size): Relying on default #address-cells valuearch/arm64/boot/dts/somc/sdm845-v2.1-tama-akari_kddi-overlay.dtbo: Warning (reg_format): /fragment@28/__overlay__/qcom,smb1355@c
/fragment@71/__overlay__/chan@4e: arch/arm64/boot/dts/somc/sdm845-tama-akari_kddi-overlay.dtbo: Warning (avoid_default_addr_size): :regRelying on default #size-cells value/reserved-memory/ramoops@ffc00000: 
: property has invalid length (4 bytes) (#address-cells == 2, #size-cells == 1)Relying on default #size-cells value

arch/arm64/boot/dts/somc/sdm845-v2-tama-akari_kddi-overlay.dtbo: Warning (avoid_default_addr_size): arch/arm64/boot/dts/somc/sdm845-v2.1-tama-akari_kddi-overlay.dtbo: Warning (reg_format): arch/arm64/boot/dts/somc/sdm845-tama-akari_kddi-overlay.dtbo: Warning (avoid_default_addr_size): /fragment@38/__overlay__/nq@28/fragment@71/__overlay__/chan@50/reserved-memory/qseecom_region@0x8ab00000: :reg: Relying on default #address-cells value: Relying on default #address-cells value
property has invalid length (4 bytes) (#address-cells == 2, #size-cells == 1)
arch/arm64/boot/dts/somc/sdm845-v2-tama-akari_kddi-overlay.dtbo: Warning (avoid_default_addr_size): 
arch/arm64/boot/dts/somc/sdm845-tama-akari_kddi-overlay.dtbo: Warning (avoid_default_addr_size): /fragment@38/__overlay__/nq@28arch/arm64/boot/dts/somc/sdm845-v2.1-tama-akari_kddi-overlay.dtbo: Warning (reg_format): /reserved-memory/qseecom_region@0x8ab00000: /fragment@71/__overlay__/chan@53: Relying on default #size-cells value:regRelying on default #size-cells value
: 
arch/arm64/boot/dts/somc/sdm845-v2-tama-akari_kddi-overlay.dtbo: Warning (avoid_default_addr_size): property has invalid length (4 bytes) (#address-cells == 2, #size-cells == 1)arch/arm64/boot/dts/somc/sdm845-tama-akari_kddi-overlay.dtbo: Warning (avoid_default_addr_size): /fragment@42/__overlay__/chan@83
/reserved-memory/camera_region@0x97c00000: : Relying on default #address-cells valueRelying on default #address-cells value

arch/arm64/boot/dts/somc/sdm845-v2-tama-akari_kddi-overlay.dtbo: Warning (avoid_default_addr_size): arch/arm64/boot/dts/somc/sdm845-tama-akari_kddi-overlay.dtbo: Warning (avoid_default_addr_size): arch/arm64/boot/dts/somc/sdm845-v2.1-tama-akari_kddi-overlay.dtbo: Warning (reg_format): /fragment@42/__overlay__/chan@83/reserved-memory/camera_region@0x97c00000/fragment@81/__overlay__/synaptics_clearpad@2c: : :regRelying on default #size-cells valueRelying on default #size-cells value: 

property has invalid length (4 bytes) (#address-cells == 2, #size-cells == 1)arch/arm64/boot/dts/somc/sdm845-v2-tama-akari_kddi-overlay.dtbo: Warning (avoid_default_addr_size): 
/fragment@42/__overlay__/chan@85: arch/arm64/boot/dts/somc/sdm845-tama-akari_kddi-overlay.dtbo: Warning (avoid_default_addr_size): Relying on default #address-cells value/fragment@52/__overlay__/i2c@a98000/tcs3490@72
arch/arm64/boot/dts/somc/sdm845-v2.1-tama-akari_kddi-overlay.dtbo: Warning (reg_format): : arch/arm64/boot/dts/somc/sdm845-v2-tama-akari_kddi-overlay.dtbo: Warning (avoid_default_addr_size): /fragment@82/__overlay__/synaptics_tcm@3cRelying on default #address-cells value/fragment@42/__overlay__/chan@85:reg
: : arch/arm64/boot/dts/somc/sdm845-tama-akari_kddi-overlay.dtbo: Warning (avoid_default_addr_size): Relying on default #size-cells valueproperty has invalid length (4 bytes) (#address-cells == 2, #size-cells == 1)/fragment@52/__overlay__/i2c@a98000/tcs3490@72

: arch/arm64/boot/dts/somc/sdm845-v2-tama-akari_kddi-overlay.dtbo: Warning (avoid_default_addr_size): arch/arm64/boot/dts/somc/sdm845-v2.1-tama-akari_kddi-overlay.dtbo: Warning (reg_format): Relying on default #size-cells value/fragment@42/__overlay__/chan@4c/fragment@84/__overlay__/i2c@a88000/idtp9221@61
: :regarch/arm64/boot/dts/somc/sdm845-tama-akari_kddi-overlay.dtbo: Warning (avoid_default_addr_size): Relying on default #address-cells value: /fragment@52/__overlay__/i2c@a98000/tof_sensor@52
property has invalid length (4 bytes) (#address-cells == 2, #size-cells == 1): arch/arm64/boot/dts/somc/sdm845-v2-tama-akari_kddi-overlay.dtbo: Warning (avoid_default_addr_size): 
Relying on default #address-cells value/fragment@42/__overlay__/chan@4c
: arch/arm64/boot/dts/somc/sdm845-v2.1-tama-akari_kddi-overlay.dtbo: Warning (reg_format): arch/arm64/boot/dts/somc/sdm845-tama-akari_kddi-overlay.dtbo: Warning (avoid_default_addr_size): Relying on default #size-cells value/fragment@87/__overlay__/spi@890000/tmm3spi@0/fragment@52/__overlay__/i2c@a98000/tof_sensor@52
:reg: arch/arm64/boot/dts/somc/sdm845-v2-tama-akari_kddi-overlay.dtbo: Warning (avoid_default_addr_size): : Relying on default #size-cells value/fragment@42/__overlay__/chan@4dproperty has invalid length (4 bytes) (#address-cells == 2, #size-cells == 1)
: 
arch/arm64/boot/dts/somc/sdm845-tama-akari_kddi-overlay.dtbo: Warning (avoid_default_addr_size): Relying on default #address-cells valuearch/arm64/boot/dts/somc/sdm845-v2.1-tama-akari_kddi-overlay.dtbo: Warning (reg_format): /fragment@52/__overlay__/sony,camera_modules@0
/fragment@88/__overlay__/felica_ldo@1e: arch/arm64/boot/dts/somc/sdm845-v2-tama-akari_kddi-overlay.dtbo: Warning (avoid_default_addr_size): :regRelying on default #address-cells value/fragment@42/__overlay__/chan@4d: 
: property has invalid length (4 bytes) (#address-cells == 2, #size-cells == 1)arch/arm64/boot/dts/somc/sdm845-tama-akari_kddi-overlay.dtbo: Warning (avoid_default_addr_size): Relying on default #size-cells value
/fragment@52/__overlay__/sony,camera_modules@0
arch/arm64/boot/dts/somc/sdm845-v2.1-tama-akari_kddi-overlay.dtbo: Warning (reg_format): : arch/arm64/boot/dts/somc/sdm845-v2-tama-akari_kddi-overlay.dtbo: Warning (avoid_default_addr_size): /fragment@88/__overlay__/felica@29Relying on default #size-cells value/fragment@42/__overlay__/chan@4f:reg
: : Relying on default #address-cells valuearch/arm64/boot/dts/somc/sdm845-tama-akari_kddi-overlay.dtbo: Warning (avoid_default_addr_size): property has invalid length (4 bytes) (#address-cells == 2, #size-cells == 1)
/fragment@52/__overlay__/sony,camera_modules@1
arch/arm64/boot/dts/somc/sdm845-v2-tama-akari_kddi-overlay.dtbo: Warning (avoid_default_addr_size): : /fragment@42/__overlay__/chan@4fRelying on default #address-cells value: 
Relying on default #size-cells valuearch/arm64/boot/dts/somc/sdm845-tama-akari_kddi-overlay.dtbo: Warning (avoid_default_addr_size): 
/fragment@52/__overlay__/sony,camera_modules@1arch/arm64/boot/dts/somc/sdm845-v2-tama-akari_kddi-overlay.dtbo: Warning (avoid_default_addr_size): : /fragment@42/__overlay__/chan@51Relying on default #size-cells value: 
Relying on default #address-cells value
arch/arm64/boot/dts/somc/sdm845-v2-tama-akari_kddi-overlay.dtbo: Warning (avoid_default_addr_size): /fragment@42/__overlay__/chan@51: Relying on default #size-cells value
arch/arm64/boot/dts/somc/sdm845-v2-tama-akari_kddi-overlay.dtbo: Warning (avoid_default_addr_size): /fragment@43/__overlay__/chan@83: Relying on default #address-cells value
arch/arm64/boot/dts/somc/sdm845-v2-tama-akari_kddi-overlay.dtbo: Warning (avoid_default_addr_size): /fragment@43/__overlay__/chan@83: Relying on default #size-cells value
arch/arm64/boot/dts/somc/sdm845-v2-tama-akari_kddi-overlay.dtbo: Warning (avoid_default_addr_size): /fragment@43/__overlay__/chan@4c: Relying on default #address-cells value
arch/arm64/boot/dts/somc/sdm845-v2-tama-akari_kddi-overlay.dtbo: Warning (avoid_default_addr_size): /fragment@43/__overlay__/chan@4c: Relying on default #size-cells value
arch/arm64/boot/dts/somc/sdm845-v2-tama-akari_kddi-overlay.dtbo: Warning (avoid_default_addr_size): /fragment@43/__overlay__/chan@4d: Relying on default #address-cells value
arch/arm64/boot/dts/somc/sdm845-v2-tama-akari_kddi-overlay.dtbo: Warning (avoid_default_addr_size): /fragment@43/__overlay__/chan@4d: Relying on default #size-cells value
arch/arm64/boot/dts/somc/sdm845-v2-tama-akari_kddi-overlay.dtbo: Warning (avoid_default_addr_size): /fragment@43/__overlay__/chan@4f: arch/arm64/boot/dts/somc/sdm845-tama-akari_kddi-overlay.dtbo: Warning (avoid_default_addr_size): Relying on default #address-cells value/fragment@70/__overlay__/chan@4e
: arch/arm64/boot/dts/somc/sdm845-v2-tama-akari_kddi-overlay.dtbo: Warning (avoid_default_addr_size): Relying on default #address-cells value/fragment@43/__overlay__/chan@4f
: arch/arm64/boot/dts/somc/sdm845-tama-akari_kddi-overlay.dtbo: Warning (avoid_default_addr_size): Relying on default #size-cells value/fragment@70/__overlay__/chan@4e
: arch/arm64/boot/dts/somc/sdm845-v2-tama-akari_kddi-overlay.dtbo: Warning (avoid_default_addr_size): Relying on default #size-cells value/fragment@43/__overlay__/chan@51
: arch/arm64/boot/dts/somc/sdm845-tama-akari_kddi-overlay.dtbo: Warning (avoid_default_addr_size): Relying on default #address-cells value/fragment@70/__overlay__/chan@50
: arch/arm64/boot/dts/somc/sdm845-v2-tama-akari_kddi-overlay.dtbo: Warning (avoid_default_addr_size): Relying on default #address-cells value/fragment@43/__overlay__/chan@51
: arch/arm64/boot/dts/somc/sdm845-tama-akari_kddi-overlay.dtbo: Warning (avoid_default_addr_size): Relying on default #size-cells value/fragment@70/__overlay__/chan@50
: Relying on default #size-cells value
arch/arm64/boot/dts/somc/sdm845-tama-akari_kddi-overlay.dtbo: Warning (avoid_default_addr_size): /fragment@70/__overlay__/chan@53: Relying on default #address-cells value
arch/arm64/boot/dts/somc/sdm845-tama-akari_kddi-overlay.dtbo: Warning (avoid_default_addr_size): /fragment@70/__overlay__/chan@53: Relying on default #size-cells valuearch/arm64/boot/dts/somc/sdm845-v2-tama-akari_kddi-overlay.dtbo: Warning (avoid_default_addr_size): 
/reserved-memory/debug_region@ffb00000arch/arm64/boot/dts/somc/sdm845-tama-akari_kddi-overlay.dtbo: Warning (avoid_default_addr_size): : /fragment@71/__overlay__/chan@4eRelying on default #address-cells value: 
Relying on default #address-cells valuearch/arm64/boot/dts/somc/sdm845-v2-tama-akari_kddi-overlay.dtbo: Warning (avoid_default_addr_size): 
/reserved-memory/debug_region@ffb00000arch/arm64/boot/dts/somc/sdm845-tama-akari_kddi-overlay.dtbo: Warning (avoid_default_addr_size): : /fragment@71/__overlay__/chan@4eRelying on default #size-cells value: 
Relying on default #size-cells valuearch/arm64/boot/dts/somc/sdm845-v2-tama-akari_kddi-overlay.dtbo: Warning (avoid_default_addr_size): 
/reserved-memory/ramoops@ffc00000arch/arm64/boot/dts/somc/sdm845-tama-akari_kddi-overlay.dtbo: Warning (avoid_default_addr_size): : /fragment@71/__overlay__/chan@50Relying on default #address-cells value: 
Relying on default #address-cells valuearch/arm64/boot/dts/somc/sdm845-v2-tama-akari_kddi-overlay.dtbo: Warning (avoid_default_addr_size): 
/reserved-memory/ramoops@ffc00000arch/arm64/boot/dts/somc/sdm845-tama-akari_kddi-overlay.dtbo: Warning (avoid_default_addr_size): : /fragment@71/__overlay__/chan@50Relying on default #size-cells value: 
Relying on default #size-cells valuearch/arm64/boot/dts/somc/sdm845-v2-tama-akari_kddi-overlay.dtbo: Warning (avoid_default_addr_size): 
/reserved-memory/qseecom_region@0x8ab00000arch/arm64/boot/dts/somc/sdm845-tama-akari_kddi-overlay.dtbo: Warning (avoid_default_addr_size): : /fragment@71/__overlay__/chan@53Relying on default #address-cells value: 
Relying on default #address-cells valuearch/arm64/boot/dts/somc/sdm845-v2-tama-akari_kddi-overlay.dtbo: Warning (avoid_default_addr_size): 
/reserved-memory/qseecom_region@0x8ab00000arch/arm64/boot/dts/somc/sdm845-tama-akari_kddi-overlay.dtbo: Warning (avoid_default_addr_size): : /fragment@71/__overlay__/chan@53Relying on default #size-cells value: 
Relying on default #size-cells valuearch/arm64/boot/dts/somc/sdm845-v2-tama-akari_kddi-overlay.dtbo: Warning (avoid_default_addr_size): 
/reserved-memory/camera_region@0x97c00000: Relying on default #address-cells value
arch/arm64/boot/dts/somc/sdm845-v2-tama-akari_kddi-overlay.dtbo: Warning (avoid_default_addr_size): /reserved-memory/camera_region@0x97c00000: Relying on default #size-cells value
arch/arm64/boot/dts/somc/sdm845-v2-tama-akari_kddi-overlay.dtbo: Warning (avoid_default_addr_size): /fragment@52/__overlay__/i2c@a98000/tcs3490@72: arch/arm64/boot/dts/somc/sdm845-tama-akari_kddi-overlay.dtbo: Warning (avoid_default_addr_size): Relying on default #address-cells value/fragment@81/__overlay__/synaptics_clearpad@2c
: arch/arm64/boot/dts/somc/sdm845-v2-tama-akari_kddi-overlay.dtbo: Warning (avoid_default_addr_size): Relying on default #address-cells value/fragment@52/__overlay__/i2c@a98000/tcs3490@72
: arch/arm64/boot/dts/somc/sdm845-tama-akari_kddi-overlay.dtbo: Warning (avoid_default_addr_size): Relying on default #size-cells value/fragment@81/__overlay__/synaptics_clearpad@2c
: arch/arm64/boot/dts/somc/sdm845-v2-tama-akari_kddi-overlay.dtbo: Warning (avoid_default_addr_size): Relying on default #size-cells value/fragment@52/__overlay__/i2c@a98000/tof_sensor@52
: Relying on default #address-cells value
arch/arm64/boot/dts/somc/sdm845-v2-tama-akari_kddi-overlay.dtbo: Warning (avoid_default_addr_size): /fragment@52/__overlay__/i2c@a98000/tof_sensor@52: Relying on default #size-cells valuearch/arm64/boot/dts/somc/sdm845-tama-akari_kddi-overlay.dtbo: Warning (avoid_default_addr_size): 
/fragment@82/__overlay__/synaptics_tcm@3c: Relying on default #address-cells valuearch/arm64/boot/dts/somc/sdm845-v2-tama-akari_kddi-overlay.dtbo: Warning (avoid_default_addr_size): 
/fragment@52/__overlay__/sony,camera_modules@0arch/arm64/boot/dts/somc/sdm845-tama-akari_kddi-overlay.dtbo: Warning (avoid_default_addr_size): : /fragment@82/__overlay__/synaptics_tcm@3cRelying on default #address-cells value: 
Relying on default #size-cells valuearch/arm64/boot/dts/somc/sdm845-v2-tama-akari_kddi-overlay.dtbo: Warning (avoid_default_addr_size): 
/fragment@52/__overlay__/sony,camera_modules@0: arch/arm64/boot/dts/somc/sdm845-tama-akari_kddi-overlay.dtbo: Warning (avoid_default_addr_size): Relying on default #size-cells value/fragment@84/__overlay__/i2c@a88000/idtp9221@61
: Relying on default #address-cells valuearch/arm64/boot/dts/somc/sdm845-v2-tama-akari_kddi-overlay.dtbo: Warning (avoid_default_addr_size): 
/fragment@52/__overlay__/sony,camera_modules@1arch/arm64/boot/dts/somc/sdm845-tama-akari_kddi-overlay.dtbo: Warning (avoid_default_addr_size): : /fragment@84/__overlay__/i2c@a88000/idtp9221@61Relying on default #address-cells value: 
Relying on default #size-cells valuearch/arm64/boot/dts/somc/sdm845-v2-tama-akari_kddi-overlay.dtbo: Warning (avoid_default_addr_size): 
/fragment@52/__overlay__/sony,camera_modules@1: Relying on default #size-cells value
arch/arm64/boot/dts/somc/sdm845-tama-akari_kddi-overlay.dtbo: Warning (avoid_default_addr_size): /fragment@87/__overlay__/spi@890000/tmm3spi@0: Relying on default #address-cells value
arch/arm64/boot/dts/somc/sdm845-tama-akari_kddi-overlay.dtbo: Warning (avoid_default_addr_size): /fragment@87/__overlay__/spi@890000/tmm3spi@0: Relying on default #size-cells value
arch/arm64/boot/dts/somc/sdm845-tama-akari_kddi-overlay.dtbo: Warning (avoid_default_addr_size): /fragment@88/__overlay__/felica_ldo@1e: Relying on default #address-cells value
arch/arm64/boot/dts/somc/sdm845-tama-akari_kddi-overlay.dtbo: Warning (avoid_default_addr_size): /fragment@88/__overlay__/felica_ldo@1e: Relying on default #size-cells value
arch/arm64/boot/dts/somc/sdm845-tama-akari_kddi-overlay.dtbo: Warning (avoid_default_addr_size): /fragment@88/__overlay__/felica@29: Relying on default #address-cells value
arch/arm64/boot/dts/somc/sdm845-tama-akari_kddi-overlay.dtbo: Warning (avoid_default_addr_size): /fragment@88/__overlay__/felica@29: Relying on default #size-cells value
arch/arm64/boot/dts/somc/sdm845-tama-akari_kddi-overlay.dtbo: Warning (avoid_unnecessary_addr_size): Failed prerequisite 'avoid_default_addr_size'
arch/arm64/boot/dts/somc/sdm845-tama-akari_kddi-overlay.dtbo: Warning (unique_unit_address): arch/arm64/boot/dts/somc/sdm845-v2-tama-akari_kddi-overlay.dtbo: Warning (avoid_default_addr_size): Failed prerequisite 'avoid_default_addr_size'/fragment@70/__overlay__/chan@4e
: Relying on default #address-cells value
arch/arm64/boot/dts/somc/sdm845-v2-tama-akari_kddi-overlay.dtbo: Warning (avoid_default_addr_size): /fragment@70/__overlay__/chan@4e: Relying on default #size-cells value
arch/arm64/boot/dts/somc/sdm845-v2-tama-akari_kddi-overlay.dtbo: Warning (avoid_default_addr_size): /fragment@70/__overlay__/chan@50: Relying on default #address-cells value
arch/arm64/boot/dts/somc/sdm845-v2-tama-akari_kddi-overlay.dtbo: Warning (avoid_default_addr_size): /fragment@70/__overlay__/chan@50: Relying on default #size-cells value
arch/arm64/boot/dts/somc/sdm845-v2-tama-akari_kddi-overlay.dtbo: Warning (avoid_default_addr_size): /fragment@70/__overlay__/chan@53: Relying on default #address-cells value
arch/arm64/boot/dts/somc/sdm845-v2-tama-akari_kddi-overlay.dtbo: Warning (avoid_default_addr_size): /fragment@70/__overlay__/chan@53: Relying on default #size-cells value
arch/arm64/boot/dts/somc/sdm845-v2-tama-akari_kddi-overlay.dtbo: Warning (avoid_default_addr_size): /fragment@71/__overlay__/chan@4e: Relying on default #address-cells value
arch/arm64/boot/dts/somc/sdm845-v2-tama-akari_kddi-overlay.dtbo: Warning (avoid_default_addr_size): /fragment@71/__overlay__/chan@4e: Relying on default #size-cells value
arch/arm64/boot/dts/somc/sdm845-v2-tama-akari_kddi-overlay.dtbo: Warning (avoid_default_addr_size): /fragment@71/__overlay__/chan@50: Relying on default #address-cells value
arch/arm64/boot/dts/somc/sdm845-v2-tama-akari_kddi-overlay.dtbo: Warning (avoid_default_addr_size): /fragment@71/__overlay__/chan@50arch/arm64/boot/dts/somc/sdm845-v2.1-tama-akari_kddi-overlay.dtbo: Warning (unit_address_format): : /reserved-memory/qseecom_region@0x8ab00000Relying on default #size-cells value: 
unit name should not have leading "0x"arch/arm64/boot/dts/somc/sdm845-v2-tama-akari_kddi-overlay.dtbo: Warning (avoid_default_addr_size): 
/fragment@71/__overlay__/chan@53arch/arm64/boot/dts/somc/sdm845-v2.1-tama-akari_kddi-overlay.dtbo: Warning (unit_address_format): : /reserved-memory/camera_region@0x97c00000Relying on default #address-cells value: 
unit name should not have leading "0x"arch/arm64/boot/dts/somc/sdm845-v2-tama-akari_kddi-overlay.dtbo: Warning (avoid_default_addr_size): 
/fragment@71/__overlay__/chan@53: arch/arm64/boot/dts/somc/sdm845-v2.1-tama-akari_kddi-overlay.dtbo: Warning (unit_address_format): Relying on default #size-cells value/fragment@52/__overlay__/qcom,pcie@0x1c00000
: unit name should not have leading "0x"
arch/arm64/boot/dts/somc/sdm845-v2.1-tama-akari_kddi-overlay.dtbo: Warning (unit_address_format): /fragment@52/__overlay__/qcom,pcie@0x1c08000: unit name should not have leading "0x"
arch/arm64/boot/dts/somc/sdm845-v2.1-tama-akari_kddi-overlay.dtbo: Warning (unit_address_format): /fragment@52/__overlay__/pinctrl@03400000: unit name should not have leading 0s
arch/arm64/boot/dts/somc/sdm845-v2.1-tama-akari_kddi-overlay.dtbo: Warning (unit_address_format): /fragment@52/__overlay__/qcom,qup_uart@0x898000: unit name should not have leading "0x"
arch/arm64/boot/dts/somc/sdm845-v2.1-tama-akari_kddi-overlay.dtbo: Warning (unit_address_format): /fragment@52/__overlay__/qcom,qup_uart@0xa84000arch/arm64/boot/dts/somc/sdm845-v2-tama-akari_kddi-overlay.dtbo: Warning (avoid_default_addr_size): : /fragment@81/__overlay__/synaptics_clearpad@2cunit name should not have leading "0x": 
Relying on default #address-cells value
arch/arm64/boot/dts/somc/sdm845-v2-tama-akari_kddi-overlay.dtbo: Warning (avoid_default_addr_size): /fragment@81/__overlay__/synaptics_clearpad@2c: Relying on default #size-cells value
arch/arm64/boot/dts/somc/sdm845-v2-tama-akari_kddi-overlay.dtbo: Warning (avoid_default_addr_size): /fragment@82/__overlay__/synaptics_tcm@3c: arch/arm64/boot/dts/somc/sdm845-v2.1-tama-akari_kddi-overlay.dtbo: Warning (pci_device_reg): Relying on default #address-cells valueFailed prerequisite 'reg_format'

arch/arm64/boot/dts/somc/sdm845-v2-tama-akari_kddi-overlay.dtbo: Warning (avoid_default_addr_size): arch/arm64/boot/dts/somc/sdm845-v2.1-tama-akari_kddi-overlay.dtbo: Warning (pci_device_bus_num): /fragment@82/__overlay__/synaptics_tcm@3cFailed prerequisite 'reg_format': 
Relying on default #size-cells valuearch/arm64/boot/dts/somc/sdm845-v2.1-tama-akari_kddi-overlay.dtbo: Warning (simple_bus_reg): 
Failed prerequisite 'reg_format'arch/arm64/boot/dts/somc/sdm845-v2-tama-akari_kddi-overlay.dtbo: Warning (avoid_default_addr_size): 
/fragment@84/__overlay__/i2c@a88000/idtp9221@61: Relying on default #address-cells value
arch/arm64/boot/dts/somc/sdm845-v2-tama-akari_kddi-overlay.dtbo: Warning (avoid_default_addr_size): /fragment@84/__overlay__/i2c@a88000/idtp9221@61: Relying on default #size-cells value
arch/arm64/boot/dts/somc/sdm845-v2-tama-akari_kddi-overlay.dtbo: Warning (avoid_default_addr_size): /fragment@87/__overlay__/spi@890000/tmm3spi@0: Relying on default #address-cells value
arch/arm64/boot/dts/somc/sdm845-v2-tama-akari_kddi-overlay.dtbo: Warning (avoid_default_addr_size): /fragment@87/__overlay__/spi@890000/tmm3spi@0: Relying on default #size-cells value
arch/arm64/boot/dts/somc/sdm845-v2-tama-akari_kddi-overlay.dtbo: Warning (avoid_default_addr_size): /fragment@88/__overlay__/felica_ldo@1e: Relying on default #address-cells value
arch/arm64/boot/dts/somc/sdm845-v2-tama-akari_kddi-overlay.dtbo: Warning (avoid_default_addr_size): /fragment@88/__overlay__/felica_ldo@1e: Relying on default #size-cells value
arch/arm64/boot/dts/somc/sdm845-v2-tama-akari_kddi-overlay.dtbo: Warning (avoid_default_addr_size): /fragment@88/__overlay__/felica@29: Relying on default #address-cells value
arch/arm64/boot/dts/somc/sdm845-v2-tama-akari_kddi-overlay.dtbo: Warning (avoid_default_addr_size): /fragment@88/__overlay__/felica@29: Relying on default #size-cells value
arch/arm64/boot/dts/somc/sdm845-v2-tama-akari_kddi-overlay.dtbo: Warning (avoid_unnecessary_addr_size): Failed prerequisite 'avoid_default_addr_size'
arch/arm64/boot/dts/somc/sdm845-v2-tama-akari_kddi-overlay.dtbo: Warning (unique_unit_address): Failed prerequisite 'avoid_default_addr_size'
arch/arm64/boot/dts/somc/sdm845-v2.1-tama-akari_kddi-overlay.dtbo: Warning (avoid_default_addr_size): /fragment@22/__overlay__/qcom,pmi8998@2: Relying on default #address-cells value
arch/arm64/boot/dts/somc/sdm845-v2.1-tama-akari_kddi-overlay.dtbo: Warning (avoid_default_addr_size): /fragment@22/__overlay__/qcom,pmi8998@2: Relying on default #size-cells value
arch/arm64/boot/dts/somc/sdm845-v2.1-tama-akari_kddi-overlay.dtbo: Warning (avoid_default_addr_size): /fragment@22/__overlay__/qcom,pmi8998@3: Relying on default #address-cells value
arch/arm64/boot/dts/somc/sdm845-v2.1-tama-akari_kddi-overlay.dtbo: Warning (avoid_default_addr_size): /fragment@22/__overlay__/qcom,pmi8998@3: Relying on default #size-cells value
arch/arm64/boot/dts/somc/sdm845-v2.1-tama-akari_kddi-overlay.dtbo: Warning (avoid_default_addr_size): /fragment@26/__overlay__/qcom,camera-flash@0: Relying on default #address-cells value
arch/arm64/boot/dts/somc/sdm845-v2.1-tama-akari_kddi-overlay.dtbo: Warning (avoid_default_addr_size): /fragment@26/__overlay__/qcom,camera-flash@0: Relying on default #size-cells value
arch/arm64/boot/dts/somc/sdm845-v2.1-tama-akari_kddi-overlay.dtbo: Warning (avoid_default_addr_size): /fragment@26/__overlay__/qcom,camera-flash@1: Relying on default #address-cells value
arch/arm64/boot/dts/somc/sdm845-v2.1-tama-akari_kddi-overlay.dtbo: Warning (avoid_default_addr_size): /fragment@26/__overlay__/qcom,camera-flash@1: Relying on default #size-cells value
arch/arm64/boot/dts/somc/sdm845-v2.1-tama-akari_kddi-overlay.dtbo: Warning (avoid_default_addr_size): /fragment@26/__overlay__/qcom,camera-flash@2: Relying on default #address-cells value
arch/arm64/boot/dts/somc/sdm845-v2.1-tama-akari_kddi-overlay.dtbo: Warning (avoid_default_addr_size): /fragment@26/__overlay__/qcom,camera-flash@2: Relying on default #size-cells value
arch/arm64/boot/dts/somc/sdm845-v2.1-tama-akari_kddi-overlay.dtbo: Warning (avoid_default_addr_size): /fragment@26/__overlay__/qcom,camera-flash@3: Relying on default #address-cells value
arch/arm64/boot/dts/somc/sdm845-v2.1-tama-akari_kddi-overlay.dtbo: Warning (avoid_default_addr_size): /fragment@26/__overlay__/qcom,camera-flash@3: Relying on default #size-cells value
arch/arm64/boot/dts/somc/sdm845-v2.1-tama-akari_kddi-overlay.dtbo: Warning (avoid_default_addr_size): /fragment@26/__overlay__/gpio-regulator@0: Relying on default #address-cells value
arch/arm64/boot/dts/somc/sdm845-v2.1-tama-akari_kddi-overlay.dtbo: Warning (avoid_default_addr_size): /fragment@26/__overlay__/gpio-regulator@0: Relying on default #size-cells value
arch/arm64/boot/dts/somc/sdm845-v2.1-tama-akari_kddi-overlay.dtbo: Warning (avoid_default_addr_size): /fragment@26/__overlay__/gpio-regulator@1: Relying on default #address-cells value
arch/arm64/boot/dts/somc/sdm845-v2.1-tama-akari_kddi-overlay.dtbo: Warning (avoid_default_addr_size): /fragment@26/__overlay__/gpio-regulator@1: Relying on default #size-cells value
arch/arm64/boot/dts/somc/sdm845-v2.1-tama-akari_kddi-overlay.dtbo: Warning (avoid_default_addr_size): /fragment@26/__overlay__/gpio-regulator@2: Relying on default #address-cells value
arch/arm64/boot/dts/somc/sdm845-v2.1-tama-akari_kddi-overlay.dtbo: Warning (avoid_default_addr_size): /fragment@26/__overlay__/gpio-regulator@2: Relying on default #size-cells value
arch/arm64/boot/dts/somc/sdm845-v2.1-tama-akari_kddi-overlay.dtbo: Warning (avoid_default_addr_size): /fragment@26/__overlay__/gpio-regulator@4: Relying on default #address-cells value
arch/arm64/boot/dts/somc/sdm845-v2.1-tama-akari_kddi-overlay.dtbo: Warning (avoid_default_addr_size): /fragment@26/__overlay__/gpio-regulator@4: Relying on default #size-cells value
arch/arm64/boot/dts/somc/sdm845-v2.1-tama-akari_kddi-overlay.dtbo: Warning (avoid_default_addr_size): /fragment@27/__overlay__/qcom,actuator@0: Relying on default #address-cells value
arch/arm64/boot/dts/somc/sdm845-v2.1-tama-akari_kddi-overlay.dtbo: Warning (avoid_default_addr_size): /fragment@27/__overlay__/qcom,actuator@0: Relying on default #size-cells value
arch/arm64/boot/dts/somc/sdm845-v2.1-tama-akari_kddi-overlay.dtbo: Warning (avoid_default_addr_size): /fragment@27/__overlay__/qcom,actuator@1: Relying on default #address-cells value
arch/arm64/boot/dts/somc/sdm845-v2.1-tama-akari_kddi-overlay.dtbo: Warning (avoid_default_addr_size): /fragment@27/__overlay__/qcom,actuator@1: Relying on default #size-cells value
arch/arm64/boot/dts/somc/sdm845-v2.1-tama-akari_kddi-overlay.dtbo: Warning (avoid_default_addr_size): /fragment@27/__overlay__/qcom,actuator@2: Relying on default #address-cells value
arch/arm64/boot/dts/somc/sdm845-v2.1-tama-akari_kddi-overlay.dtbo: Warning (avoid_default_addr_size): /fragment@27/__overlay__/qcom,actuator@2: Relying on default #size-cells value
arch/arm64/boot/dts/somc/sdm845-v2.1-tama-akari_kddi-overlay.dtbo: Warning (avoid_default_addr_size): /fragment@27/__overlay__/qcom,ois@0: Relying on default #address-cells value
arch/arm64/boot/dts/somc/sdm845-v2.1-tama-akari_kddi-overlay.dtbo: Warning (avoid_default_addr_size): /fragment@27/__overlay__/qcom,ois@0: Relying on default #size-cells value
arch/arm64/boot/dts/somc/sdm845-v2.1-tama-akari_kddi-overlay.dtbo: Warning (avoid_default_addr_size): /fragment@27/__overlay__/qcom,eeprom@0: Relying on default #address-cells value
arch/arm64/boot/dts/somc/sdm845-v2.1-tama-akari_kddi-overlay.dtbo: Warning (avoid_default_addr_size): /fragment@27/__overlay__/qcom,eeprom@0: Relying on default #size-cells value
arch/arm64/boot/dts/somc/sdm845-v2.1-tama-akari_kddi-overlay.dtbo: Warning (avoid_default_addr_size): /fragment@27/__overlay__/qcom,eeprom@1: Relying on default #address-cells value
arch/arm64/boot/dts/somc/sdm845-v2.1-tama-akari_kddi-overlay.dtbo: Warning (avoid_default_addr_size): /fragment@27/__overlay__/qcom,eeprom@1: Relying on default #size-cells value
arch/arm64/boot/dts/somc/sdm845-v2.1-tama-akari_kddi-overlay.dtbo: Warning (avoid_default_addr_size): /fragment@27/__overlay__/qcom,eeprom@2: Relying on default #address-cells value
arch/arm64/boot/dts/somc/sdm845-v2.1-tama-akari_kddi-overlay.dtbo: Warning (avoid_default_addr_size): /fragment@27/__overlay__/qcom,eeprom@2: Relying on default #size-cells value
arch/arm64/boot/dts/somc/sdm845-v2.1-tama-akari_kddi-overlay.dtbo: Warning (avoid_default_addr_size): /fragment@27/__overlay__/qcom,cam-sensor@0: Relying on default #address-cells value
arch/arm64/boot/dts/somc/sdm845-v2.1-tama-akari_kddi-overlay.dtbo: Warning (avoid_default_addr_size): /fragment@27/__overlay__/qcom,cam-sensor@0: Relying on default #size-cells value
arch/arm64/boot/dts/somc/sdm845-v2.1-tama-akari_kddi-overlay.dtbo: Warning (avoid_default_addr_size): /fragment@27/__overlay__/qcom,cam-sensor@1: Relying on default #address-cells value
arch/arm64/boot/dts/somc/sdm845-v2.1-tama-akari_kddi-overlay.dtbo: Warning (avoid_default_addr_size): /fragment@27/__overlay__/qcom,cam-sensor@1: Relying on default #size-cells value
arch/arm64/boot/dts/somc/sdm845-v2.1-tama-akari_kddi-overlay.dtbo: Warning (avoid_default_addr_size): /fragment@27/__overlay__/qcom,cam-sensor@2: Relying on default #address-cells value
arch/arm64/boot/dts/somc/sdm845-v2.1-tama-akari_kddi-overlay.dtbo: Warning (avoid_default_addr_size): /fragment@27/__overlay__/qcom,cam-sensor@2: Relying on default #size-cells value
arch/arm64/boot/dts/somc/sdm845-v2.1-tama-akari_kddi-overlay.dtbo: Warning (avoid_default_addr_size): /fragment@27/__overlay__/qcom,cam-sensor@3: Relying on default #address-cells value
arch/arm64/boot/dts/somc/sdm845-v2.1-tama-akari_kddi-overlay.dtbo: Warning (avoid_default_addr_size): /fragment@27/__overlay__/qcom,cam-sensor@3: Relying on default #size-cells value
arch/arm64/boot/dts/somc/sdm845-v2.1-tama-akari_kddi-overlay.dtbo: Warning (avoid_default_addr_size): /fragment@28/__overlay__/qcom,smb1355@8: Relying on default #address-cells value
arch/arm64/boot/dts/somc/sdm845-v2.1-tama-akari_kddi-overlay.dtbo: Warning (avoid_default_addr_size): /fragment@28/__overlay__/qcom,smb1355@8: Relying on default #size-cells value
arch/arm64/boot/dts/somc/sdm845-v2.1-tama-akari_kddi-overlay.dtbo: Warning (avoid_default_addr_size): /fragment@28/__overlay__/qcom,smb1355@c: Relying on default #address-cells value
arch/arm64/boot/dts/somc/sdm845-v2.1-tama-akari_kddi-overlay.dtbo: Warning (avoid_default_addr_size): /fragment@28/__overlay__/qcom,smb1355@c: Relying on default #size-cells value
arch/arm64/boot/dts/somc/sdm845-v2.1-tama-akari_kddi-overlay.dtbo: Warning (avoid_default_addr_size): /fragment@38/__overlay__/nq@28: Relying on default #address-cells value
arch/arm64/boot/dts/somc/sdm845-v2.1-tama-akari_kddi-overlay.dtbo: Warning (avoid_default_addr_size): /fragment@38/__overlay__/nq@28: Relying on default #size-cells value
arch/arm64/boot/dts/somc/sdm845-v2.1-tama-akari_kddi-overlay.dtbo: Warning (avoid_default_addr_size): /fragment@42/__overlay__/chan@83: Relying on default #address-cells value
arch/arm64/boot/dts/somc/sdm845-v2.1-tama-akari_kddi-overlay.dtbo: Warning (avoid_default_addr_size): /fragment@42/__overlay__/chan@83: Relying on default #size-cells value
arch/arm64/boot/dts/somc/sdm845-v2.1-tama-akari_kddi-overlay.dtbo: Warning (avoid_default_addr_size): /fragment@42/__overlay__/chan@85: Relying on default #address-cells value
arch/arm64/boot/dts/somc/sdm845-v2.1-tama-akari_kddi-overlay.dtbo: Warning (avoid_default_addr_size): /fragment@42/__overlay__/chan@85: Relying on default #size-cells value
arch/arm64/boot/dts/somc/sdm845-v2.1-tama-akari_kddi-overlay.dtbo: Warning (avoid_default_addr_size): /fragment@42/__overlay__/chan@4c: Relying on default #address-cells value
arch/arm64/boot/dts/somc/sdm845-v2.1-tama-akari_kddi-overlay.dtbo: Warning (avoid_default_addr_size): /fragment@42/__overlay__/chan@4c: Relying on default #size-cells value
arch/arm64/boot/dts/somc/sdm845-v2.1-tama-akari_kddi-overlay.dtbo: Warning (avoid_default_addr_size): /fragment@42/__overlay__/chan@4d: Relying on default #address-cells value
arch/arm64/boot/dts/somc/sdm845-v2.1-tama-akari_kddi-overlay.dtbo: Warning (avoid_default_addr_size): /fragment@42/__overlay__/chan@4d: Relying on default #size-cells value
arch/arm64/boot/dts/somc/sdm845-v2.1-tama-akari_kddi-overlay.dtbo: Warning (avoid_default_addr_size): /fragment@42/__overlay__/chan@4f: Relying on default #address-cells value
arch/arm64/boot/dts/somc/sdm845-v2.1-tama-akari_kddi-overlay.dtbo: Warning (avoid_default_addr_size): /fragment@42/__overlay__/chan@4f: Relying on default #size-cells value
arch/arm64/boot/dts/somc/sdm845-v2.1-tama-akari_kddi-overlay.dtbo: Warning (avoid_default_addr_size): /fragment@42/__overlay__/chan@51: Relying on default #address-cells value
arch/arm64/boot/dts/somc/sdm845-v2.1-tama-akari_kddi-overlay.dtbo: Warning (avoid_default_addr_size): /fragment@42/__overlay__/chan@51: Relying on default #size-cells value
arch/arm64/boot/dts/somc/sdm845-v2.1-tama-akari_kddi-overlay.dtbo: Warning (avoid_default_addr_size): /fragment@43/__overlay__/chan@83: Relying on default #address-cells value
arch/arm64/boot/dts/somc/sdm845-v2.1-tama-akari_kddi-overlay.dtbo: Warning (avoid_default_addr_size): /fragment@43/__overlay__/chan@83: Relying on default #size-cells value
arch/arm64/boot/dts/somc/sdm845-v2.1-tama-akari_kddi-overlay.dtbo: Warning (avoid_default_addr_size): /fragment@43/__overlay__/chan@4c: Relying on default #address-cells value
arch/arm64/boot/dts/somc/sdm845-v2.1-tama-akari_kddi-overlay.dtbo: Warning (avoid_default_addr_size): /fragment@43/__overlay__/chan@4c: Relying on default #size-cells value
arch/arm64/boot/dts/somc/sdm845-v2.1-tama-akari_kddi-overlay.dtbo: Warning (avoid_default_addr_size): /fragment@43/__overlay__/chan@4d: Relying on default #address-cells value
arch/arm64/boot/dts/somc/sdm845-v2.1-tama-akari_kddi-overlay.dtbo: Warning (avoid_default_addr_size): /fragment@43/__overlay__/chan@4d: Relying on default #size-cells value
arch/arm64/boot/dts/somc/sdm845-v2.1-tama-akari_kddi-overlay.dtbo: Warning (avoid_default_addr_size): /fragment@43/__overlay__/chan@4f: Relying on default #address-cells value
arch/arm64/boot/dts/somc/sdm845-v2.1-tama-akari_kddi-overlay.dtbo: Warning (avoid_default_addr_size): /fragment@43/__overlay__/chan@4f: Relying on default #size-cells value
arch/arm64/boot/dts/somc/sdm845-v2.1-tama-akari_kddi-overlay.dtbo: Warning (avoid_default_addr_size): /fragment@43/__overlay__/chan@51: Relying on default #address-cells value
arch/arm64/boot/dts/somc/sdm845-v2.1-tama-akari_kddi-overlay.dtbo: Warning (avoid_default_addr_size): /fragment@43/__overlay__/chan@51: Relying on default #size-cells value
arch/arm64/boot/dts/somc/sdm845-v2.1-tama-akari_kddi-overlay.dtbo: Warning (avoid_default_addr_size): /reserved-memory/debug_region@ffb00000: Relying on default #address-cells value
arch/arm64/boot/dts/somc/sdm845-v2.1-tama-akari_kddi-overlay.dtbo: Warning (avoid_default_addr_size): /reserved-memory/debug_region@ffb00000: Relying on default #size-cells value
arch/arm64/boot/dts/somc/sdm845-v2.1-tama-akari_kddi-overlay.dtbo: Warning (avoid_default_addr_size): /reserved-memory/ramoops@ffc00000: Relying on default #address-cells value
arch/arm64/boot/dts/somc/sdm845-v2.1-tama-akari_kddi-overlay.dtbo: Warning (avoid_default_addr_size): /reserved-memory/ramoops@ffc00000: Relying on default #size-cells value
arch/arm64/boot/dts/somc/sdm845-v2.1-tama-akari_kddi-overlay.dtbo: Warning (avoid_default_addr_size): /reserved-memory/qseecom_region@0x8ab00000: Relying on default #address-cells value
arch/arm64/boot/dts/somc/sdm845-v2.1-tama-akari_kddi-overlay.dtbo: Warning (avoid_default_addr_size): /reserved-memory/qseecom_region@0x8ab00000: Relying on default #size-cells value
arch/arm64/boot/dts/somc/sdm845-v2.1-tama-akari_kddi-overlay.dtbo: Warning (avoid_default_addr_size): /reserved-memory/camera_region@0x97c00000: Relying on default #address-cells value
arch/arm64/boot/dts/somc/sdm845-v2.1-tama-akari_kddi-overlay.dtbo: Warning (avoid_default_addr_size): /reserved-memory/camera_region@0x97c00000: Relying on default #size-cells value
arch/arm64/boot/dts/somc/sdm845-v2.1-tama-akari_kddi-overlay.dtbo: Warning (avoid_default_addr_size): /fragment@52/__overlay__/i2c@a98000/tcs3490@72: Relying on default #address-cells value
arch/arm64/boot/dts/somc/sdm845-v2.1-tama-akari_kddi-overlay.dtbo: Warning (avoid_default_addr_size): /fragment@52/__overlay__/i2c@a98000/tcs3490@72: Relying on default #size-cells value
arch/arm64/boot/dts/somc/sdm845-v2.1-tama-akari_kddi-overlay.dtbo: Warning (avoid_default_addr_size): /fragment@52/__overlay__/i2c@a98000/tof_sensor@52: Relying on default #address-cells value
arch/arm64/boot/dts/somc/sdm845-v2.1-tama-akari_kddi-overlay.dtbo: Warning (avoid_default_addr_size): /fragment@52/__overlay__/i2c@a98000/tof_sensor@52: Relying on default #size-cells value
arch/arm64/boot/dts/somc/sdm845-v2.1-tama-akari_kddi-overlay.dtbo: Warning (avoid_default_addr_size): /fragment@52/__overlay__/sony,camera_modules@0: Relying on default #address-cells value
arch/arm64/boot/dts/somc/sdm845-v2.1-tama-akari_kddi-overlay.dtbo: Warning (avoid_default_addr_size): /fragment@52/__overlay__/sony,camera_modules@0: Relying on default #size-cells value
arch/arm64/boot/dts/somc/sdm845-v2.1-tama-akari_kddi-overlay.dtbo: Warning (avoid_default_addr_size): /fragment@52/__overlay__/sony,camera_modules@1: Relying on default #address-cells value
arch/arm64/boot/dts/somc/sdm845-v2.1-tama-akari_kddi-overlay.dtbo: Warning (avoid_default_addr_size): /fragment@52/__overlay__/sony,camera_modules@1: Relying on default #size-cells value
arch/arm64/boot/dts/somc/sdm845-v2.1-tama-akari_kddi-overlay.dtbo: Warning (avoid_default_addr_size): /fragment@70/__overlay__/chan@4e: Relying on default #address-cells value
arch/arm64/boot/dts/somc/sdm845-v2.1-tama-akari_kddi-overlay.dtbo: Warning (avoid_default_addr_size): /fragment@70/__overlay__/chan@4e: Relying on default #size-cells value
arch/arm64/boot/dts/somc/sdm845-v2.1-tama-akari_kddi-overlay.dtbo: Warning (avoid_default_addr_size): /fragment@70/__overlay__/chan@50: Relying on default #address-cells value
arch/arm64/boot/dts/somc/sdm845-v2.1-tama-akari_kddi-overlay.dtbo: Warning (avoid_default_addr_size): /fragment@70/__overlay__/chan@50: Relying on default #size-cells value
arch/arm64/boot/dts/somc/sdm845-v2.1-tama-akari_kddi-overlay.dtbo: Warning (avoid_default_addr_size): /fragment@70/__overlay__/chan@53: Relying on default #address-cells value
arch/arm64/boot/dts/somc/sdm845-v2.1-tama-akari_kddi-overlay.dtbo: Warning (avoid_default_addr_size): /fragment@70/__overlay__/chan@53: Relying on default #size-cells value
arch/arm64/boot/dts/somc/sdm845-v2.1-tama-akari_kddi-overlay.dtbo: Warning (avoid_default_addr_size): /fragment@71/__overlay__/chan@4e: Relying on default #address-cells value
arch/arm64/boot/dts/somc/sdm845-v2.1-tama-akari_kddi-overlay.dtbo: Warning (avoid_default_addr_size): /fragment@71/__overlay__/chan@4e: Relying on default #size-cells value
arch/arm64/boot/dts/somc/sdm845-v2.1-tama-akari_kddi-overlay.dtbo: Warning (avoid_default_addr_size): /fragment@71/__overlay__/chan@50: Relying on default #address-cells value
arch/arm64/boot/dts/somc/sdm845-v2.1-tama-akari_kddi-overlay.dtbo: Warning (avoid_default_addr_size): /fragment@71/__overlay__/chan@50: Relying on default #size-cells value
arch/arm64/boot/dts/somc/sdm845-v2.1-tama-akari_kddi-overlay.dtbo: Warning (avoid_default_addr_size): /fragment@71/__overlay__/chan@53: Relying on default #address-cells value
arch/arm64/boot/dts/somc/sdm845-v2.1-tama-akari_kddi-overlay.dtbo: Warning (avoid_default_addr_size): /fragment@71/__overlay__/chan@53: Relying on default #size-cells value
arch/arm64/boot/dts/somc/sdm845-v2.1-tama-akari_kddi-overlay.dtbo: Warning (avoid_default_addr_size): /fragment@81/__overlay__/synaptics_clearpad@2c: Relying on default #address-cells value
arch/arm64/boot/dts/somc/sdm845-v2.1-tama-akari_kddi-overlay.dtbo: Warning (avoid_default_addr_size): /fragment@81/__overlay__/synaptics_clearpad@2c: Relying on default #size-cells value
arch/arm64/boot/dts/somc/sdm845-v2.1-tama-akari_kddi-overlay.dtbo: Warning (avoid_default_addr_size): /fragment@82/__overlay__/synaptics_tcm@3c: Relying on default #address-cells value
arch/arm64/boot/dts/somc/sdm845-v2.1-tama-akari_kddi-overlay.dtbo: Warning (avoid_default_addr_size): /fragment@82/__overlay__/synaptics_tcm@3c: Relying on default #size-cells value
arch/arm64/boot/dts/somc/sdm845-v2.1-tama-akari_kddi-overlay.dtbo: Warning (avoid_default_addr_size): /fragment@84/__overlay__/i2c@a88000/idtp9221@61: Relying on default #address-cells value
arch/arm64/boot/dts/somc/sdm845-v2.1-tama-akari_kddi-overlay.dtbo: Warning (avoid_default_addr_size): /fragment@84/__overlay__/i2c@a88000/idtp9221@61: Relying on default #size-cells value
arch/arm64/boot/dts/somc/sdm845-v2.1-tama-akari_kddi-overlay.dtbo: Warning (avoid_default_addr_size): /fragment@87/__overlay__/spi@890000/tmm3spi@0: Relying on default #address-cells value
arch/arm64/boot/dts/somc/sdm845-v2.1-tama-akari_kddi-overlay.dtbo: Warning (avoid_default_addr_size): /fragment@87/__overlay__/spi@890000/tmm3spi@0: Relying on default #size-cells value
arch/arm64/boot/dts/somc/sdm845-v2.1-tama-akari_kddi-overlay.dtbo: Warning (avoid_default_addr_size): /fragment@88/__overlay__/felica_ldo@1e: Relying on default #address-cells value
arch/arm64/boot/dts/somc/sdm845-v2.1-tama-akari_kddi-overlay.dtbo: Warning (avoid_default_addr_size): /fragment@88/__overlay__/felica_ldo@1e: Relying on default #size-cells value
arch/arm64/boot/dts/somc/sdm845-v2.1-tama-akari_kddi-overlay.dtbo: Warning (avoid_default_addr_size): /fragment@88/__overlay__/felica@29: Relying on default #address-cells value
arch/arm64/boot/dts/somc/sdm845-v2.1-tama-akari_kddi-overlay.dtbo: Warning (avoid_default_addr_size): /fragment@88/__overlay__/felica@29: Relying on default #size-cells value
arch/arm64/boot/dts/somc/sdm845-v2.1-tama-akari_kddi-overlay.dtbo: Warning (avoid_unnecessary_addr_size): Failed prerequisite 'avoid_default_addr_size'
arch/arm64/boot/dts/somc/sdm845-v2.1-tama-akari_kddi-overlay.dtbo: Warning (unique_unit_address): Failed prerequisite 'avoid_default_addr_size'
arch/arm64/boot/dts/somc/sdm845-tama-akari_kddi-overlay.dtbo: Warning (gpios_property): /fragment@46/__overlay__/tavil_codec/wcd_pinctrl@5: Missing property '#gpio-cells' in node /fragment@52/__overlay__/rpmh-regulator-ldoa14/regulator-l14 or bad phandle (referred from qcom,num-gpios[0])
arch/arm64/boot/dts/somc/sdm845-tama-akari_kddi-overlay.dtbo: Warning (gpios_property): /fragment@48/__overlay__: Missing property '#gpio-cells' in node /fragment@46/__overlay__/tavil_codec/msm_cdc_pinctrl_hph_en0 or bad phandle (referred from qcom,hph-en0-gpio[0])
arch/arm64/boot/dts/somc/sdm845-tama-akari_kddi-overlay.dtbo: Warning (gpios_property): /fragment@48/__overlay__: Missing property '#gpio-cells' in node /fragment@46/__overlay__/tavil_codec/msm_cdc_pinctrl_hph_en1 or bad phandle (referred from qcom,hph-en1-gpio[0])
arch/arm64/boot/dts/somc/sdm845-tama-akari_kddi-overlay.dtbo: Warning (gpios_property): /fragment@48/__overlay__: Missing property '#gpio-cells' in node /fragment@49/__overlay__/msm_cdc_pinctrl@49 or bad phandle (referred from qcom,usbc-analog-en1-gpio[0])
arch/arm64/boot/dts/somc/sdm845-v2-tama-akari_kddi-overlay.dtbo: Warning (gpios_property): /fragment@46/__overlay__/tavil_codec/wcd_pinctrl@5: Missing property '#gpio-cells' in node /fragment@52/__overlay__/rpmh-regulator-ldoa14/regulator-l14 or bad phandle (referred from qcom,num-gpios[0])
arch/arm64/boot/dts/somc/sdm845-v2-tama-akari_kddi-overlay.dtbo: Warning (gpios_property): /fragment@48/__overlay__: Missing property '#gpio-cells' in node /fragment@46/__overlay__/tavil_codec/msm_cdc_pinctrl_hph_en0 or bad phandle (referred from qcom,hph-en0-gpio[0])
arch/arm64/boot/dts/somc/sdm845-v2-tama-akari_kddi-overlay.dtbo: Warning (gpios_property): /fragment@48/__overlay__: Missing property '#gpio-cells' in node /fragment@46/__overlay__/tavil_codec/msm_cdc_pinctrl_hph_en1 or bad phandle (referred from qcom,hph-en1-gpio[0])
arch/arm64/boot/dts/somc/sdm845-v2-tama-akari_kddi-overlay.dtbo: Warning (gpios_property): /fragment@48/__overlay__: Missing property '#gpio-cells' in node /fragment@49/__overlay__/msm_cdc_pinctrl@49 or bad phandle (referred from qcom,usbc-analog-en1-gpio[0])arch/arm64/boot/dts/somc/sdm845-tama-akari_kddi-overlay.dtbo: Warning (interrupts_property): 
/fragment@22/__overlay__/qcom,pmi8998@2/qcom,temp-alarm@2400: Missing interrupt-parent
arch/arm64/boot/dts/somc/sdm845-tama-akari_kddi-overlay.dtbo: Warning (interrupts_property): /fragment@22/__overlay__/qcom,pmi8998@2/pinctrl@c000: Missing interrupt-parent
arch/arm64/boot/dts/somc/sdm845-tama-akari_kddi-overlay.dtbo: Warning (interrupts_property): /fragment@22/__overlay__/qcom,pmi8998@2/qcom,qpnp-qnovo@1500: Missing interrupt-parent
arch/arm64/boot/dts/somc/sdm845-tama-akari_kddi-overlay.dtbo: Warning (interrupts_property): /fragment@22/__overlay__/qcom,pmi8998@2/qcom,qpnp-smb2/qcom,chgr@1000: Missing interrupt-parent
arch/arm64/boot/dts/somc/sdm845-tama-akari_kddi-overlay.dtbo: Warning (interrupts_property): /fragment@22/__overlay__/qcom,pmi8998@2/qcom,qpnp-smb2/qcom,otg@1100: Missing interrupt-parent
arch/arm64/boot/dts/somc/sdm845-tama-akari_kddi-overlay.dtbo: Warning (interrupts_property): /fragment@22/__overlay__/qcom,pmi8998@2/qcom,qpnp-smb2/qcom,bat-if@1200: Missing interrupt-parent
arch/arm64/boot/dts/somc/sdm845-tama-akari_kddi-overlay.dtbo: Warning (interrupts_property): /fragment@22/__overlay__/qcom,pmi8998@2/qcom,qpnp-smb2/qcom,usb-chgpth@1300: Missing interrupt-parent
arch/arm64/boot/dts/somc/sdm845-tama-akari_kddi-overlay.dtbo: Warning (interrupts_property): /fragment@22/__overlay__/qcom,pmi8998@2/qcom,qpnp-smb2/qcom,dc-chgpth@1400: Missing interrupt-parent
arch/arm64/boot/dts/somc/sdm845-tama-akari_kddi-overlay.dtbo: Warning (interrupts_property): /fragment@22/__overlay__/qcom,pmi8998@2/qcom,qpnp-smb2/qcom,chgr-misc@1600: Missing interrupt-parent
arch/arm64/boot/dts/somc/sdm845-tama-akari_kddi-overlay.dtbo: Warning (interrupts_property): /fragment@22/__overlay__/qcom,pmi8998@2/qcom,usb-pdphy@1700: Missing interrupt-parent
arch/arm64/boot/dts/somc/sdm845-tama-akari_kddi-overlay.dtbo: Warning (interrupts_property): /fragment@22/__overlay__/qcom,pmi8998@2/bcl@4200: Missing interrupt-parent
arch/arm64/boot/dts/somc/sdm845-tama-akari_kddi-overlay.dtbo: Warning (interrupts_property): /fragment@22/__overlay__/qcom,pmi8998@2/qpnp,fg/qcom,fg-batt-soc@4000: Missing interrupt-parent
arch/arm64/boot/dts/somc/sdm845-tama-akari_kddi-overlay.dtbo: Warning (interrupts_property): /fragment@22/__overlay__/qcom,pmi8998@2/qpnp,fg/qcom,fg-batt-info@4100: Missing interrupt-parent
arch/arm64/boot/dts/somc/sdm845-tama-akari_kddi-overlay.dtbo: Warning (interrupts_property): /fragment@22/__overlay__/qcom,pmi8998@2/qpnp,fg/qcom,fg-memif@4400: Missing interrupt-parent
arch/arm64/boot/dts/somc/sdm845-tama-akari_kddi-overlay.dtbo: Warning (interrupts_property): /fragment@22/__overlay__/qcom,pmi8998@3/qpnp-labibb-regulator/qcom,ibb@dc00: Missing interrupt-parent
arch/arm64/boot/dts/somc/sdm845-tama-akari_kddi-overlay.dtbo: Warning (interrupts_property): /fragment@22/__overlay__/qcom,pmi8998@3/qpnp-labibb-regulator/qcom,lab@de00: Missing interrupt-parent
arch/arm64/boot/dts/somc/sdm845-tama-akari_kddi-overlay.dtbo: Warning (interrupts_property): /fragment@22/__overlay__/qcom,pmi8998@3/qcom,leds@d800: Missing interrupt-parent
arch/arm64/boot/dts/somc/sdm845-tama-akari_kddi-overlay.dtbo: Warning (interrupts_property): /fragment@22/__overlay__/qcom,pmi8998@3/qcom,leds@d300: Missing interrupt-parent
arch/arm64/boot/dts/somc/sdm845-tama-akari_kddi-overlay.dtbo: Warning (interrupts_property): /fragment@22/__overlay__/qcom,pmi8998@3/qcom,haptics@c000: Missing interrupt-parent
arch/arm64/boot/dts/somc/sdm845-tama-akari_kddi-overlay.dtbo: Warning (interrupts_property): /fragment@66/__overlay__: Missing interrupt-parent
arch/arm64/boot/dts/somc/sdm845-v2-tama-akari_kddi-overlay.dtbo: Warning (interrupts_property): /fragment@22/__overlay__/qcom,pmi8998@2/qcom,temp-alarm@2400: Missing interrupt-parent
arch/arm64/boot/dts/somc/sdm845-v2-tama-akari_kddi-overlay.dtbo: Warning (interrupts_property): /fragment@22/__overlay__/qcom,pmi8998@2/pinctrl@c000: Missing interrupt-parent
arch/arm64/boot/dts/somc/sdm845-v2-tama-akari_kddi-overlay.dtbo: Warning (interrupts_property): /fragment@22/__overlay__/qcom,pmi8998@2/qcom,qpnp-qnovo@1500: Missing interrupt-parent
arch/arm64/boot/dts/somc/sdm845-v2-tama-akari_kddi-overlay.dtbo: Warning (interrupts_property): /fragment@22/__overlay__/qcom,pmi8998@2/qcom,qpnp-smb2/qcom,chgr@1000: Missing interrupt-parent
arch/arm64/boot/dts/somc/sdm845-v2-tama-akari_kddi-overlay.dtbo: Warning (interrupts_property): /fragment@22/__overlay__/qcom,pmi8998@2/qcom,qpnp-smb2/qcom,otg@1100: Missing interrupt-parent
arch/arm64/boot/dts/somc/sdm845-v2-tama-akari_kddi-overlay.dtbo: Warning (interrupts_property): /fragment@22/__overlay__/qcom,pmi8998@2/qcom,qpnp-smb2/qcom,bat-if@1200: Missing interrupt-parent
arch/arm64/boot/dts/somc/sdm845-v2-tama-akari_kddi-overlay.dtbo: Warning (interrupts_property): /fragment@22/__overlay__/qcom,pmi8998@2/qcom,qpnp-smb2/qcom,usb-chgpth@1300: Missing interrupt-parent
arch/arm64/boot/dts/somc/sdm845-v2-tama-akari_kddi-overlay.dtbo: Warning (interrupts_property): /fragment@22/__overlay__/qcom,pmi8998@2/qcom,qpnp-smb2/qcom,dc-chgpth@1400: Missing interrupt-parent
arch/arm64/boot/dts/somc/sdm845-v2-tama-akari_kddi-overlay.dtbo: Warning (interrupts_property): /fragment@22/__overlay__/qcom,pmi8998@2/qcom,qpnp-smb2/qcom,chgr-misc@1600: Missing interrupt-parent
arch/arm64/boot/dts/somc/sdm845-v2-tama-akari_kddi-overlay.dtbo: Warning (interrupts_property): /fragment@22/__overlay__/qcom,pmi8998@2/qcom,usb-pdphy@1700: Missing interrupt-parent
arch/arm64/boot/dts/somc/sdm845-v2-tama-akari_kddi-overlay.dtbo: Warning (interrupts_property): /fragment@22/__overlay__/qcom,pmi8998@2/bcl@4200: Missing interrupt-parent
arch/arm64/boot/dts/somc/sdm845-v2-tama-akari_kddi-overlay.dtbo: Warning (interrupts_property): /fragment@22/__overlay__/qcom,pmi8998@2/qpnp,fg/qcom,fg-batt-soc@4000: Missing interrupt-parent
arch/arm64/boot/dts/somc/sdm845-v2-tama-akari_kddi-overlay.dtbo: Warning (interrupts_property): /fragment@22/__overlay__/qcom,pmi8998@2/qpnp,fg/qcom,fg-batt-info@4100: Missing interrupt-parent
arch/arm64/boot/dts/somc/sdm845-v2-tama-akari_kddi-overlay.dtbo: Warning (interrupts_property): /fragment@22/__overlay__/qcom,pmi8998@2/qpnp,fg/qcom,fg-memif@4400: Missing interrupt-parent
arch/arm64/boot/dts/somc/sdm845-v2-tama-akari_kddi-overlay.dtbo: Warning (interrupts_property): /fragment@22/__overlay__/qcom,pmi8998@3/qpnp-labibb-regulator/qcom,ibb@dc00: Missing interrupt-parent
arch/arm64/boot/dts/somc/sdm845-v2-tama-akari_kddi-overlay.dtbo: Warning (interrupts_property): /fragment@22/__overlay__/qcom,pmi8998@3/qpnp-labibb-regulator/qcom,lab@de00: Missing interrupt-parent
arch/arm64/boot/dts/somc/sdm845-v2-tama-akari_kddi-overlay.dtbo: Warning (interrupts_property): /fragment@22/__overlay__/qcom,pmi8998@3/qcom,leds@d800: Missing interrupt-parent
arch/arm64/boot/dts/somc/sdm845-v2-tama-akari_kddi-overlay.dtbo: Warning (interrupts_property): /fragment@22/__overlay__/qcom,pmi8998@3/qcom,leds@d300: Missing interrupt-parent
arch/arm64/boot/dts/somc/sdm845-v2-tama-akari_kddi-overlay.dtbo: Warning (interrupts_property): /fragment@22/__overlay__/qcom,pmi8998@3/qcom,haptics@c000: Missing interrupt-parent
arch/arm64/boot/dts/somc/sdm845-v2-tama-akari_kddi-overlay.dtbo: Warning (interrupts_property): /fragment@66/__overlay__: Missing interrupt-parent
arch/arm64/boot/dts/somc/sdm845-v2.1-tama-akari_kddi-overlay.dtbo: Warning (gpios_property): /fragment@46/__overlay__/tavil_codec/wcd_pinctrl@5: Missing property '#gpio-cells' in node /fragment@52/__overlay__/rpmh-regulator-ldoa14/regulator-l14 or bad phandle (referred from qcom,num-gpios[0])
arch/arm64/boot/dts/somc/sdm845-v2.1-tama-akari_kddi-overlay.dtbo: Warning (gpios_property): /fragment@48/__overlay__: Missing property '#gpio-cells' in node /fragment@46/__overlay__/tavil_codec/msm_cdc_pinctrl_hph_en0 or bad phandle (referred from qcom,hph-en0-gpio[0])
arch/arm64/boot/dts/somc/sdm845-v2.1-tama-akari_kddi-overlay.dtbo: Warning (gpios_property): /fragment@48/__overlay__: Missing property '#gpio-cells' in node /fragment@46/__overlay__/tavil_codec/msm_cdc_pinctrl_hph_en1 or bad phandle (referred from qcom,hph-en1-gpio[0])
arch/arm64/boot/dts/somc/sdm845-v2.1-tama-akari_kddi-overlay.dtbo: Warning (gpios_property): /fragment@48/__overlay__: Missing property '#gpio-cells' in node /fragment@49/__overlay__/msm_cdc_pinctrl@49 or bad phandle (referred from qcom,usbc-analog-en1-gpio[0])
arch/arm64/boot/dts/somc/sdm845-v2.1-tama-akari_kddi-overlay.dtbo: Warning (interrupts_property): /fragment@22/__overlay__/qcom,pmi8998@2/qcom,temp-alarm@2400: Missing interrupt-parent
arch/arm64/boot/dts/somc/sdm845-v2.1-tama-akari_kddi-overlay.dtbo: Warning (interrupts_property): /fragment@22/__overlay__/qcom,pmi8998@2/pinctrl@c000: Missing interrupt-parent
arch/arm64/boot/dts/somc/sdm845-v2.1-tama-akari_kddi-overlay.dtbo: Warning (interrupts_property): /fragment@22/__overlay__/qcom,pmi8998@2/qcom,qpnp-qnovo@1500: Missing interrupt-parent
arch/arm64/boot/dts/somc/sdm845-v2.1-tama-akari_kddi-overlay.dtbo: Warning (interrupts_property): /fragment@22/__overlay__/qcom,pmi8998@2/qcom,qpnp-smb2/qcom,chgr@1000: Missing interrupt-parent
arch/arm64/boot/dts/somc/sdm845-v2.1-tama-akari_kddi-overlay.dtbo: Warning (interrupts_property): /fragment@22/__overlay__/qcom,pmi8998@2/qcom,qpnp-smb2/qcom,otg@1100: Missing interrupt-parent
arch/arm64/boot/dts/somc/sdm845-v2.1-tama-akari_kddi-overlay.dtbo: Warning (interrupts_property): /fragment@22/__overlay__/qcom,pmi8998@2/qcom,qpnp-smb2/qcom,bat-if@1200: Missing interrupt-parent
arch/arm64/boot/dts/somc/sdm845-v2.1-tama-akari_kddi-overlay.dtbo: Warning (interrupts_property): /fragment@22/__overlay__/qcom,pmi8998@2/qcom,qpnp-smb2/qcom,usb-chgpth@1300: Missing interrupt-parent
arch/arm64/boot/dts/somc/sdm845-v2.1-tama-akari_kddi-overlay.dtbo: Warning (interrupts_property): /fragment@22/__overlay__/qcom,pmi8998@2/qcom,qpnp-smb2/qcom,dc-chgpth@1400: Missing interrupt-parent
arch/arm64/boot/dts/somc/sdm845-v2.1-tama-akari_kddi-overlay.dtbo: Warning (interrupts_property): /fragment@22/__overlay__/qcom,pmi8998@2/qcom,qpnp-smb2/qcom,chgr-misc@1600: Missing interrupt-parent
arch/arm64/boot/dts/somc/sdm845-v2.1-tama-akari_kddi-overlay.dtbo: Warning (interrupts_property): /fragment@22/__overlay__/qcom,pmi8998@2/qcom,usb-pdphy@1700: Missing interrupt-parent
arch/arm64/boot/dts/somc/sdm845-v2.1-tama-akari_kddi-overlay.dtbo: Warning (interrupts_property): /fragment@22/__overlay__/qcom,pmi8998@2/bcl@4200: Missing interrupt-parent
arch/arm64/boot/dts/somc/sdm845-v2.1-tama-akari_kddi-overlay.dtbo: Warning (interrupts_property): /fragment@22/__overlay__/qcom,pmi8998@2/qpnp,fg/qcom,fg-batt-soc@4000: Missing interrupt-parent
arch/arm64/boot/dts/somc/sdm845-v2.1-tama-akari_kddi-overlay.dtbo: Warning (interrupts_property): /fragment@22/__overlay__/qcom,pmi8998@2/qpnp,fg/qcom,fg-batt-info@4100: Missing interrupt-parent
arch/arm64/boot/dts/somc/sdm845-v2.1-tama-akari_kddi-overlay.dtbo: Warning (interrupts_property): /fragment@22/__overlay__/qcom,pmi8998@2/qpnp,fg/qcom,fg-memif@4400: Missing interrupt-parent
arch/arm64/boot/dts/somc/sdm845-v2.1-tama-akari_kddi-overlay.dtbo: Warning (interrupts_property): /fragment@22/__overlay__/qcom,pmi8998@3/qpnp-labibb-regulator/qcom,ibb@dc00: Missing interrupt-parent
arch/arm64/boot/dts/somc/sdm845-v2.1-tama-akari_kddi-overlay.dtbo: Warning (interrupts_property): /fragment@22/__overlay__/qcom,pmi8998@3/qpnp-labibb-regulator/qcom,lab@de00: Missing interrupt-parent
arch/arm64/boot/dts/somc/sdm845-v2.1-tama-akari_kddi-overlay.dtbo: Warning (interrupts_property): /fragment@22/__overlay__/qcom,pmi8998@3/qcom,leds@d800: Missing interrupt-parent
arch/arm64/boot/dts/somc/sdm845-v2.1-tama-akari_kddi-overlay.dtbo: Warning (interrupts_property): /fragment@22/__overlay__/qcom,pmi8998@3/qcom,leds@d300: Missing interrupt-parent
arch/arm64/boot/dts/somc/sdm845-v2.1-tama-akari_kddi-overlay.dtbo: Warning (interrupts_property): /fragment@22/__overlay__/qcom,pmi8998@3/qcom,haptics@c000: Missing interrupt-parent
arch/arm64/boot/dts/somc/sdm845-v2.1-tama-akari_kddi-overlay.dtbo: Warning (interrupts_property): /fragment@66/__overlay__: Missing interrupt-parent
  GEN     .version
  LD      vmlinux.o
  MODPOST vmlinux.o
  CHK     include/generated/compile.h
  UPD     include/generated/compile.h
  CC      init/version.o
  LD      init/built-in.o
  KSYM    .tmp_kallsyms1.o
  KSYM    .tmp_kallsyms2.o
  LD      vmlinux
  SORTEX  vmlinux
  SYSMAP  System.map
  OBJCOPY arch/arm64/boot/Image
make[1]: Leaving directory '/home/suzuri/kbuild-akari'
+ echo MAKE_EXIT_CODE=0
MAKE_EXIT_CODE=0
