+ cd /home/suzuri/android/lineage/kernel/sony/sdm845
+ export 'PATH=/home/suzuri/android/lineage/prebuilts/gcc/linux-x86/aarch64/aarch64-linux-android-4.9/bin:/usr/local/sbin:/usr/local/bin:/usr/sbin:/usr/bin:/sbin:/bin:/usr/games:/usr/local/games:/usr/lib/wsl/lib:/mnt/c/Users/Suzuri/bin:/mnt/c/Program Files/Git/mingw64/bin:/mnt/c/Program Files/Git/usr/local/bin:/mnt/c/Program Files/Git/usr/bin:/mnt/c/Program Files/Git/usr/bin:/mnt/c/Program Files/Git/mingw64/bin:/mnt/c/Program Files/Git/usr/bin:/mnt/c/Users/Suzuri/bin:/mnt/c/Program Files/NVIDIA GPU Computing Toolkit/CUDA/v13.3/bin/x64:/mnt/c/Program Files/NVIDIA GPU Computing Toolkit/CUDA/v13.3/bin:/mnt/c/Program Files/NVIDIA GPU Computing Toolkit/CUDA/v13.1/bin/x64:/mnt/c/Program Files/NVIDIA GPU Computing Toolkit/CUDA/v13.1/bin:/mnt/c/Program Files/NVIDIA GPU Computing Toolkit/CUDA/v12.9/bin:/mnt/c/Program Files/NVIDIA GPU Computing Toolkit/CUDA/v12.9/libnvvp:/mnt/c/Program Files/NVIDIA GPU Computing Toolkit/CUDA/v12.6/bin:/mnt/c/Program Files/NVIDIA GPU Computing Toolkit/CUDA/v12.6/libnvvp:/mnt/c/WINDOWS/system32:/mnt/c/WINDOWS:/mnt/c/WINDOWS/System32/Wbem:/mnt/c/WINDOWS/System32/WindowsPowerShell/v1.0:/mnt/c/WINDOWS/System32/OpenSSH:/mnt/c/Program Files/Apollo:/mnt/c/Program Files/Apollo/tools:/mnt/c/Program Files/dotnet:/mnt/c/Program Files/Microsoft VS Code/bin:/mnt/c/Program Files/Git/cmd:/mnt/c/Program Files/Git-Xet:/mnt/c/Program Files/Tailscale:/mnt/c/Program Files/NVIDIA Corporation/NVIDIA App/NvDLISR:/mnt/c/Program Files (x86)/NVIDIA Corporation/PhysX/Common:/mnt/c/Program Files/CMake/bin:/mnt/c/Program Files (x86)/llama.cpp/bin:/mnt/c/Program Files/nodejs:/mnt/c/Program Files/RedHat/Podman:/mnt/c/Program Files/PowerShell/7:/mnt/c/Program Files/GitHub CLI:/mnt/c/Program Files/usbipd-win:/mnt/c/Users/Suzuri/.grok/bin:/mnt/c/Users/Suzuri/.unsloth/studio/bin:/mnt/c/Users/Suzuri/AppData/Local/Programs/Python/Python313/Scripts:/mnt/c/Users/Suzuri/AppData/Local/Programs/Python/Python313:/mnt/c/Users/Suzuri/AppData/Local/Programs/Python/Launcher:/mnt/c/Users/Suzuri/AppData/Local/Microsoft/WindowsApps:/mnt/c/Users/Suzuri/.dotnet/tools:/mnt/c/Users/Suzuri/.lmstudio/bin:/mnt/c/Program Files (x86)/llama.cpp/bin:/mnt/c/Users/Suzuri/AppData/Local/Microsoft/WinGet/Links:/mnt/c/Users/Suzuri/AppData/Roaming/npm:/mnt/c/Users/Suzuri/AppData/Roaming/Python/Python313/Scripts:/mnt/c/Users/Suzuri/AppData/Local/Programs/Podman:/mnt/c/Users/Suzuri/.local/bin:/mnt/c/Users/Suzuri/AppData/Local/Android/Sdk/platform-tools:/mnt/c/Program Files/Git/usr/bin/vendor_perl:/mnt/c/Program Files/Git/usr/bin/core_perl'
+ PATH='/home/suzuri/android/lineage/prebuilts/gcc/linux-x86/aarch64/aarch64-linux-android-4.9/bin:/usr/local/sbin:/usr/local/bin:/usr/sbin:/usr/bin:/sbin:/bin:/usr/games:/usr/local/games:/usr/lib/wsl/lib:/mnt/c/Users/Suzuri/bin:/mnt/c/Program Files/Git/mingw64/bin:/mnt/c/Program Files/Git/usr/local/bin:/mnt/c/Program Files/Git/usr/bin:/mnt/c/Program Files/Git/usr/bin:/mnt/c/Program Files/Git/mingw64/bin:/mnt/c/Program Files/Git/usr/bin:/mnt/c/Users/Suzuri/bin:/mnt/c/Program Files/NVIDIA GPU Computing Toolkit/CUDA/v13.3/bin/x64:/mnt/c/Program Files/NVIDIA GPU Computing Toolkit/CUDA/v13.3/bin:/mnt/c/Program Files/NVIDIA GPU Computing Toolkit/CUDA/v13.1/bin/x64:/mnt/c/Program Files/NVIDIA GPU Computing Toolkit/CUDA/v13.1/bin:/mnt/c/Program Files/NVIDIA GPU Computing Toolkit/CUDA/v12.9/bin:/mnt/c/Program Files/NVIDIA GPU Computing Toolkit/CUDA/v12.9/libnvvp:/mnt/c/Program Files/NVIDIA GPU Computing Toolkit/CUDA/v12.6/bin:/mnt/c/Program Files/NVIDIA GPU Computing Toolkit/CUDA/v12.6/libnvvp:/mnt/c/WINDOWS/system32:/mnt/c/WINDOWS:/mnt/c/WINDOWS/System32/Wbem:/mnt/c/WINDOWS/System32/WindowsPowerShell/v1.0:/mnt/c/WINDOWS/System32/OpenSSH:/mnt/c/Program Files/Apollo:/mnt/c/Program Files/Apollo/tools:/mnt/c/Program Files/dotnet:/mnt/c/Program Files/Microsoft VS Code/bin:/mnt/c/Program Files/Git/cmd:/mnt/c/Program Files/Git-Xet:/mnt/c/Program Files/Tailscale:/mnt/c/Program Files/NVIDIA Corporation/NVIDIA App/NvDLISR:/mnt/c/Program Files (x86)/NVIDIA Corporation/PhysX/Common:/mnt/c/Program Files/CMake/bin:/mnt/c/Program Files (x86)/llama.cpp/bin:/mnt/c/Program Files/nodejs:/mnt/c/Program Files/RedHat/Podman:/mnt/c/Program Files/PowerShell/7:/mnt/c/Program Files/GitHub CLI:/mnt/c/Program Files/usbipd-win:/mnt/c/Users/Suzuri/.grok/bin:/mnt/c/Users/Suzuri/.unsloth/studio/bin:/mnt/c/Users/Suzuri/AppData/Local/Programs/Python/Python313/Scripts:/mnt/c/Users/Suzuri/AppData/Local/Programs/Python/Python313:/mnt/c/Users/Suzuri/AppData/Local/Programs/Python/Launcher:/mnt/c/Users/Suzuri/AppData/Local/Microsoft/WindowsApps:/mnt/c/Users/Suzuri/.dotnet/tools:/mnt/c/Users/Suzuri/.lmstudio/bin:/mnt/c/Program Files (x86)/llama.cpp/bin:/mnt/c/Users/Suzuri/AppData/Local/Microsoft/WinGet/Links:/mnt/c/Users/Suzuri/AppData/Roaming/npm:/mnt/c/Users/Suzuri/AppData/Roaming/Python/Python313/Scripts:/mnt/c/Users/Suzuri/AppData/Local/Programs/Podman:/mnt/c/Users/Suzuri/.local/bin:/mnt/c/Users/Suzuri/AppData/Local/Android/Sdk/platform-tools:/mnt/c/Program Files/Git/usr/bin/vendor_perl:/mnt/c/Program Files/Git/usr/bin/core_perl'
+ mkdir -p /home/suzuri/kbuild-akari
+ make -j32 O=/home/suzuri/kbuild-akari ARCH=arm64 CROSS_COMPILE=/home/suzuri/android/lineage/prebuilts/gcc/linux-x86/aarch64/aarch64-linux-android-4.9/bin/aarch64-linux-android- HOSTCFLAGS=-fcommon tama_akari_defconfig
make[1]: Entering directory '/home/suzuri/kbuild-akari'
  GEN     ./Makefile
drivers/usb/gadget/Kconfig:606:warning: defaults for choice values not supported
#
# configuration written to .config
#
make[1]: Leaving directory '/home/suzuri/kbuild-akari'
+ DEFCONFIG_EXIT=0
+ echo DEFCONFIG_EXIT_CODE=0
DEFCONFIG_EXIT_CODE=0
+ ls -la /home/suzuri/kbuild-akari/.config
-rw-r--r-- 1 suzuri suzuri 149851 Aug  1 14:25 /home/suzuri/kbuild-akari/.config
+ '[' 0 -ne 0 ']'
+ make -j32 O=/home/suzuri/kbuild-akari ARCH=arm64 CROSS_COMPILE=/home/suzuri/android/lineage/prebuilts/gcc/linux-x86/aarch64/aarch64-linux-android-4.9/bin/aarch64-linux-android- HOSTCFLAGS=-fcommon Image dtbs
make[1]: Entering directory '/home/suzuri/kbuild-akari'
  GEN     ./Makefile
scripts/kconfig/conf  --silentoldconfig Kconfig
drivers/usb/gadget/Kconfig:606:warning: defaults for choice values not supported
  CHK     include/config/kernel.release
  GEN     ./Makefile
  CHK     include/generated/uapi/linux/version.h
  CHK     include/generated/utsrelease.h
  Using /home/suzuri/android/lineage/kernel/sony/sdm845 as source for kernel
  CHK     scripts/mod/devicetable-offsets.h
  CHK     include/generated/timeconst.h
  CHK     include/generated/bounds.h
  CC      arch/arm64/kernel/asm-offsets.s
  CHK     include/generated/asm-offsets.h
  UPD     include/generated/asm-offsets.h
  CALL    /home/suzuri/android/lineage/kernel/sony/sdm845/scripts/checksyscalls.sh
  VDSOA   arch/arm64/kernel/vdso/gettimeofday.o
  VDSOL   arch/arm64/kernel/vdso/vdso.so.dbg
  VDSOSYM include/generated/vdso-offsets.h
  CC      init/main.o
  CHK     include/generated/compile.h
  CC      init/do_mounts.o
  CC      init/do_mounts_rd.o
  CC      init/do_mounts_initrd.o
  CC      init/do_mounts_dm.o
  CC      init/noinitramfs.o
  CC      init/initramfs.o
  CC      init/init_task.o
  CC      init/version.o
  CC      arch/arm64/mm/dma-mapping.o
  CC      arch/arm64/mm/extable.o
  CC      arch/arm64/mm/fault.o
  CC      arch/arm64/mm/init.o
  AS      arch/arm64/mm/cache.o
  CC      arch/arm64/mm/flush.o
  CC      arch/arm64/mm/ioremap.o
  CC      arch/arm64/mm/mmap.o
  CC      arch/arm64/mm/pgd.o
  CC      arch/arm64/mm/mmu.o
  CC      arch/arm64/mm/context.o
  AS      arch/arm64/mm/proc.o
  CC      arch/arm64/mm/pageattr.o
  CC      arch/arm64/kernel/debug-monitors.o
  AS      arch/arm64/kernel/entry.o
  CC      arch/arm64/kernel/irq.o
  CC      arch/arm64/kernel/fpsimd.o
  AS      arch/arm64/kernel/entry-fpsimd.o
  CC      arch/arm64/kernel/process.o
  CC      arch/arm64/kernel/ptrace.o
  CC      arch/arm64/kernel/setup.o
  CC      arch/arm64/kernel/signal.o
  CC      arch/arm64/kernel/sys.o
  CC      arch/arm64/crypto/sha1-ce-glue.o
  CC      arch/arm64/kernel/stacktrace.o
  AS      arch/arm64/crypto/sha1-ce-core.o
  CC      arch/arm64/kernel/time.o
  CC      arch/arm64/crypto/sha2-ce-glue.o
  AS      arch/arm64/crypto/sha2-ce-core.o
  CC      certs/system_keyring.o
  CC      arch/arm64/crypto/ghash-ce-glue.o
  AS      arch/arm64/crypto/ghash-ce-core.o
  CC      arch/arm64/crypto/aes-ce-cipher-glue.o
  CC      arch/arm64/crypto/aes-ce-cipher-core.o
  CC      arch/arm64/kernel/traps.o
  CC      arch/arm64/crypto/aes-ce-ccm-glue.o
  CC      arch/arm64/kernel/io.o
  AS      arch/arm64/crypto/aes-ce-ccm-core.o
  CC      arch/arm64/kernel/vdso.o
  AS      arch/arm64/kernel/hyp-stub.o
  CC      arch/arm64/kernel/psci.o
  CC      kernel/fork.o
  CC      arch/arm64/crypto/aes-glue-ce.o
  CC      kernel/exec_domain.o
  AS      arch/arm64/crypto/aes-ce.o
  CC      arch/arm64/kernel/cpu_ops.o
  CC      arch/arm64/kernel/insn.o
  CC      arch/arm64/crypto/aes-glue-neon.o
  AS      arch/arm64/crypto/aes-neon.o
  CC      arch/arm64/kernel/return_address.o
  CC      kernel/panic.o
  CC      arch/arm64/crypto/crc32-arm64.o
  CC      arch/arm64/kernel/cpuinfo.o
  LD      arch/arm64/crypto/sha1-ce.o
  LD      certs/built-in.o
  CC      kernel/cpu.o
  LD      arch/arm64/crypto/ghash-ce.o
  CC      kernel/exit.o
  LD      arch/arm64/crypto/sha2-ce.o
  CC      arch/arm64/kernel/cpu_errata.o
  CC      kernel/softirq.o
  CC      arch/arm64/kernel/cpufeature.o
  CC      kernel/resource.o
  CC      arch/arm64/kernel/alternative.o
  CC      arch/arm64/kernel/cacheinfo.o
  CC      mm/filemap.o
  CC      arch/arm64/kernel/smp.o
  CC      arch/arm64/kernel/smp_spin_table.o
  CC      kernel/sysctl.o
  CC      arch/arm64/kernel/topology.o
  AS      arch/arm64/kernel/smccc-call.o
  CC      mm/mempool.o
  LD      arch/arm64/crypto/aes-ce-cipher.o
  CC      kernel/sysctl_binary.o
  CC      fs/open.o
  LD      arch/arm64/crypto/aes-ce-ccm.o
  LD      init/mounts.o
  CC      security/integrity/iint.o
  CC      arch/arm64/kernel/sys32.o
  LD      init/built-in.o
  CC      security/keys/gc.o
  CC      mm/oom_kill.o
  CC      fs/read_write.o
  CC      kernel/capability.o
  LD      arch/arm64/crypto/aes-ce-blk.o
  LD      arch/arm64/crypto/aes-neon-blk.o
  CC      security/pfe/pfk.o
  LD      arch/arm64/crypto/built-in.o
  CC      security/pfe/pfk_kc.o
  CC      security/pfe/pfk_ice.o
  CC      fs/file_table.o
  CC      security/keys/key.o
  CC      security/pfe/pfk_ext4.o
  CC      security/pfe/pfk_f2fs.o
  CC      security/selinux/avc.o
  CC      security/integrity/integrity_audit.o
  CC      security/smack/smack_lsm.o
  CC      fs/super.o
  CC      block/bio.o
  LD      arch/arm64/mm/built-in.o
  CC      security/selinux/hooks.o
  CC      security/smack/smack_access.o
  CC      security/smack/smackfs.o
  CC      security/commoncap.o
  CC      block/elevator.o
  CC      fs/char_dev.o
  CC      crypto/api.o
  CC      mm/maccess.o
  CC      crypto/cipher.o
  CC      mm/page_alloc.o
  LD      security/pfe/built-in.o
  CC      security/min_addr.o
  CC      block/blk-core.o
  LD      security/integrity/integrity.o
  CC      drivers/amba/bus.o
  LD      security/integrity/built-in.o
  CC      drivers/android/binder.o
  CC      security/selinux/selinuxfs.o
  CC      sound/sound_core.o
  CC      security/keys/keyring.o
  CC      arch/arm64/kernel/signal32.o
  CC      security/selinux/netlink.o
  CC      crypto/compress.o
  CC      drivers/android/binder_alloc.o
  CC      arch/arm64/kernel/sys_compat.o
  CC      security/selinux/nlmsgtab.o
  CC      crypto/memneq.o
  CC      block/blk-tag.o
  CC      kernel/ptrace.o
  CC      security/selinux/netif.o
  CC      mm/page-writeback.o
  CC      block/blk-sysfs.o
  CC      kernel/user.o
  AS      arch/arm64/kernel/entry32.o
  CC      kernel/signal.o
  CC      block/blk-flush.o
  CC      kernel/sys.o
  CC      security/keys/keyctl.o
  CC      security/security.o
  LD      drivers/amba/built-in.o
  CC      fs/stat.o
  CC      arch/arm64/kernel/arm64ksyms.o
  CC      security/selinux/netnode.o
  CC      fs/exec.o
  CC      arch/arm64/kernel/module.o
  CC      block/blk-settings.o
  CC      sound/core/sound.o
  CC      sound/core/init.o
  CC      security/selinux/netport.o
  LD      techpack/audio/asoc/codecs/built-in.o
  CC      crypto/crypto_wq.o
  LD      techpack/audio/asoc/built-in.o
  CC      security/selinux/exports.o
  LD      techpack/audio/dsp/built-in.o
  LD      techpack/audio/ipc/built-in.o
  CC      security/keys/permission.o
  LD      techpack/audio/soc/built-in.o
  LD      techpack/audio/built-in.o
  LD      techpack/built-in.o
  CC      fs/pipe.o
  CC      arch/arm64/kernel/module-plts.o
  CC      security/lsm_audit.o
  CC      mm/readahead.o
  CC      mm/swap.o
  CC      kernel/kmod.o
  CC      kernel/workqueue.o
  LD      security/smack/smack.o
  LD      security/smack/built-in.o
  CC      arch/arm64/kernel/perf_regs.o
  CC      security/keys/process_keys.o
  CC      net/socket.o
  CC      fs/namei.o
  CC      arch/arm64/kernel/perf_callchain.o
  CC      security/selinux/ss/ebitmap.o
  CC      arch/arm64/kernel/perf_event.o
  CC      security/keys/request_key.o
  CC      fs/fcntl.o
  CC      net/802/p8022.o
  CC      drivers/block/brd.o
  CC      mm/truncate.o
  CC      drivers/block/loop.o
  CC      crypto/algapi.o
  AS      arch/arm64/lib/bitops.o
  CC      drivers/block/zram/zcomp.o
  CC      sound/core/memory.o
  CC      drivers/base/component.o
  AS      arch/arm64/lib/clear_page.o
  CC      net/802/psnap.o
  CC      block/blk-ioc.o
  CC      sound/core/control.o
  AS      arch/arm64/lib/clear_user.o
  CC      mm/vmscan.o
  CC      drivers/base/core.o
  CC      kernel/pid.o
  AS      arch/arm64/lib/copy_from_user.o
  CC      drivers/bluetooth/bluetooth-power.o
  CC      arch/arm64/kernel/perf_trace_counters.o
  CC      security/selinux/ss/hashtab.o
  CC      security/keys/request_key_auth.o
  AS      arch/arm64/lib/copy_in_user.o
  CC      security/keys/user_defined.o
  CC      drivers/block/zram/zram_drv.o
  CC      block/blk-map.o
  CC      drivers/bluetooth/btfm_slim.o
  AS      arch/arm64/lib/copy_page.o
  CC      kernel/task_work.o
  CC      block/blk-exec.o
  CC      net/802/stp.o
  CC      drivers/bluetooth/btfm_slim_codec.o
  CC      security/selinux/ss/sidtab.o
  AS      arch/arm64/lib/copy_to_user.o
  CC      drivers/base/bus.o
  CC      security/keys/compat.o
  CC      crypto/scatterwalk.o
  CC      sound/core/misc.o
  CC      arch/arm64/lib/delay.o
  CC      block/blk-merge.o
  CC      mm/shmem.o
  CC      drivers/base/dd.o
  CC      arch/arm64/kernel/perf_trace_user.o
  CC      crypto/proc.o
  CC      kernel/extable.o
  CC      sound/core/device.o
  CC      net/bluetooth/af_bluetooth.o
  CC      fs/ioctl.o
  LD      drivers/android/built-in.o
  CC      mm/util.o
  CC      crypto/aead.o
  CC      sound/core/info.o
  CC      drivers/bluetooth/btfm_slim_wcn3990.o
  CC      lib/parser.o
  CC      security/keys/proc.o
  CC      net/bluetooth/hci_core.o
  CC      security/selinux/ss/avtab.o
  CC      security/selinux/ss/policydb.o
  CC      sound/core/ctljack.o
  AS      arch/arm64/lib/memchr.o
  CC      kernel/params.o
  CC      fs/readdir.o
  LD      drivers/block/zram/zram.o
  LD      drivers/block/zram/built-in.o
  LD      drivers/block/built-in.o
  LD      net/802/built-in.o
  CC      arch/arm64/kernel/hw_breakpoint.o
  CC      block/blk-softirq.o
  CC      crypto/ablkcipher.o
  CC      net/bridge/br.o
  CC      net/bluetooth/hci_conn.o
  AS      arch/arm64/lib/memcmp.o
  CC      security/selinux/ss/services.o
  CC      net/bridge/br_device.o
  CC      crypto/blkcipher.o
  LD      drivers/bluetooth/built-in.o
  CC      net/bluetooth/hci_event.o
  CC      security/keys/sysctl.o
  CC      net/ethernet/eth.o
  AS      arch/arm64/kernel/sleep.o
  AS      arch/arm64/lib/memcpy.o
  CC      lib/random32.o
  AS      arch/arm64/lib/memmove.o
  CC      drivers/base/syscore.o
  CC      crypto/skcipher.o
  CC      net/bluetooth/mgmt.o
  AS      arch/arm64/lib/memset.o
  CC      net/core/sock.o
  CC      lib/bust_spinlocks.o
  CC      security/selinux/ss/conditional.o
  AS      arch/arm64/lib/strchr.o
  CC      crypto/seqiv.o
  CC      drivers/char/mem.o
  LD      security/keys/built-in.o
  CC      kernel/kthread.o
  CC      mm/vmstat.o
  CC      arch/arm64/kernel/suspend.o
  AS      arch/arm64/lib/strcmp.o
  CC      sound/core/jack.o
  CC      block/blk-timeout.o
  CC      security/selinux/ss/mls.o
  AS      arch/arm64/lib/strlen.o
  CC      net/bluetooth/hci_sock.o
  CC      fs/select.o
  CC      lib/kasprintf.o
  CC      sound/core/hwdep.o
  CC      fs/dcache.o
  AS      arch/arm64/lib/strncmp.o
  CC      lib/bitmap.o
  CC      arch/arm64/kernel/cpuidle.o
  AS      arch/arm64/lib/strnlen.o
  CC      drivers/char/random.o
  AS      arch/arm64/lib/strrchr.o
  CC      fs/inode.o
  CC      mm/backing-dev.o
  DTC     arch/arm64/boot/dts/qcom/apq8016-sbc.dtb
  CC      drivers/base/driver.o
  AR      arch/arm64/lib/lib.a
  CC      drivers/char/misc.o
  EXPORTS arch/arm64/lib/lib-ksyms.o
  DTC     arch/arm64/boot/dts/qcom/msm8916-mtp.dtb
  CC      lib/scatterlist.o
arch/arm64/boot/dts/qcom/apq8016-sbc.dtb: Warning (unit_address_format): /soc/lpass@07708000: unit name should not have leading 0s
arch/arm64/boot/dts/qcom/apq8016-sbc.dtb: Warning (unit_address_format): /soc/sdhci@07824000: unit name should not have leading 0s
arch/arm64/boot/dts/qcom/apq8016-sbc.dtb: Warning (unit_address_format): /soc/sdhci@07864000: unit name should not have leading 0s
arch/arm64/boot/dts/qcom/apq8016-sbc.dtb: Warning (unique_unit_address): /soc/spi@78b6000: duplicate unit-address (also used in node /soc/i2c@78b6000)
arch/arm64/boot/dts/qcom/apq8016-sbc.dtb: Warning (unique_unit_address): /soc/spi@78b8000: duplicate unit-address (also used in node /soc/i2c@78b8000)
arch/arm64/boot/dts/qcom/apq8016-sbc.dtb: Warning (unique_unit_address): /soc/spi@78ba000: duplicate unit-address (also used in node /soc/i2c@78ba000)
arch/arm64/boot/dts/qcom/apq8016-sbc.dtb: Warning (unique_unit_address): /soc/usb@78d9000: duplicate unit-address (also used in node /soc/ehci@78d9000)
arch/arm64/boot/dts/qcom/apq8016-sbc.dtb: Warning (unique_unit_address): /soc/usb@78d9000: duplicate unit-address (also used in node /soc/phy@78d9000)
arch/arm64/boot/dts/qcom/apq8016-sbc.dtb: Warning (unique_unit_address): /soc/ehci@78d9000: duplicate unit-address (also used in node /soc/phy@78d9000)
arch/arm64/boot/dts/qcom/apq8016-sbc.dtb: Warning (graph_child_address): /soc/mdss@1a00000/mdp@1a01000/ports: graph node has single child node 'port@0', #address-cells/#size-cells are not necessary
  LD      arch/arm64/lib/built-in.o
  CC      net/bridge/br_fdb.o
  CC      fs/attr.o
  CC      crypto/echainiv.o
  CC      net/ipc_router/ipc_router_core.o
arch/arm64/boot/dts/qcom/msm8916-mtp.dtb: Warning (unit_address_format): /soc/lpass@07708000: unit name should not have leading 0s
arch/arm64/boot/dts/qcom/msm8916-mtp.dtb: Warning (unit_address_format): /soc/sdhci@07824000: unit name should not have leading 0s
arch/arm64/boot/dts/qcom/msm8916-mtp.dtb: Warning (unit_address_format): /soc/sdhci@07864000: unit name should not have leading 0s
arch/arm64/boot/dts/qcom/msm8916-mtp.dtb: Warning (unique_unit_address): /soc/spi@78b6000: duplicate unit-address (also used in node /soc/i2c@78b6000)
arch/arm64/boot/dts/qcom/msm8916-mtp.dtb: Warning (unique_unit_address): /soc/spi@78b8000: duplicate unit-address (also used in node /soc/i2c@78b8000)
arch/arm64/boot/dts/qcom/msm8916-mtp.dtb: Warning (unique_unit_address): /soc/spi@78ba000: duplicate unit-address (also used in node /soc/i2c@78ba000)
arch/arm64/boot/dts/qcom/msm8916-mtp.dtb: Warning (unique_unit_address): /soc/usb@78d9000: duplicate unit-address (also used in node /soc/ehci@78d9000)
arch/arm64/boot/dts/qcom/msm8916-mtp.dtb: Warning (unique_unit_address): /soc/usb@78d9000: duplicate unit-address (also used in node /soc/phy@78d9000)
arch/arm64/boot/dts/qcom/msm8916-mtp.dtb: Warning (unique_unit_address): /soc/ehci@78d9000: duplicate unit-address (also used in node /soc/phy@78d9000)
arch/arm64/boot/dts/qcom/msm8916-mtp.dtb: Warning (graph_child_address): /soc/mdss@1a00000/mdp@1a01000/ports: graph node has single child node 'port@0', #address-cells/#size-cells are not necessary
  CC      net/core/request_sock.o
  DTC     arch/arm64/boot/dts/qcom/msm8996-mtp.dtb
  CC      block/blk-lib.o
  CC      net/core/skbuff.o
  CC      arch/arm64/kernel/efi.o
  LD      net/ethernet/built-in.o
  CC      kernel/nsproxy.o
arch/arm64/boot/dts/qcom/msm8996-mtp.dtb: Warning (unit_address_format): /soc/spi@07575000: unit name should not have leading 0s
arch/arm64/boot/dts/qcom/msm8996-mtp.dtb: Warning (unit_address_format): /soc/i2c@075b5000: unit name should not have leading 0s
arch/arm64/boot/dts/qcom/msm8996-mtp.dtb: Warning (unit_address_format): /soc/i2c@075b6000: unit name should not have leading 0s
arch/arm64/boot/dts/qcom/msm8996-mtp.dtb: Warning (unit_address_format): /soc/i2c@07577000: unit name should not have leading 0s
arch/arm64/boot/dts/qcom/msm8996-mtp.dtb: Warning (unit_address_format): /soc/spi@075ba000: unit name should not have leading 0s
arch/arm64/boot/dts/qcom/msm8996-mtp.dtb: Warning (unit_address_format): /soc/timer@09840000: unit name should not have leading 0s
  DTC     arch/arm64/boot/dts/qcom/apq8096-db820c.dtb
  CC      drivers/char/diag/diagchar_core.o
  CC      net/bluetooth/hci_sysfs.o
  CC      sound/soc/soc-core.o
  CC      security/selinux/ss/status.o
  CC      net/core/datagram.o
arch/arm64/boot/dts/qcom/apq8096-db820c.dtb: Warning (unit_address_format): /soc/spi@07575000: unit name should not have leading 0s
arch/arm64/boot/dts/qcom/apq8096-db820c.dtb: Warning (unit_address_format): /soc/i2c@075b5000: unit name should not have leading 0s
arch/arm64/boot/dts/qcom/apq8096-db820c.dtb: Warning (unit_address_format): /soc/i2c@075b6000: unit name should not have leading 0s
arch/arm64/boot/dts/qcom/apq8096-db820c.dtb: Warning (unit_address_format): /soc/i2c@07577000: unit name should not have leading 0s
arch/arm64/boot/dts/qcom/apq8096-db820c.dtb: Warning (unit_address_format): /soc/spi@075ba000: unit name should not have leading 0s
arch/arm64/boot/dts/qcom/apq8096-db820c.dtb: Warning (unit_address_format): /soc/timer@09840000: unit name should not have leading 0s
  CC      sound/core/timer.o
  DTC     arch/arm64/boot/dts/somc/sdm845-tama-akari_kddi.dtb
  CC      drivers/base/class.o
  CC      net/ipc_router/ipc_router_socket.o
  CC      crypto/ahash.o
  CC      drivers/char/diag/diagchar_hdlc.o
  AS      arch/arm64/kernel/efi-entry.o
  CC      fs/bad_inode.o
  CC      net/ipv4/route.o
  CC      sound/soc/soc-dapm.o
  CC      kernel/notifier.o
  CC      lib/flex_array.o
  CC      arch/arm64/kernel/pci.o
  CC      mm/mm_init.o
arch/arm64/boot/dts/somc/sdm845-tama-akari_kddi.dtb: Warning (reg_format): /soc/sony,camera_modules@0:reg: property has invalid length (4 bytes) (#address-cells == 1, #size-cells == 1)
arch/arm64/boot/dts/somc/sdm845-tama-akari_kddi.dtb: Warning (reg_format): /soc/sony,camera_modules@1:reg: property has invalid length (4 bytes) (#address-cells == 1, #size-cells == 1)
arch/arm64/boot/dts/somc/sdm845-tama-akari_kddi.dtb: Warning (unit_address_format): /soc/qcom,gdsc@0x16b004: unit name should not have leading "0x"
arch/arm64/boot/dts/somc/sdm845-tama-akari_kddi.dtb: Warning (unit_address_format): /soc/qcom,gdsc@0x18d004: unit name should not have leading "0x"
arch/arm64/boot/dts/somc/sdm845-tama-akari_kddi.dtb: Warning (unit_address_format): /soc/qcom,gdsc@0x175004: unit name should not have leading "0x"
arch/arm64/boot/dts/somc/sdm845-tama-akari_kddi.dtb: Warning (unit_address_format): /soc/qcom,gdsc@0x177004: unit name should not have leading "0x"
arch/arm64/boot/dts/somc/sdm845-tama-akari_kddi.dtb: Warning (unit_address_format): /soc/qcom,gdsc@0x10f004: unit name should not have leading "0x"
arch/arm64/boot/dts/somc/sdm845-tama-akari_kddi.dtb: Warning (unit_address_format): /soc/qcom,gdsc@0x110004: unit name should not have leading "0x"
arch/arm64/boot/dts/somc/sdm845-tama-akari_kddi.dtb: Warning (unit_address_format): /soc/qcom,gdsc@0x17d030: unit name should not have leading "0x"
arch/arm64/boot/dts/somc/sdm845-tama-akari_kddi.dtb: Warning (unit_address_format): /soc/qcom,gdsc@0x17d03c: unit name should not have leading "0x"
arch/arm64/boot/dts/somc/sdm845-tama-akari_kddi.dtb: Warning (unit_address_format): /soc/qcom,gdsc@0x17d034: unit name should not have leading "0x"
arch/arm64/boot/dts/somc/sdm845-tama-akari_kddi.dtb: Warning (unit_address_format): /soc/qcom,gdsc@0x17d038: unit name should not have leading "0x"
arch/arm64/boot/dts/somc/sdm845-tama-akari_kddi.dtb: Warning (unit_address_format): /soc/qcom,gdsc@0x17d040: unit name should not have leading "0x"
arch/arm64/boot/dts/somc/sdm845-tama-akari_kddi.dtb: Warning (unit_address_format): /soc/qcom,gdsc@0x17d048: unit name should not have leading "0x"
arch/arm64/boot/dts/somc/sdm845-tama-akari_kddi.dtb: Warning (unit_address_format): /soc/qcom,gdsc@0x17d044: unit name should not have leading "0x"
arch/arm64/boot/dts/somc/sdm845-tama-akari_kddi.dtb: Warning (unit_address_format): /soc/qcom,gdsc@0xad06004: unit name should not have leading "0x"
arch/arm64/boot/dts/somc/sdm845-tama-akari_kddi.dtb: Warning (unit_address_format): /soc/qcom,gdsc@0xad09004: unit name should not have leading "0x"
arch/arm64/boot/dts/somc/sdm845-tama-akari_kddi.dtb: Warning (unit_address_format): /soc/qcom,gdsc@0xad0a004: unit name should not have leading "0x"
arch/arm64/boot/dts/somc/sdm845-tama-akari_kddi.dtb: Warning (unit_address_format): /soc/qcom,gdsc@0xad07004: unit name should not have leading "0x"
arch/arm64/boot/dts/somc/sdm845-tama-akari_kddi.dtb: Warning (unit_address_format): /soc/qcom,gdsc@0xad08004: unit name should not have leading "0x"
arch/arm64/boot/dts/somc/sdm845-tama-akari_kddi.dtb: Warning (unit_address_format): /soc/qcom,gdsc@0xad0b134: unit name should not have leading "0x"
arch/arm64/boot/dts/somc/sdm845-tama-akari_kddi.dtb: Warning (unit_address_format): /soc/qcom,gdsc@0xaf03000: unit name should not have leading "0x"
arch/arm64/boot/dts/somc/sdm845-tama-akari_kddi.dtb: Warning (unit_address_format): /soc/syscon@0x5091540: unit name should not have leading "0x"
arch/arm64/boot/dts/somc/sdm845-tama-akari_kddi.dtb: Warning (unit_address_format): /soc/qcom,gdsc@0x509106c: unit name should not have leading "0x"
arch/arm64/boot/dts/somc/sdm845-tama-akari_kddi.dtb: Warning (unit_address_format): /soc/qcom,gdsc@0x509100c: unit name should not have leading "0x"
arch/arm64/boot/dts/somc/sdm845-tama-akari_kddi.dtb: Warning (unit_address_format): /soc/qcom,gdsc@0xab00874: unit name should not have leading "0x"
arch/arm64/boot/dts/somc/sdm845-tama-akari_kddi.dtb: Warning (unit_address_format): /soc/qcom,gdsc@0xab008b4: unit name should not have leading "0x"
arch/arm64/boot/dts/somc/sdm845-tama-akari_kddi.dtb: Warning (unit_address_format): /soc/qcom,gdsc@0xab00814: unit name should not have leading "0x"
arch/arm64/boot/dts/somc/sdm845-tama-akari_kddi.dtb: Warning (unit_address_format): /soc/qcom,qup_uart@0x898000: unit name should not have leading "0x"
arch/arm64/boot/dts/somc/sdm845-tama-akari_kddi.dtb: Warning (unit_address_format): /soc/qcom,qup_uart@0x89c000: unit name should not have leading "0x"
arch/arm64/boot/dts/somc/sdm845-tama-akari_kddi.dtb: Warning (unit_address_format): /soc/qcom,qup_uart@0xa84000: unit name should not have leading "0x"
arch/arm64/boot/dts/somc/sdm845-tama-akari_kddi.dtb: Warning (unit_address_format): /soc/qcom,qup_uart@0xa88000: unit name should not have leading "0x"
arch/arm64/boot/dts/somc/sdm845-tama-akari_kddi.dtb: Warning (unit_address_format): /soc/timer@0x17C90000: unit name should not have leading "0x"
arch/arm64/boot/dts/somc/sdm845-tama-akari_kddi.dtb: Warning (unit_address_format): /soc/timer@0x17C90000/frame@0x17CA0000: unit name should not have leading "0x"
arch/arm64/boot/dts/somc/sdm845-tama-akari_kddi.dtb: Warning (unit_address_format): /soc/qcom,cpucc@0x17d41000: unit name should not have leading "0x"
arch/arm64/boot/dts/somc/sdm845-tama-akari_kddi.dtb: Warning (unit_address_format): /soc/qcom,mpm2-sleep-counter@0x0c221000: unit name should not have leading "0x"
arch/arm64/boot/dts/somc/sdm845-tama-akari_kddi.dtb: Warning (unit_address_format): /soc/qcom,mpm2-sleep-counter@0x0c221000: unit name should not have leading 0s
arch/arm64/boot/dts/somc/sdm845-tama-akari_kddi.dtb: Warning (unit_address_format): /soc/qcom,ipa@01e00000: unit name should not have leading 0s
arch/arm64/boot/dts/somc/sdm845-tama-akari_kddi.dtb: Warning (unit_address_format): /soc/qcom,gpi-dma@0x800000: unit name should not have leading "0x"
arch/arm64/boot/dts/somc/sdm845-tama-akari_kddi.dtb: Warning (unit_address_format): /soc/qcom,gpi-dma@0xa00000: unit name should not have leading "0x"
arch/arm64/boot/dts/somc/sdm845-tama-akari_kddi.dtb: Warning (unit_address_format): /soc/msm_tspp@0x8880000: unit name should not have leading "0x"
arch/arm64/boot/dts/somc/sdm845-tama-akari_kddi.dtb: Warning (unit_address_format): /soc/funnel@0x6b08000: unit name should not have leading "0x"
arch/arm64/boot/dts/somc/sdm845-tama-akari_kddi.dtb: Warning (unit_address_format): /soc/hwevent@0x014066f0: unit name should not have leading "0x"
arch/arm64/boot/dts/somc/sdm845-tama-akari_kddi.dtb: Warning (unit_address_format): /soc/hwevent@0x014066f0: unit name should not have leading 0s
arch/arm64/boot/dts/somc/sdm845-tama-akari_kddi.dtb: Warning (unit_address_format): /soc/funnel@0x6041000: unit name should not have leading "0x"
arch/arm64/boot/dts/somc/sdm845-tama-akari_kddi.dtb: Warning (unit_address_format): /soc/funnel@0x6043000: unit name should not have leading "0x"
arch/arm64/boot/dts/somc/sdm845-tama-akari_kddi.dtb: Warning (unit_address_format): /soc/funnel@0x6943000: unit name should not have leading "0x"
arch/arm64/boot/dts/somc/sdm845-tama-akari_kddi.dtb: Warning (unit_address_format): /soc/apps-smmu@0x15000000: unit name should not have leading "0x"
arch/arm64/boot/dts/somc/sdm845-tama-akari_kddi.dtb: Warning (unit_address_format): /soc/apps-smmu@0x15000000/anoc_1_tbu@0x150c5000: unit name should not have leading "0x"
arch/arm64/boot/dts/somc/sdm845-tama-akari_kddi.dtb: Warning (unit_address_format): /soc/apps-smmu@0x15000000/anoc_2_tbu@0x150c9000: unit name should not have leading "0x"
arch/arm64/boot/dts/somc/sdm845-tama-akari_kddi.dtb: Warning (unit_address_format): /soc/apps-smmu@0x15000000/mnoc_hf_0_tbu@0x150cd000: unit name should not have leading "0x"
arch/arm64/boot/dts/somc/sdm845-tama-akari_kddi.dtb: Warning (unit_address_format): /soc/apps-smmu@0x15000000/mnoc_hf_1_tbu@0x150d1000: unit name should not have leading "0x"
arch/arm64/boot/dts/somc/sdm845-tama-akari_kddi.dtb: Warning (unit_address_format): /soc/apps-smmu@0x15000000/mnoc_sf_0_tbu@0x150d5000: unit name should not have leading "0x"
arch/arm64/boot/dts/somc/sdm845-tama-akari_kddi.dtb: Warning (unit_address_format): /soc/apps-smmu@0x15000000/compute_dsp_tbu@0x150d9000: unit name should not have leading "0x"
arch/arm64/boot/dts/somc/sdm845-tama-akari_kddi.dtb: Warning (unit_address_format): /soc/apps-smmu@0x15000000/adsp_tbu@0x150dd000: unit name should not have leading "0x"
arch/arm64/boot/dts/somc/sdm845-tama-akari_kddi.dtb: Warning (unit_address_format): /soc/apps-smmu@0x15000000/anoc_1_pcie_tbu@0x150e1000: unit name should not have leading "0x"
arch/arm64/boot/dts/somc/sdm845-tama-akari_kddi.dtb: Warning (unit_address_format): /soc/qcom,jpegdma@0xac52000: unit name should not have leading "0x"
arch/arm64/boot/dts/somc/sdm845-tama-akari_kddi.dtb: Warning (unit_address_format): /soc/pinctrl@03400000: unit name should not have leading 0s
arch/arm64/boot/dts/somc/sdm845-tama-akari_kddi.dtb: Warning (unit_address_format): /soc/qcom,pcie@0x1c00000: unit name should not have leading "0x"
arch/arm64/boot/dts/somc/sdm845-tama-akari_kddi.dtb: Warning (unit_address_format): /soc/qcom,pcie@0x1c08000: unit name should not have leading "0x"
arch/arm64/boot/dts/somc/sdm845-tama-akari_kddi.dtb: Warning (unit_address_format): /reserved-memory/qseecom_region@0x8ab00000: unit name should not have leading "0x"
arch/arm64/boot/dts/somc/sdm845-tama-akari_kddi.dtb: Warning (unit_address_format): /reserved-memory/ips_fw_region@0x8c400000: unit name should not have leading "0x"
arch/arm64/boot/dts/somc/sdm845-tama-akari_kddi.dtb: Warning (unit_address_format): /reserved-memory/ipa_gsi_region@0x8c410000: unit name should not have leading "0x"
arch/arm64/boot/dts/somc/sdm845-tama-akari_kddi.dtb: Warning (unit_address_format): /reserved-memory/gpu_region@0x8c415000: unit name should not have leading "0x"
arch/arm64/boot/dts/somc/sdm845-tama-akari_kddi.dtb: Warning (unit_address_format): /reserved-memory/adsp_region@0x8c500000: unit name should not have leading "0x"
arch/arm64/boot/dts/somc/sdm845-tama-akari_kddi.dtb: Warning (unit_address_format): /reserved-memory/wlan_fw_region@0x8df00000: unit name should not have leading "0x"
arch/arm64/boot/dts/somc/sdm845-tama-akari_kddi.dtb: Warning (unit_address_format): /reserved-memory/modem_region@0x8e000000: unit name should not have leading "0x"
arch/arm64/boot/dts/somc/sdm845-tama-akari_kddi.dtb: Warning (unit_address_format): /reserved-memory/video_region@0x95800000: unit name should not have leading "0x"
arch/arm64/boot/dts/somc/sdm845-tama-akari_kddi.dtb: Warning (unit_address_format): /reserved-memory/cdsp_region@0x95d00000: unit name should not have leading "0x"
arch/arm64/boot/dts/somc/sdm845-tama-akari_kddi.dtb: Warning (unit_address_format): /reserved-memory/mba_region@0x96500000: unit name should not have leading "0x"
arch/arm64/boot/dts/somc/sdm845-tama-akari_kddi.dtb: Warning (unit_address_format): /reserved-memory/slpi_region@0x96700000: unit name should not have leading "0x"
arch/arm64/boot/dts/somc/sdm845-tama-akari_kddi.dtb: Warning (unit_address_format): /reserved-memory/pil_spss_region@0x97b00000: unit name should not have leading "0x"
arch/arm64/boot/dts/somc/sdm845-tama-akari_kddi.dtb: Warning (unit_address_format): /reserved-memory/camera_region@0x97c00000: unit name should not have leading "0x"
arch/arm64/boot/dts/somc/sdm845-tama-akari_kddi.dtb: Warning (pci_device_reg): Failed prerequisite 'reg_format'
arch/arm64/boot/dts/somc/sdm845-tama-akari_kddi.dtb: Warning (pci_device_bus_num): Failed prerequisite 'reg_format'
arch/arm64/boot/dts/somc/sdm845-tama-akari_kddi.dtb: Warning (simple_bus_reg): Failed prerequisite 'reg_format'
arch/arm64/boot/dts/somc/sdm845-tama-akari_kddi.dtb: Warning (avoid_unnecessary_addr_size): /soc/qcom,mdss_mdp@ae00000: unnecessary #address-cells/#size-cells without "ranges" or child "reg" property
arch/arm64/boot/dts/somc/sdm845-tama-akari_kddi.dtb: Warning (unique_unit_address): /soc/qcom,mdss_mdp@ae00000: duplicate unit-address (also used in node /soc/qcom,mdss_rotator@ae00000)
arch/arm64/boot/dts/somc/sdm845-tama-akari_kddi.dtb: Warning (unique_unit_address): /soc/i2c@880000: duplicate unit-address (also used in node /soc/spi@880000)
arch/arm64/boot/dts/somc/sdm845-tama-akari_kddi.dtb: Warning (unique_unit_address): /soc/i2c@884000: duplicate unit-address (also used in node /soc/spi@884000)
arch/arm64/boot/dts/somc/sdm845-tama-akari_kddi.dtb: Warning (unique_unit_address): /soc/i2c@888000: duplicate unit-address (also used in node /soc/spi@888000)
arch/arm64/boot/dts/somc/sdm845-tama-akari_kddi.dtb: Warning (unique_unit_address): /soc/i2c@88c000: duplicate unit-address (also used in node /soc/spi@88c000)
arch/arm64/boot/dts/somc/sdm845-tama-akari_kddi.dtb: Warning (unique_unit_address): /soc/i2c@890000: duplicate unit-address (also used in node /soc/spi@890000)
arch/arm64/boot/dts/somc/sdm845-tama-akari_kddi.dtb: Warning (unique_unit_address): /soc/i2c@894000: duplicate unit-address (also used in node /soc/spi@894000)
arch/arm64/boot/dts/somc/sdm845-tama-akari_kddi.dtb: Warning (unique_unit_address): /soc/i2c@898000: duplicate unit-address (also used in node /soc/spi@898000)
arch/arm64/boot/dts/somc/sdm845-tama-akari_kddi.dtb: Warning (unique_unit_address): /soc/i2c@89c000: duplicate unit-address (also used in node /soc/spi@89c000)
arch/arm64/boot/dts/somc/sdm845-tama-akari_kddi.dtb: Warning (unique_unit_address): /soc/i2c@a80000: duplicate unit-address (also used in node /soc/spi@a80000)
arch/arm64/boot/dts/somc/sdm845-tama-akari_kddi.dtb: Warning (unique_unit_address): /soc/i2c@a84000: duplicate unit-address (also used in node /soc/spi@a84000)
arch/arm64/boot/dts/somc/sdm845-tama-akari_kddi.dtb: Warning (unique_unit_address): /soc/i2c@a88000: duplicate unit-address (also used in node /soc/spi@a88000)
arch/arm64/boot/dts/somc/sdm845-tama-akari_kddi.dtb: Warning (unique_unit_address): /soc/i2c@a8c000: duplicate unit-address (also used in node /soc/spi@a8c000)
arch/arm64/boot/dts/somc/sdm845-tama-akari_kddi.dtb: Warning (unique_unit_address): /soc/i2c@a90000: duplicate unit-address (also used in node /soc/spi@a90000)
arch/arm64/boot/dts/somc/sdm845-tama-akari_kddi.dtb: Warning (unique_unit_address): /soc/i2c@a94000: duplicate unit-address (also used in node /soc/spi@a94000)
arch/arm64/boot/dts/somc/sdm845-tama-akari_kddi.dtb: Warning (unique_unit_address): /soc/i2c@a98000: duplicate unit-address (also used in node /soc/spi@a98000)
arch/arm64/boot/dts/somc/sdm845-tama-akari_kddi.dtb: Warning (unique_unit_address): /soc/i2c@a9c000: duplicate unit-address (also used in node /soc/spi@a9c000)
arch/arm64/boot/dts/somc/sdm845-tama-akari_kddi.dtb: Warning (unique_unit_address): /soc/qcom,gpucc@5090000: duplicate unit-address (also used in node /soc/qcom,gfxcc@5090000)
arch/arm64/boot/dts/somc/sdm845-tama-akari_kddi.dtb: Warning (unique_unit_address): /soc/qcom,gcc@100000: duplicate unit-address (also used in node /soc/qcom,cc-debug@100000)
arch/arm64/boot/dts/somc/sdm845-tama-akari_kddi.dtb: Warning (unique_unit_address): /soc/qcom,sde_rscc@af20000: duplicate unit-address (also used in node /soc/mailbox@af20000)
arch/arm64/boot/dts/somc/sdm845-tama-akari_kddi.dtb: Warning (unique_unit_address): /soc/qcom,smem@86000000: duplicate unit-address (also used in node /soc/qcom,glink-smem-native-xprt-modem@86000000)
arch/arm64/boot/dts/somc/sdm845-tama-akari_kddi.dtb: Warning (unique_unit_address): /soc/qcom,smem@86000000: duplicate unit-address (also used in node /soc/qcom,glink-smem-native-xprt-adsp@86000000)
arch/arm64/boot/dts/somc/sdm845-tama-akari_kddi.dtb: Warning (unique_unit_address): /soc/qcom,glink-smem-native-xprt-modem@86000000: duplicate unit-address (also used in node /soc/qcom,glink-smem-native-xprt-adsp@86000000)
arch/arm64/boot/dts/somc/sdm845-tama-akari_kddi.dtb: Warning (unique_unit_address): /soc/qcom,smem@86000000: duplicate unit-address (also used in node /soc/qcom,glink-smem-native-xprt-dsps@86000000)
arch/arm64/boot/dts/somc/sdm845-tama-akari_kddi.dtb: Warning (unique_unit_address): /soc/qcom,glink-smem-native-xprt-modem@86000000: duplicate unit-address (also used in node /soc/qcom,glink-smem-native-xprt-dsps@86000000)
arch/arm64/boot/dts/somc/sdm845-tama-akari_kddi.dtb: Warning (unique_unit_address): /soc/qcom,glink-smem-native-xprt-adsp@86000000: duplicate unit-address (also used in node /soc/qcom,glink-smem-native-xprt-dsps@86000000)
arch/arm64/boot/dts/somc/sdm845-tama-akari_kddi.dtb: Warning (unique_unit_address): /soc/qcom,smem@86000000: duplicate unit-address (also used in node /soc/qcom,glink-smem-native-xprt-cdsp@86000000)
arch/arm64/boot/dts/somc/sdm845-tama-akari_kddi.dtb: Warning (unique_unit_address): /soc/qcom,glink-smem-native-xprt-modem@86000000: duplicate unit-address (also used in node /soc/qcom,glink-smem-native-xprt-cdsp@86000000)
arch/arm64/boot/dts/somc/sdm845-tama-akari_kddi.dtb: Warning (unique_unit_address): /soc/qcom,glink-smem-native-xprt-adsp@86000000: duplicate unit-address (also used in node /soc/qcom,glink-smem-native-xprt-cdsp@86000000)
arch/arm64/boot/dts/somc/sdm845-tama-akari_kddi.dtb: Warning (unique_unit_address): /soc/qcom,glink-smem-native-xprt-dsps@86000000: duplicate unit-address (also used in node /soc/qcom,glink-smem-native-xprt-cdsp@86000000)
arch/arm64/boot/dts/somc/sdm845-tama-akari_kddi.dtb: Warning (unique_unit_address): /soc/qcedev@1de0000: duplicate unit-address (also used in node /soc/qcrypto@1de0000)
arch/arm64/boot/dts/somc/sdm845-tama-akari_kddi.dtb: Warning (unique_unit_address): /soc/qcom,dp_display@0: duplicate unit-address (also used in node /soc/qcom,rmtfs_sharedmem@0)
arch/arm64/boot/dts/somc/sdm845-tama-akari_kddi.dtb: Warning (unique_unit_address): /soc/funnel@6845000: duplicate unit-address (also used in node /soc/funnel_1@6845000)
arch/arm64/boot/dts/somc/sdm845-tama-akari_kddi.dtb: Warning (unique_unit_address): /soc/funnel@6861000: duplicate unit-address (also used in node /soc/funnel_1@6861000)
arch/arm64/boot/dts/somc/sdm845-tama-akari_kddi.dtb: Warning (unique_unit_address): /soc/jtagmm@7040000: duplicate unit-address (also used in node /soc/etm@7040000)
arch/arm64/boot/dts/somc/sdm845-tama-akari_kddi.dtb: Warning (unique_unit_address): /soc/jtagmm@7140000: duplicate unit-address (also used in node /soc/etm@7140000)
arch/arm64/boot/dts/somc/sdm845-tama-akari_kddi.dtb: Warning (unique_unit_address): /soc/jtagmm@7240000: duplicate unit-address (also used in node /soc/etm@7240000)
arch/arm64/boot/dts/somc/sdm845-tama-akari_kddi.dtb: Warning (unique_unit_address): /soc/jtagmm@7340000: duplicate unit-address (also used in node /soc/etm@7340000)
arch/arm64/boot/dts/somc/sdm845-tama-akari_kddi.dtb: Warning (unique_unit_address): /soc/jtagmm@7440000: duplicate unit-address (also used in node /soc/etm@7440000)
arch/arm64/boot/dts/somc/sdm845-tama-akari_kddi.dtb: Warning (unique_unit_address): /soc/jtagmm@7540000: duplicate unit-address (also used in node /soc/etm@7540000)
arch/arm64/boot/dts/somc/sdm845-tama-akari_kddi.dtb: Warning (unique_unit_address): /soc/jtagmm@7640000: duplicate unit-address (also used in node /soc/etm@7640000)
arch/arm64/boot/dts/somc/sdm845-tama-akari_kddi.dtb: Warning (unique_unit_address): /soc/jtagmm@7740000: duplicate unit-address (also used in node /soc/etm@7740000)
arch/arm64/boot/dts/somc/sdm845-tama-akari_kddi.dtb: Warning (unique_unit_address): /soc/qcom,smp2p-modem@1799000c: duplicate unit-address (also used in node /soc/qcom,smp2p-adsp@1799000c)
arch/arm64/boot/dts/somc/sdm845-tama-akari_kddi.dtb: Warning (unique_unit_address): /soc/qcom,smp2p-modem@1799000c: duplicate unit-address (also used in node /soc/qcom,smp2p-dsps@1799000c)
arch/arm64/boot/dts/somc/sdm845-tama-akari_kddi.dtb: Warning (unique_unit_address): /soc/qcom,smp2p-adsp@1799000c: duplicate unit-address (also used in node /soc/qcom,smp2p-dsps@1799000c)
arch/arm64/boot/dts/somc/sdm845-tama-akari_kddi.dtb: Warning (unique_unit_address): /soc/qcom,smp2p-modem@1799000c: duplicate unit-address (also used in node /soc/qcom,smp2p-cdsp@1799000c)
arch/arm64/boot/dts/somc/sdm845-tama-akari_kddi.dtb: Warning (unique_unit_address): /soc/qcom,smp2p-adsp@1799000c: duplicate unit-address (also used in node /soc/qcom,smp2p-cdsp@1799000c)
arch/arm64/boot/dts/somc/sdm845-tama-akari_kddi.dtb: Warning (unique_unit_address): /soc/qcom,smp2p-dsps@1799000c: duplicate unit-address (also used in node /soc/qcom,smp2p-cdsp@1799000c)
arch/arm64/boot/dts/somc/sdm845-tama-akari_kddi.dtb: Warning (unique_unit_address): /soc/qcom,qmp-aop@c300000: duplicate unit-address (also used in node /soc/qcom,rpm-stats@c300000)
arch/arm64/boot/dts/somc/sdm845-tama-akari_kddi.dtb: Warning (unique_unit_address): /soc/qcom,dp_display@0: duplicate unit-address (also used in node /soc/qcom,dsi-display@0)
arch/arm64/boot/dts/somc/sdm845-tama-akari_kddi.dtb: Warning (unique_unit_address): /soc/qcom,rmtfs_sharedmem@0: duplicate unit-address (also used in node /soc/qcom,dsi-display@0)
arch/arm64/boot/dts/somc/sdm845-tama-akari_kddi.dtb: Warning (unique_unit_address): /soc/qcom,dp_display@0: duplicate unit-address (also used in node /soc/qcom,wb-display@0)
arch/arm64/boot/dts/somc/sdm845-tama-akari_kddi.dtb: Warning (unique_unit_address): /soc/qcom,rmtfs_sharedmem@0: duplicate unit-address (also used in node /soc/qcom,wb-display@0)
arch/arm64/boot/dts/somc/sdm845-tama-akari_kddi.dtb: Warning (unique_unit_address): /soc/qcom,dsi-display@0: duplicate unit-address (also used in node /soc/qcom,wb-display@0)
arch/arm64/boot/dts/somc/sdm845-tama-akari_kddi.dtb: Warning (unique_unit_address): /soc/qcom,dp_display@0: duplicate unit-address (also used in node /soc/qcom,camera-flash@0)
arch/arm64/boot/dts/somc/sdm845-tama-akari_kddi.dtb: Warning (unique_unit_address): /soc/qcom,rmtfs_sharedmem@0: duplicate unit-address (also used in node /soc/qcom,camera-flash@0)
arch/arm64/boot/dts/somc/sdm845-tama-akari_kddi.dtb: Warning (unique_unit_address): /soc/qcom,dsi-display@0: duplicate unit-address (also used in node /soc/qcom,camera-flash@0)
arch/arm64/boot/dts/somc/sdm845-tama-akari_kddi.dtb: Warning (unique_unit_address): /soc/qcom,wb-display@0: duplicate unit-address (also used in node /soc/qcom,camera-flash@0)
arch/arm64/boot/dts/somc/sdm845-tama-akari_kddi.dtb: Warning (unique_unit_address): /soc/qcom,dsi-display@1: duplicate unit-address (also used in node /soc/qcom,camera-flash@1)
arch/arm64/boot/dts/somc/sdm845-tama-akari_kddi.dtb: Warning (unique_unit_address): /soc/qcom,dsi-display@2: duplicate unit-address (also used in node /soc/qcom,camera-flash@2)
arch/arm64/boot/dts/somc/sdm845-tama-akari_kddi.dtb: Warning (unique_unit_address): /soc/qcom,dsi-display@3: duplicate unit-address (also used in node /soc/qcom,camera-flash@3)
arch/arm64/boot/dts/somc/sdm845-tama-akari_kddi.dtb: Warning (unique_unit_address): /soc/qcom,dp_display@0: duplicate unit-address (also used in node /soc/gpio-regulator@0)
arch/arm64/boot/dts/somc/sdm845-tama-akari_kddi.dtb: Warning (unique_unit_address): /soc/qcom,rmtfs_sharedmem@0: duplicate unit-address (also used in node /soc/gpio-regulator@0)
arch/arm64/boot/dts/somc/sdm845-tama-akari_kddi.dtb: Warning (unique_unit_address): /soc/qcom,dsi-display@0: duplicate unit-address (also used in node /soc/gpio-regulator@0)
arch/arm64/boot/dts/somc/sdm845-tama-akari_kddi.dtb: Warning (unique_unit_address): /soc/qcom,wb-display@0: duplicate unit-address (also used in node /soc/gpio-regulator@0)
arch/arm64/boot/dts/somc/sdm845-tama-akari_kddi.dtb: Warning (unique_unit_address): /soc/qcom,camera-flash@0: duplicate unit-address (also used in node /soc/gpio-regulator@0)
arch/arm64/boot/dts/somc/sdm845-tama-akari_kddi.dtb: Warning (unique_unit_address): /soc/qcom,dsi-display@1: duplicate unit-address (also used in node /soc/gpio-regulator@1)
arch/arm64/boot/dts/somc/sdm845-tama-akari_kddi.dtb: Warning (unique_unit_address): /soc/qcom,camera-flash@1: duplicate unit-address (also used in node /soc/gpio-regulator@1)
arch/arm64/boot/dts/somc/sdm845-tama-akari_kddi.dtb: Warning (unique_unit_address): /soc/qcom,dsi-display@2: duplicate unit-address (also used in node /soc/gpio-regulator@2)
arch/arm64/boot/dts/somc/sdm845-tama-akari_kddi.dtb: Warning (unique_unit_address): /soc/qcom,camera-flash@2: duplicate unit-address (also used in node /soc/gpio-regulator@2)
arch/arm64/boot/dts/somc/sdm845-tama-akari_kddi.dtb: Warning (unique_unit_address): /soc/qcom,dsi-display@4: duplicate unit-address (also used in node /soc/gpio-regulator@4)
arch/arm64/boot/dts/somc/sdm845-tama-akari_kddi.dtb: Warning (unique_unit_address): /soc/qcom,dp_display@0: duplicate unit-address (also used in node /soc/sony,camera_modules@0)
arch/arm64/boot/dts/somc/sdm845-tama-akari_kddi.dtb: Warning (unique_unit_address): /soc/qcom,rmtfs_sharedmem@0: duplicate unit-address (also used in node /soc/sony,camera_modules@0)
arch/arm64/boot/dts/somc/sdm845-tama-akari_kddi.dtb: Warning (unique_unit_address): /soc/qcom,dsi-display@0: duplicate unit-address (also used in node /soc/sony,camera_modules@0)
arch/arm64/boot/dts/somc/sdm845-tama-akari_kddi.dtb: Warning (unique_unit_address): /soc/qcom,wb-display@0: duplicate unit-address (also used in node /soc/sony,camera_modules@0)
arch/arm64/boot/dts/somc/sdm845-tama-akari_kddi.dtb: Warning (unique_unit_address): /soc/qcom,camera-flash@0: duplicate unit-address (also used in node /soc/sony,camera_modules@0)
arch/arm64/boot/dts/somc/sdm845-tama-akari_kddi.dtb: Warning (unique_unit_address): /soc/gpio-regulator@0: duplicate unit-address (also used in node /soc/sony,camera_modules@0)
arch/arm64/boot/dts/somc/sdm845-tama-akari_kddi.dtb: Warning (unique_unit_address): /soc/qcom,dsi-display@1: duplicate unit-address (also used in node /soc/sony,camera_modules@1)
arch/arm64/boot/dts/somc/sdm845-tama-akari_kddi.dtb: Warning (unique_unit_address): /soc/qcom,camera-flash@1: duplicate unit-address (also used in node /soc/sony,camera_modules@1)
arch/arm64/boot/dts/somc/sdm845-tama-akari_kddi.dtb: Warning (unique_unit_address): /soc/gpio-regulator@1: duplicate unit-address (also used in node /soc/sony,camera_modules@1)
arch/arm64/boot/dts/somc/sdm845-tama-akari_kddi.dtb: Warning (unique_unit_address): /soc/qcom,cci@ac4a000/qcom,actuator@0: duplicate unit-address (also used in node /soc/qcom,cci@ac4a000/qcom,ois@0)
arch/arm64/boot/dts/somc/sdm845-tama-akari_kddi.dtb: Warning (unique_unit_address): /soc/qcom,cci@ac4a000/qcom,actuator@0: duplicate unit-address (also used in node /soc/qcom,cci@ac4a000/qcom,eeprom@0)
arch/arm64/boot/dts/somc/sdm845-tama-akari_kddi.dtb: Warning (unique_unit_address): /soc/qcom,cci@ac4a000/qcom,ois@0: duplicate unit-address (also used in node /soc/qcom,cci@ac4a000/qcom,eeprom@0)
arch/arm64/boot/dts/somc/sdm845-tama-akari_kddi.dtb: Warning (unique_unit_address): /soc/qcom,cci@ac4a000/qcom,actuator@1: duplicate unit-address (also used in node /soc/qcom,cci@ac4a000/qcom,eeprom@1)
arch/arm64/boot/dts/somc/sdm845-tama-akari_kddi.dtb: Warning (unique_unit_address): /soc/qcom,cci@ac4a000/qcom,actuator@2: duplicate unit-address (also used in node /soc/qcom,cci@ac4a000/qcom,eeprom@2)
arch/arm64/boot/dts/somc/sdm845-tama-akari_kddi.dtb: Warning (unique_unit_address): /soc/qcom,cci@ac4a000/qcom,actuator@0: duplicate unit-address (also used in node /soc/qcom,cci@ac4a000/qcom,cam-sensor@0)
arch/arm64/boot/dts/somc/sdm845-tama-akari_kddi.dtb: Warning (unique_unit_address): /soc/qcom,cci@ac4a000/qcom,ois@0: duplicate unit-address (also used in node /soc/qcom,cci@ac4a000/qcom,cam-sensor@0)
arch/arm64/boot/dts/somc/sdm845-tama-akari_kddi.dtb: Warning (unique_unit_address): /soc/qcom,cci@ac4a000/qcom,eeprom@0: duplicate unit-address (also used in node /soc/qcom,cci@ac4a000/qcom,cam-sensor@0)
arch/arm64/boot/dts/somc/sdm845-tama-akari_kddi.dtb: Warning (unique_unit_address): /soc/qcom,cci@ac4a000/qcom,actuator@1: duplicate unit-address (also used in node /soc/qcom,cci@ac4a000/qcom,cam-sensor@1)
arch/arm64/boot/dts/somc/sdm845-tama-akari_kddi.dtb: Warning (unique_unit_address): /soc/qcom,cci@ac4a000/qcom,eeprom@1: duplicate unit-address (also used in node /soc/qcom,cci@ac4a000/qcom,cam-sensor@1)
arch/arm64/boot/dts/somc/sdm845-tama-akari_kddi.dtb: Warning (unique_unit_address): /soc/qcom,cci@ac4a000/qcom,actuator@2: duplicate unit-address (also used in node /soc/qcom,cci@ac4a000/qcom,cam-sensor@2)
arch/arm64/boot/dts/somc/sdm845-tama-akari_kddi.dtb: Warning (unique_unit_address): /soc/qcom,cci@ac4a000/qcom,eeprom@2: duplicate unit-address (also used in node /soc/qcom,cci@ac4a000/qcom,cam-sensor@2)
arch/arm64/boot/dts/somc/sdm845-tama-akari_kddi.dtb: Warning (unique_unit_address): /soc/qcom,lpm-levels/qcom,pm-cluster@0/qcom,pm-cluster-level@0: duplicate unit-address (also used in node /soc/qcom,lpm-levels/qcom,pm-cluster@0/qcom,pm-cpu@0)
arch/arm64/boot/dts/somc/sdm845-tama-akari_kddi.dtb: Warning (unique_unit_address): /soc/qcom,lpm-levels/qcom,pm-cluster@0/qcom,pm-cluster-level@1: duplicate unit-address (also used in node /soc/qcom,lpm-levels/qcom,pm-cluster@0/qcom,pm-cpu@1)
arch/arm64/boot/dts/somc/sdm845-tama-akari_kddi.dtb: Warning (graph_port): /soc/replicator@6046000/ports/port@1: graph node unit address error, expected "0"
arch/arm64/boot/dts/somc/sdm845-tama-akari_kddi.dtb: Warning (graph_port): /soc/replicator@6b0a000/ports/port@2: graph node unit address error, expected "0"
arch/arm64/boot/dts/somc/sdm845-tama-akari_kddi.dtb: Warning (graph_port): /soc/tmc@6b09000/ports/port@1: graph node unit address error, expected "0"
arch/arm64/boot/dts/somc/sdm845-tama-akari_kddi.dtb: Warning (graph_port): /soc/funnel@0x6b08000/ports/port@1: graph node unit address error, expected "6"
arch/arm64/boot/dts/somc/sdm845-tama-akari_kddi.dtb: Warning (graph_port): /soc/funnel@0x6b08000/ports/port@2: graph node unit address error, expected "7"
arch/arm64/boot/dts/somc/sdm845-tama-akari_kddi.dtb: Warning (graph_port): /soc/tpda@6b01000/ports/port@1: graph node unit address error, expected "0"
arch/arm64/boot/dts/somc/sdm845-tama-akari_kddi.dtb: Warning (graph_port): /soc/tpda@6b01000/ports/port@2: graph node unit address error, expected "1"
arch/arm64/boot/dts/somc/sdm845-tama-akari_kddi.dtb: Warning (graph_port): /soc/funnel@6045000/ports/port@1: graph node unit address error, expected "0"
arch/arm64/boot/dts/somc/sdm845-tama-akari_kddi.dtb: Warning (graph_port): /soc/funnel@0x6041000/ports/port@1: graph node unit address error, expected "3"
arch/arm64/boot/dts/somc/sdm845-tama-akari_kddi.dtb: Warning (graph_port): /soc/funnel@0x6041000/ports/port@2: graph node unit address error, expected "6"
arch/arm64/boot/dts/somc/sdm845-tama-akari_kddi.dtb: Warning (graph_port): /soc/funnel@0x6041000/ports/port@3: graph node unit address error, expected "7"
arch/arm64/boot/dts/somc/sdm845-tama-akari_kddi.dtb: Warning (graph_port): /soc/funnel@0x6043000/ports/port@1: graph node unit address error, expected "0"
arch/arm64/boot/dts/somc/sdm845-tama-akari_kddi.dtb: Warning (graph_port): /soc/funnel@0x6043000/ports/port@2: graph node unit address error, expected "1"
arch/arm64/boot/dts/somc/sdm845-tama-akari_kddi.dtb: Warning (graph_port): /soc/funnel@0x6043000/ports/port@3: graph node unit address error, expected "2"
arch/arm64/boot/dts/somc/sdm845-tama-akari_kddi.dtb: Warning (graph_port): /soc/funnel@0x6043000/ports/port@4: graph node unit address error, expected "5"
arch/arm64/boot/dts/somc/sdm845-tama-akari_kddi.dtb: Warning (graph_port): /soc/funnel@0x6043000/ports/port@5: graph node unit address error, expected "6"
arch/arm64/boot/dts/somc/sdm845-tama-akari_kddi.dtb: Warning (graph_port): /soc/funnel@0x6943000/ports/port@1: graph node unit address error, expected "0"
arch/arm64/boot/dts/somc/sdm845-tama-akari_kddi.dtb: Warning (graph_port): /soc/funnel@0x6943000/ports/port@2: graph node unit address error, expected "1"
arch/arm64/boot/dts/somc/sdm845-tama-akari_kddi.dtb: Warning (graph_port): /soc/tpda@6004000/ports/port@1: graph node unit address error, expected "0"
arch/arm64/boot/dts/somc/sdm845-tama-akari_kddi.dtb: Warning (graph_port): /soc/tpda@6004000/ports/port@4: graph node unit address error, expected "5"
arch/arm64/boot/dts/somc/sdm845-tama-akari_kddi.dtb: Warning (graph_port): /soc/tpda@6004000/ports/port@5: graph node unit address error, expected "6"
arch/arm64/boot/dts/somc/sdm845-tama-akari_kddi.dtb: Warning (graph_port): /soc/tpda@6004000/ports/port@6: graph node unit address error, expected "7"
arch/arm64/boot/dts/somc/sdm845-tama-akari_kddi.dtb: Warning (graph_port): /soc/tpda@6004000/ports/port@7: graph node unit address error, expected "9"
arch/arm64/boot/dts/somc/sdm845-tama-akari_kddi.dtb: Warning (graph_port): /soc/tpda@6004000/ports/port@8: graph node unit address error, expected "a"
arch/arm64/boot/dts/somc/sdm845-tama-akari_kddi.dtb: Warning (graph_port): /soc/tpda@6004000/ports/port@9: graph node unit address error, expected "b"
arch/arm64/boot/dts/somc/sdm845-tama-akari_kddi.dtb: Warning (graph_port): /soc/tpda@6004000/ports/port@10: graph node unit address error, expected "d"
arch/arm64/boot/dts/somc/sdm845-tama-akari_kddi.dtb: Warning (graph_port): /soc/funnel@6832000/ports/port@1: graph node unit address error, expected "0"
arch/arm64/boot/dts/somc/sdm845-tama-akari_kddi.dtb: Warning (graph_port): /soc/tpda@6831000/ports/port@1: graph node unit address error, expected "0"
arch/arm64/boot/dts/somc/sdm845-tama-akari_kddi.dtb: Warning (graph_port): /soc/funnel@6845000/ports/port@1: graph node unit address error, expected "0"
arch/arm64/boot/dts/somc/sdm845-tama-akari_kddi.dtb: Warning (graph_port): /soc/tpda@7862000/ports/port@1: graph node unit address error, expected "0"
arch/arm64/boot/dts/somc/sdm845-tama-akari_kddi.dtb: Warning (graph_port): /soc/tpda@78c0000/ports/port@1: graph node unit address error, expected "0"
arch/arm64/boot/dts/somc/sdm845-tama-akari_kddi.dtb: Warning (graph_port): /soc/tpda@78d0000/ports/port@1: graph node unit address error, expected "0"
arch/arm64/boot/dts/somc/sdm845-tama-akari_kddi.dtb: Warning (graph_port): /soc/funnel@6861000/ports/port@1: graph node unit address error, expected "0"
arch/arm64/boot/dts/somc/sdm845-tama-akari_kddi.dtb: Warning (graph_port): /soc/funnel@69e2000/ports/port@1: graph node unit address error, expected "0"
arch/arm64/boot/dts/somc/sdm845-tama-akari_kddi.dtb: Warning (graph_port): /soc/tpda@7832000/ports/port@1: graph node unit address error, expected "0"
arch/arm64/boot/dts/somc/sdm845-tama-akari_kddi.dtb: Warning (graph_port): /soc/tpda@6882000/ports/port@1: graph node unit address error, expected "0"
arch/arm64/boot/dts/somc/sdm845-tama-akari_kddi.dtb: Warning (graph_port): /soc/funnel@6883000/ports/port@1: graph node unit address error, expected "0"
arch/arm64/boot/dts/somc/sdm845-tama-akari_kddi.dtb: Warning (graph_port): /soc/funnel@6883000/ports/port@2: graph node unit address error, expected "1"
arch/arm64/boot/dts/somc/sdm845-tama-akari_kddi.dtb: Warning (graph_port): /soc/funnel@6005000/ports/port@1: graph node unit address error, expected "0"
arch/arm64/boot/dts/somc/sdm845-tama-akari_kddi.dtb: Warning (graph_port): /soc/funnel@6005000/ports/port@2: graph node unit address error, expected "6"
arch/arm64/boot/dts/somc/sdm845-tama-akari_kddi.dtb: Warning (graph_port): /soc/funnel@6005000/ports/port@3: graph node unit address error, expected "7"
arch/arm64/boot/dts/somc/sdm845-tama-akari_kddi.dtb: Warning (graph_port): /soc/funnel@7810000/ports/port@1: graph node unit address error, expected "0"
arch/arm64/boot/dts/somc/sdm845-tama-akari_kddi.dtb: Warning (graph_port): /soc/funnel@7810000/ports/port@3: graph node unit address error, expected "4"
arch/arm64/boot/dts/somc/sdm845-tama-akari_kddi.dtb: Warning (graph_port): /soc/funnel@7810000/ports/port@4: graph node unit address error, expected "5"
arch/arm64/boot/dts/somc/sdm845-tama-akari_kddi.dtb: Warning (graph_port): /soc/funnel@7810000/ports/port@5: graph node unit address error, expected "6"
arch/arm64/boot/dts/somc/sdm845-tama-akari_kddi.dtb: Warning (graph_port): /soc/funnel@7800000/ports/port@1: graph node unit address error, expected "0"
arch/arm64/boot/dts/somc/sdm845-tama-akari_kddi.dtb: Warning (graph_port): /soc/funnel@7800000/ports/port@2: graph node unit address error, expected "1"
arch/arm64/boot/dts/somc/sdm845-tama-akari_kddi.dtb: Warning (graph_port): /soc/funnel@7800000/ports/port@3: graph node unit address error, expected "2"
arch/arm64/boot/dts/somc/sdm845-tama-akari_kddi.dtb: Warning (graph_port): /soc/funnel@7800000/ports/port@4: graph node unit address error, expected "3"
arch/arm64/boot/dts/somc/sdm845-tama-akari_kddi.dtb: Warning (graph_port): /soc/funnel@7800000/ports/port@5: graph node unit address error, expected "4"
arch/arm64/boot/dts/somc/sdm845-tama-akari_kddi.dtb: Warning (graph_port): /soc/funnel@7800000/ports/port@6: graph node unit address error, expected "5"
arch/arm64/boot/dts/somc/sdm845-tama-akari_kddi.dtb: Warning (graph_port): /soc/funnel@7800000/ports/port@7: graph node unit address error, expected "6"
arch/arm64/boot/dts/somc/sdm845-tama-akari_kddi.dtb: Warning (graph_port): /soc/funnel@7800000/ports/port@8: graph node unit address error, expected "7"
  CC      mm/mmu_context.o
  CC      security/selinux/trap.o
  CC      block/blk-mq.o
  DTC     arch/arm64/boot/dts/somc/sdm845-v2-tama-akari_kddi.dtb
  CC      drivers/char/hw_random/core.o
  CC      security/selinux/netlabel.o
  CC      drivers/char/adsprpc.o
  CC      net/bridge/br_forward.o
  CC      net/ipv4/inetpeer.o
  CC      drivers/base/platform.o
  CC      net/bridge/br_if.o
  CC      arch/arm64/kernel/armv8_deprecated.o
  CC      lib/iov_iter.o
arch/arm64/boot/dts/somc/sdm845-v2-tama-akari_kddi.dtb: Warning (reg_format): /soc/sony,camera_modules@0:reg: property has invalid length (4 bytes) (#address-cells == 1, #size-cells == 1)
arch/arm64/boot/dts/somc/sdm845-v2-tama-akari_kddi.dtb: Warning (reg_format): /soc/sony,camera_modules@1:reg: property has invalid length (4 bytes) (#address-cells == 1, #size-cells == 1)
arch/arm64/boot/dts/somc/sdm845-v2-tama-akari_kddi.dtb: Warning (unit_address_format): /soc/qcom,gdsc@0x16b004: unit name should not have leading "0x"
arch/arm64/boot/dts/somc/sdm845-v2-tama-akari_kddi.dtb: Warning (unit_address_format): /soc/qcom,gdsc@0x18d004: unit name should not have leading "0x"
arch/arm64/boot/dts/somc/sdm845-v2-tama-akari_kddi.dtb: Warning (unit_address_format): /soc/qcom,gdsc@0x175004: unit name should not have leading "0x"
arch/arm64/boot/dts/somc/sdm845-v2-tama-akari_kddi.dtb: Warning (unit_address_format): /soc/qcom,gdsc@0x177004: unit name should not have leading "0x"
arch/arm64/boot/dts/somc/sdm845-v2-tama-akari_kddi.dtb: Warning (unit_address_format): /soc/qcom,gdsc@0x10f004: unit name should not have leading "0x"
arch/arm64/boot/dts/somc/sdm845-v2-tama-akari_kddi.dtb: Warning (unit_address_format): /soc/qcom,gdsc@0x110004: unit name should not have leading "0x"
arch/arm64/boot/dts/somc/sdm845-v2-tama-akari_kddi.dtb: Warning (unit_address_format): /soc/qcom,gdsc@0x17d030: unit name should not have leading "0x"
arch/arm64/boot/dts/somc/sdm845-v2-tama-akari_kddi.dtb: Warning (unit_address_format): /soc/qcom,gdsc@0x17d03c: unit name should not have leading "0x"
arch/arm64/boot/dts/somc/sdm845-v2-tama-akari_kddi.dtb: Warning (unit_address_format): /soc/qcom,gdsc@0x17d034: unit name should not have leading "0x"
arch/arm64/boot/dts/somc/sdm845-v2-tama-akari_kddi.dtb: Warning (unit_address_format): /soc/qcom,gdsc@0x17d038: unit name should not have leading "0x"
arch/arm64/boot/dts/somc/sdm845-v2-tama-akari_kddi.dtb: Warning (unit_address_format): /soc/qcom,gdsc@0x17d040: unit name should not have leading "0x"
arch/arm64/boot/dts/somc/sdm845-v2-tama-akari_kddi.dtb: Warning (unit_address_format): /soc/qcom,gdsc@0x17d048: unit name should not have leading "0x"
arch/arm64/boot/dts/somc/sdm845-v2-tama-akari_kddi.dtb: Warning (unit_address_format): /soc/qcom,gdsc@0x17d044: unit name should not have leading "0x"
arch/arm64/boot/dts/somc/sdm845-v2-tama-akari_kddi.dtb: Warning (unit_address_format): /soc/qcom,gdsc@0xad06004: unit name should not have leading "0x"
arch/arm64/boot/dts/somc/sdm845-v2-tama-akari_kddi.dtb: Warning (unit_address_format): /soc/qcom,gdsc@0xad09004: unit name should not have leading "0x"
arch/arm64/boot/dts/somc/sdm845-v2-tama-akari_kddi.dtb: Warning (unit_address_format): /soc/qcom,gdsc@0xad0a004: unit name should not have leading "0x"
arch/arm64/boot/dts/somc/sdm845-v2-tama-akari_kddi.dtb: Warning (unit_address_format): /soc/qcom,gdsc@0xad07004: unit name should not have leading "0x"
arch/arm64/boot/dts/somc/sdm845-v2-tama-akari_kddi.dtb: Warning (unit_address_format): /soc/qcom,gdsc@0xad08004: unit name should not have leading "0x"
arch/arm64/boot/dts/somc/sdm845-v2-tama-akari_kddi.dtb: Warning (unit_address_format): /soc/qcom,gdsc@0xad0b134: unit name should not have leading "0x"
arch/arm64/boot/dts/somc/sdm845-v2-tama-akari_kddi.dtb: Warning (unit_address_format): /soc/qcom,gdsc@0xaf03000: unit name should not have leading "0x"
arch/arm64/boot/dts/somc/sdm845-v2-tama-akari_kddi.dtb: Warning (unit_address_format): /soc/syscon@0x5091540: unit name should not have leading "0x"
arch/arm64/boot/dts/somc/sdm845-v2-tama-akari_kddi.dtb: Warning (unit_address_format): /soc/qcom,gdsc@0x509106c: unit name should not have leading "0x"
arch/arm64/boot/dts/somc/sdm845-v2-tama-akari_kddi.dtb: Warning (unit_address_format): /soc/qcom,gdsc@0x509100c: unit name should not have leading "0x"
arch/arm64/boot/dts/somc/sdm845-v2-tama-akari_kddi.dtb: Warning (unit_address_format): /soc/qcom,gdsc@0xab00874: unit name should not have leading "0x"
arch/arm64/boot/dts/somc/sdm845-v2-tama-akari_kddi.dtb: Warning (unit_address_format): /soc/qcom,gdsc@0xab008b4: unit name should not have leading "0x"
arch/arm64/boot/dts/somc/sdm845-v2-tama-akari_kddi.dtb: Warning (unit_address_format): /soc/qcom,gdsc@0xab00814: unit name should not have leading "0x"
arch/arm64/boot/dts/somc/sdm845-v2-tama-akari_kddi.dtb: Warning (unit_address_format): /soc/qcom,qup_uart@0x898000: unit name should not have leading "0x"
arch/arm64/boot/dts/somc/sdm845-v2-tama-akari_kddi.dtb: Warning (unit_address_format): /soc/qcom,qup_uart@0x89c000: unit name should not have leading "0x"
arch/arm64/boot/dts/somc/sdm845-v2-tama-akari_kddi.dtb: Warning (unit_address_format): /soc/qcom,qup_uart@0xa84000: unit name should not have leading "0x"
arch/arm64/boot/dts/somc/sdm845-v2-tama-akari_kddi.dtb: Warning (unit_address_format): /soc/qcom,qup_uart@0xa88000: unit name should not have leading "0x"
arch/arm64/boot/dts/somc/sdm845-v2-tama-akari_kddi.dtb: Warning (unit_address_format): /soc/timer@0x17C90000: unit name should not have leading "0x"
arch/arm64/boot/dts/somc/sdm845-v2-tama-akari_kddi.dtb: Warning (unit_address_format): /soc/timer@0x17C90000/frame@0x17CA0000: unit name should not have leading "0x"
arch/arm64/boot/dts/somc/sdm845-v2-tama-akari_kddi.dtb: Warning (unit_address_format): /soc/qcom,cpucc@0x17d41000: unit name should not have leading "0x"
arch/arm64/boot/dts/somc/sdm845-v2-tama-akari_kddi.dtb: Warning (unit_address_format): /soc/qcom,mpm2-sleep-counter@0x0c221000: unit name should not have leading "0x"
arch/arm64/boot/dts/somc/sdm845-v2-tama-akari_kddi.dtb: Warning (unit_address_format): /soc/qcom,mpm2-sleep-counter@0x0c221000: unit name should not have leading 0s
arch/arm64/boot/dts/somc/sdm845-v2-tama-akari_kddi.dtb: Warning (unit_address_format): /soc/qcom,ipa@01e00000: unit name should not have leading 0s
arch/arm64/boot/dts/somc/sdm845-v2-tama-akari_kddi.dtb: Warning (unit_address_format): /soc/qcom,gpi-dma@0x800000: unit name should not have leading "0x"
arch/arm64/boot/dts/somc/sdm845-v2-tama-akari_kddi.dtb: Warning (unit_address_format): /soc/qcom,gpi-dma@0xa00000: unit name should not have leading "0x"
arch/arm64/boot/dts/somc/sdm845-v2-tama-akari_kddi.dtb: Warning (unit_address_format): /soc/msm_tspp@0x8880000: unit name should not have leading "0x"
arch/arm64/boot/dts/somc/sdm845-v2-tama-akari_kddi.dtb: Warning (unit_address_format): /soc/funnel@0x6b08000: unit name should not have leading "0x"
arch/arm64/boot/dts/somc/sdm845-v2-tama-akari_kddi.dtb: Warning (unit_address_format): /soc/hwevent@0x014066f0: unit name should not have leading "0x"
arch/arm64/boot/dts/somc/sdm845-v2-tama-akari_kddi.dtb: Warning (unit_address_format): /soc/hwevent@0x014066f0: unit name should not have leading 0s
arch/arm64/boot/dts/somc/sdm845-v2-tama-akari_kddi.dtb: Warning (unit_address_format): /soc/funnel@0x6041000: unit name should not have leading "0x"
arch/arm64/boot/dts/somc/sdm845-v2-tama-akari_kddi.dtb: Warning (unit_address_format): /soc/funnel@0x6043000: unit name should not have leading "0x"
arch/arm64/boot/dts/somc/sdm845-v2-tama-akari_kddi.dtb: Warning (unit_address_format): /soc/funnel@0x6943000: unit name should not have leading "0x"
arch/arm64/boot/dts/somc/sdm845-v2-tama-akari_kddi.dtb: Warning (unit_address_format): /soc/apps-smmu@0x15000000: unit name should not have leading "0x"
arch/arm64/boot/dts/somc/sdm845-v2-tama-akari_kddi.dtb: Warning (unit_address_format): /soc/apps-smmu@0x15000000/anoc_1_tbu@0x150c5000: unit name should not have leading "0x"
arch/arm64/boot/dts/somc/sdm845-v2-tama-akari_kddi.dtb: Warning (unit_address_format): /soc/apps-smmu@0x15000000/anoc_2_tbu@0x150c9000: unit name should not have leading "0x"
arch/arm64/boot/dts/somc/sdm845-v2-tama-akari_kddi.dtb: Warning (unit_address_format): /soc/apps-smmu@0x15000000/mnoc_hf_0_tbu@0x150cd000: unit name should not have leading "0x"
arch/arm64/boot/dts/somc/sdm845-v2-tama-akari_kddi.dtb: Warning (unit_address_format): /soc/apps-smmu@0x15000000/mnoc_hf_1_tbu@0x150d1000: unit name should not have leading "0x"
arch/arm64/boot/dts/somc/sdm845-v2-tama-akari_kddi.dtb: Warning (unit_address_format): /soc/apps-smmu@0x15000000/mnoc_sf_0_tbu@0x150d5000: unit name should not have leading "0x"
arch/arm64/boot/dts/somc/sdm845-v2-tama-akari_kddi.dtb: Warning (unit_address_format): /soc/apps-smmu@0x15000000/compute_dsp_tbu@0x150d9000: unit name should not have leading "0x"
arch/arm64/boot/dts/somc/sdm845-v2-tama-akari_kddi.dtb: Warning (unit_address_format): /soc/apps-smmu@0x15000000/adsp_tbu@0x150dd000: unit name should not have leading "0x"
arch/arm64/boot/dts/somc/sdm845-v2-tama-akari_kddi.dtb: Warning (unit_address_format): /soc/apps-smmu@0x15000000/anoc_1_pcie_tbu@0x150e1000: unit name should not have leading "0x"
arch/arm64/boot/dts/somc/sdm845-v2-tama-akari_kddi.dtb: Warning (unit_address_format): /soc/qcom,jpegdma@0xac52000: unit name should not have leading "0x"
arch/arm64/boot/dts/somc/sdm845-v2-tama-akari_kddi.dtb: Warning (unit_address_format): /soc/pinctrl@03400000: unit name should not have leading 0s
arch/arm64/boot/dts/somc/sdm845-v2-tama-akari_kddi.dtb: Warning (unit_address_format): /soc/qcom,pcie@0x1c00000: unit name should not have leading "0x"
arch/arm64/boot/dts/somc/sdm845-v2-tama-akari_kddi.dtb: Warning (unit_address_format): /soc/qcom,pcie@0x1c08000: unit name should not have leading "0x"
arch/arm64/boot/dts/somc/sdm845-v2-tama-akari_kddi.dtb: Warning (unit_address_format): /soc/syscon@0x5091508: unit name should not have leading "0x"
arch/arm64/boot/dts/somc/sdm845-v2-tama-akari_kddi.dtb: Warning (unit_address_format): /soc/syscon@0x5091008: unit name should not have leading "0x"
arch/arm64/boot/dts/somc/sdm845-v2-tama-akari_kddi.dtb: Warning (unit_address_format): /soc/interrupt-controller@0xb220000: unit name should not have leading "0x"
arch/arm64/boot/dts/somc/sdm845-v2-tama-akari_kddi.dtb: Warning (unit_address_format): /reserved-memory/qseecom_region@0x8ab00000: unit name should not have leading "0x"
arch/arm64/boot/dts/somc/sdm845-v2-tama-akari_kddi.dtb: Warning (unit_address_format): /reserved-memory/ips_fw_region@0x8c400000: unit name should not have leading "0x"
arch/arm64/boot/dts/somc/sdm845-v2-tama-akari_kddi.dtb: Warning (unit_address_format): /reserved-memory/ipa_gsi_region@0x8c410000: unit name should not have leading "0x"
arch/arm64/boot/dts/somc/sdm845-v2-tama-akari_kddi.dtb: Warning (unit_address_format): /reserved-memory/gpu_region@0x8c415000: unit name should not have leading "0x"
arch/arm64/boot/dts/somc/sdm845-v2-tama-akari_kddi.dtb: Warning (unit_address_format): /reserved-memory/adsp_region@0x8c500000: unit name should not have leading "0x"
arch/arm64/boot/dts/somc/sdm845-v2-tama-akari_kddi.dtb: Warning (unit_address_format): /reserved-memory/wlan_fw_region@0x8df00000: unit name should not have leading "0x"
arch/arm64/boot/dts/somc/sdm845-v2-tama-akari_kddi.dtb: Warning (unit_address_format): /reserved-memory/modem_region@0x8e000000: unit name should not have leading "0x"
arch/arm64/boot/dts/somc/sdm845-v2-tama-akari_kddi.dtb: Warning (unit_address_format): /reserved-memory/video_region@0x95800000: unit name should not have leading "0x"
arch/arm64/boot/dts/somc/sdm845-v2-tama-akari_kddi.dtb: Warning (unit_address_format): /reserved-memory/cdsp_region@0x95d00000: unit name should not have leading "0x"
arch/arm64/boot/dts/somc/sdm845-v2-tama-akari_kddi.dtb: Warning (unit_address_format): /reserved-memory/mba_region@0x96500000: unit name should not have leading "0x"
arch/arm64/boot/dts/somc/sdm845-v2-tama-akari_kddi.dtb: Warning (unit_address_format): /reserved-memory/slpi_region@0x96700000: unit name should not have leading "0x"
arch/arm64/boot/dts/somc/sdm845-v2-tama-akari_kddi.dtb: Warning (unit_address_format): /reserved-memory/pil_spss_region@0x97b00000: unit name should not have leading "0x"
arch/arm64/boot/dts/somc/sdm845-v2-tama-akari_kddi.dtb: Warning (unit_address_format): /reserved-memory/camera_region@0x97c00000: unit name should not have leading "0x"
arch/arm64/boot/dts/somc/sdm845-v2-tama-akari_kddi.dtb: Warning (pci_device_reg): Failed prerequisite 'reg_format'
arch/arm64/boot/dts/somc/sdm845-v2-tama-akari_kddi.dtb: Warning (pci_device_bus_num): Failed prerequisite 'reg_format'
arch/arm64/boot/dts/somc/sdm845-v2-tama-akari_kddi.dtb: Warning (simple_bus_reg): Failed prerequisite 'reg_format'
arch/arm64/boot/dts/somc/sdm845-v2-tama-akari_kddi.dtb: Warning (avoid_unnecessary_addr_size): /soc/qcom,mdss_mdp@ae00000: unnecessary #address-cells/#size-cells without "ranges" or child "reg" property
arch/arm64/boot/dts/somc/sdm845-v2-tama-akari_kddi.dtb: Warning (unique_unit_address): /soc/qcom,mdss_mdp@ae00000: duplicate unit-address (also used in node /soc/qcom,mdss_rotator@ae00000)
arch/arm64/boot/dts/somc/sdm845-v2-tama-akari_kddi.dtb: Warning (unique_unit_address): /soc/i2c@880000: duplicate unit-address (also used in node /soc/spi@880000)
arch/arm64/boot/dts/somc/sdm845-v2-tama-akari_kddi.dtb: Warning (unique_unit_address): /soc/i2c@884000: duplicate unit-address (also used in node /soc/spi@884000)
arch/arm64/boot/dts/somc/sdm845-v2-tama-akari_kddi.dtb: Warning (unique_unit_address): /soc/i2c@888000: duplicate unit-address (also used in node /soc/spi@888000)
arch/arm64/boot/dts/somc/sdm845-v2-tama-akari_kddi.dtb: Warning (unique_unit_address): /soc/i2c@88c000: duplicate unit-address (also used in node /soc/spi@88c000)
arch/arm64/boot/dts/somc/sdm845-v2-tama-akari_kddi.dtb: Warning (unique_unit_address): /soc/i2c@890000: duplicate unit-address (also used in node /soc/spi@890000)
arch/arm64/boot/dts/somc/sdm845-v2-tama-akari_kddi.dtb: Warning (unique_unit_address): /soc/i2c@894000: duplicate unit-address (also used in node /soc/spi@894000)
arch/arm64/boot/dts/somc/sdm845-v2-tama-akari_kddi.dtb: Warning (unique_unit_address): /soc/i2c@898000: duplicate unit-address (also used in node /soc/spi@898000)
arch/arm64/boot/dts/somc/sdm845-v2-tama-akari_kddi.dtb: Warning (unique_unit_address): /soc/i2c@89c000: duplicate unit-address (also used in node /soc/spi@89c000)
arch/arm64/boot/dts/somc/sdm845-v2-tama-akari_kddi.dtb: Warning (unique_unit_address): /soc/i2c@a80000: duplicate unit-address (also used in node /soc/spi@a80000)
arch/arm64/boot/dts/somc/sdm845-v2-tama-akari_kddi.dtb: Warning (unique_unit_address): /soc/i2c@a84000: duplicate unit-address (also used in node /soc/spi@a84000)
arch/arm64/boot/dts/somc/sdm845-v2-tama-akari_kddi.dtb: Warning (unique_unit_address): /soc/i2c@a88000: duplicate unit-address (also used in node /soc/spi@a88000)
arch/arm64/boot/dts/somc/sdm845-v2-tama-akari_kddi.dtb: Warning (unique_unit_address): /soc/i2c@a8c000: duplicate unit-address (also used in node /soc/spi@a8c000)
arch/arm64/boot/dts/somc/sdm845-v2-tama-akari_kddi.dtb: Warning (unique_unit_address): /soc/i2c@a90000: duplicate unit-address (also used in node /soc/spi@a90000)
arch/arm64/boot/dts/somc/sdm845-v2-tama-akari_kddi.dtb: Warning (unique_unit_address): /soc/i2c@a94000: duplicate unit-address (also used in node /soc/spi@a94000)
arch/arm64/boot/dts/somc/sdm845-v2-tama-akari_kddi.dtb: Warning (unique_unit_address): /soc/i2c@a98000: duplicate unit-address (also used in node /soc/spi@a98000)
arch/arm64/boot/dts/somc/sdm845-v2-tama-akari_kddi.dtb: Warning (unique_unit_address): /soc/i2c@a9c000: duplicate unit-address (also used in node /soc/spi@a9c000)
arch/arm64/boot/dts/somc/sdm845-v2-tama-akari_kddi.dtb: Warning (unique_unit_address): /soc/qcom,gpucc@5090000: duplicate unit-address (also used in node /soc/qcom,gfxcc@5090000)
arch/arm64/boot/dts/somc/sdm845-v2-tama-akari_kddi.dtb: Warning (unique_unit_address): /soc/qcom,gcc@100000: duplicate unit-address (also used in node /soc/qcom,cc-debug@100000)
arch/arm64/boot/dts/somc/sdm845-v2-tama-akari_kddi.dtb: Warning (unique_unit_address): /soc/qcom,sde_rscc@af20000: duplicate unit-address (also used in node /soc/mailbox@af20000)
arch/arm64/boot/dts/somc/sdm845-v2-tama-akari_kddi.dtb: Warning (unique_unit_address): /soc/qcom,smem@86000000: duplicate unit-address (also used in node /soc/qcom,glink-smem-native-xprt-modem@86000000)
arch/arm64/boot/dts/somc/sdm845-v2-tama-akari_kddi.dtb: Warning (unique_unit_address): /soc/qcom,smem@86000000: duplicate unit-address (also used in node /soc/qcom,glink-smem-native-xprt-adsp@86000000)
arch/arm64/boot/dts/somc/sdm845-v2-tama-akari_kddi.dtb: Warning (unique_unit_address): /soc/qcom,glink-smem-native-xprt-modem@86000000: duplicate unit-address (also used in node /soc/qcom,glink-smem-native-xprt-adsp@86000000)
arch/arm64/boot/dts/somc/sdm845-v2-tama-akari_kddi.dtb: Warning (unique_unit_address): /soc/qcom,smem@86000000: duplicate unit-address (also used in node /soc/qcom,glink-smem-native-xprt-dsps@86000000)
arch/arm64/boot/dts/somc/sdm845-v2-tama-akari_kddi.dtb: Warning (unique_unit_address): /soc/qcom,glink-smem-native-xprt-modem@86000000: duplicate unit-address (also used in node /soc/qcom,glink-smem-native-xprt-dsps@86000000)
arch/arm64/boot/dts/somc/sdm845-v2-tama-akari_kddi.dtb: Warning (unique_unit_address): /soc/qcom,glink-smem-native-xprt-adsp@86000000: duplicate unit-address (also used in node /soc/qcom,glink-smem-native-xprt-dsps@86000000)
arch/arm64/boot/dts/somc/sdm845-v2-tama-akari_kddi.dtb: Warning (unique_unit_address): /soc/qcom,smem@86000000: duplicate unit-address (also used in node /soc/qcom,glink-smem-native-xprt-cdsp@86000000)
arch/arm64/boot/dts/somc/sdm845-v2-tama-akari_kddi.dtb: Warning (unique_unit_address): /soc/qcom,glink-smem-native-xprt-modem@86000000: duplicate unit-address (also used in node /soc/qcom,glink-smem-native-xprt-cdsp@86000000)
arch/arm64/boot/dts/somc/sdm845-v2-tama-akari_kddi.dtb: Warning (unique_unit_address): /soc/qcom,glink-smem-native-xprt-adsp@86000000: duplicate unit-address (also used in node /soc/qcom,glink-smem-native-xprt-cdsp@86000000)
arch/arm64/boot/dts/somc/sdm845-v2-tama-akari_kddi.dtb: Warning (unique_unit_address): /soc/qcom,glink-smem-native-xprt-dsps@86000000: duplicate unit-address (also used in node /soc/qcom,glink-smem-native-xprt-cdsp@86000000)
arch/arm64/boot/dts/somc/sdm845-v2-tama-akari_kddi.dtb: Warning (unique_unit_address): /soc/qcedev@1de0000: duplicate unit-address (also used in node /soc/qcrypto@1de0000)
arch/arm64/boot/dts/somc/sdm845-v2-tama-akari_kddi.dtb: Warning (unique_unit_address): /soc/qcom,dp_display@0: duplicate unit-address (also used in node /soc/qcom,rmtfs_sharedmem@0)
arch/arm64/boot/dts/somc/sdm845-v2-tama-akari_kddi.dtb: Warning (unique_unit_address): /soc/funnel@6845000: duplicate unit-address (also used in node /soc/funnel_1@6845000)
arch/arm64/boot/dts/somc/sdm845-v2-tama-akari_kddi.dtb: Warning (unique_unit_address): /soc/funnel@6861000: duplicate unit-address (also used in node /soc/funnel_1@6861000)
arch/arm64/boot/dts/somc/sdm845-v2-tama-akari_kddi.dtb: Warning (unique_unit_address): /soc/jtagmm@7040000: duplicate unit-address (also used in node /soc/etm@7040000)
arch/arm64/boot/dts/somc/sdm845-v2-tama-akari_kddi.dtb: Warning (unique_unit_address): /soc/jtagmm@7140000: duplicate unit-address (also used in node /soc/etm@7140000)
arch/arm64/boot/dts/somc/sdm845-v2-tama-akari_kddi.dtb: Warning (unique_unit_address): /soc/jtagmm@7240000: duplicate unit-address (also used in node /soc/etm@7240000)
arch/arm64/boot/dts/somc/sdm845-v2-tama-akari_kddi.dtb: Warning (unique_unit_address): /soc/jtagmm@7340000: duplicate unit-address (also used in node /soc/etm@7340000)
arch/arm64/boot/dts/somc/sdm845-v2-tama-akari_kddi.dtb: Warning (unique_unit_address): /soc/jtagmm@7440000: duplicate unit-address (also used in node /soc/etm@7440000)
arch/arm64/boot/dts/somc/sdm845-v2-tama-akari_kddi.dtb: Warning (unique_unit_address): /soc/jtagmm@7540000: duplicate unit-address (also used in node /soc/etm@7540000)
arch/arm64/boot/dts/somc/sdm845-v2-tama-akari_kddi.dtb: Warning (unique_unit_address): /soc/jtagmm@7640000: duplicate unit-address (also used in node /soc/etm@7640000)
arch/arm64/boot/dts/somc/sdm845-v2-tama-akari_kddi.dtb: Warning (unique_unit_address): /soc/jtagmm@7740000: duplicate unit-address (also used in node /soc/etm@7740000)
arch/arm64/boot/dts/somc/sdm845-v2-tama-akari_kddi.dtb: Warning (unique_unit_address): /soc/qcom,smp2p-modem@1799000c: duplicate unit-address (also used in node /soc/qcom,smp2p-adsp@1799000c)
arch/arm64/boot/dts/somc/sdm845-v2-tama-akari_kddi.dtb: Warning (unique_unit_address): /soc/qcom,smp2p-modem@1799000c: duplicate unit-address (also used in node /soc/qcom,smp2p-dsps@1799000c)
arch/arm64/boot/dts/somc/sdm845-v2-tama-akari_kddi.dtb: Warning (unique_unit_address): /soc/qcom,smp2p-adsp@1799000c: duplicate unit-address (also used in node /soc/qcom,smp2p-dsps@1799000c)
arch/arm64/boot/dts/somc/sdm845-v2-tama-akari_kddi.dtb: Warning (unique_unit_address): /soc/qcom,smp2p-modem@1799000c: duplicate unit-address (also used in node /soc/qcom,smp2p-cdsp@1799000c)
arch/arm64/boot/dts/somc/sdm845-v2-tama-akari_kddi.dtb: Warning (unique_unit_address): /soc/qcom,smp2p-adsp@1799000c: duplicate unit-address (also used in node /soc/qcom,smp2p-cdsp@1799000c)
arch/arm64/boot/dts/somc/sdm845-v2-tama-akari_kddi.dtb: Warning (unique_unit_address): /soc/qcom,smp2p-dsps@1799000c: duplicate unit-address (also used in node /soc/qcom,smp2p-cdsp@1799000c)
arch/arm64/boot/dts/somc/sdm845-v2-tama-akari_kddi.dtb: Warning (unique_unit_address): /soc/qcom,qmp-aop@c300000: duplicate unit-address (also used in node /soc/qcom,rpm-stats@c300000)
arch/arm64/boot/dts/somc/sdm845-v2-tama-akari_kddi.dtb: Warning (unique_unit_address): /soc/qcom,dp_display@0: duplicate unit-address (also used in node /soc/qcom,dsi-display@0)
arch/arm64/boot/dts/somc/sdm845-v2-tama-akari_kddi.dtb: Warning (unique_unit_address): /soc/qcom,rmtfs_sharedmem@0: duplicate unit-address (also used in node /soc/qcom,dsi-display@0)
arch/arm64/boot/dts/somc/sdm845-v2-tama-akari_kddi.dtb: Warning (unique_unit_address): /soc/qcom,dp_display@0: duplicate unit-address (also used in node /soc/qcom,wb-display@0)
arch/arm64/boot/dts/somc/sdm845-v2-tama-akari_kddi.dtb: Warning (unique_unit_address): /soc/qcom,rmtfs_sharedmem@0: duplicate unit-address (also used in node /soc/qcom,wb-display@0)
arch/arm64/boot/dts/somc/sdm845-v2-tama-akari_kddi.dtb: Warning (unique_unit_address): /soc/qcom,dsi-display@0: duplicate unit-address (also used in node /soc/qcom,wb-display@0)
arch/arm64/boot/dts/somc/sdm845-v2-tama-akari_kddi.dtb: Warning (unique_unit_address): /soc/qcom,dp_display@0: duplicate unit-address (also used in node /soc/qcom,camera-flash@0)
arch/arm64/boot/dts/somc/sdm845-v2-tama-akari_kddi.dtb: Warning (unique_unit_address): /soc/qcom,rmtfs_sharedmem@0: duplicate unit-address (also used in node /soc/qcom,camera-flash@0)
arch/arm64/boot/dts/somc/sdm845-v2-tama-akari_kddi.dtb: Warning (unique_unit_address): /soc/qcom,dsi-display@0: duplicate unit-address (also used in node /soc/qcom,camera-flash@0)
arch/arm64/boot/dts/somc/sdm845-v2-tama-akari_kddi.dtb: Warning (unique_unit_address): /soc/qcom,wb-display@0: duplicate unit-address (also used in node /soc/qcom,camera-flash@0)
arch/arm64/boot/dts/somc/sdm845-v2-tama-akari_kddi.dtb: Warning (unique_unit_address): /soc/qcom,dsi-display@1: duplicate unit-address (also used in node /soc/qcom,camera-flash@1)
arch/arm64/boot/dts/somc/sdm845-v2-tama-akari_kddi.dtb: Warning (unique_unit_address): /soc/qcom,dsi-display@2: duplicate unit-address (also used in node /soc/qcom,camera-flash@2)
arch/arm64/boot/dts/somc/sdm845-v2-tama-akari_kddi.dtb: Warning (unique_unit_address): /soc/qcom,dsi-display@3: duplicate unit-address (also used in node /soc/qcom,camera-flash@3)
arch/arm64/boot/dts/somc/sdm845-v2-tama-akari_kddi.dtb: Warning (unique_unit_address): /soc/qcom,dp_display@0: duplicate unit-address (also used in node /soc/gpio-regulator@0)
arch/arm64/boot/dts/somc/sdm845-v2-tama-akari_kddi.dtb: Warning (unique_unit_address): /soc/qcom,rmtfs_sharedmem@0: duplicate unit-address (also used in node /soc/gpio-regulator@0)
arch/arm64/boot/dts/somc/sdm845-v2-tama-akari_kddi.dtb: Warning (unique_unit_address): /soc/qcom,dsi-display@0: duplicate unit-address (also used in node /soc/gpio-regulator@0)
arch/arm64/boot/dts/somc/sdm845-v2-tama-akari_kddi.dtb: Warning (unique_unit_address): /soc/qcom,wb-display@0: duplicate unit-address (also used in node /soc/gpio-regulator@0)
arch/arm64/boot/dts/somc/sdm845-v2-tama-akari_kddi.dtb: Warning (unique_unit_address): /soc/qcom,camera-flash@0: duplicate unit-address (also used in node /soc/gpio-regulator@0)
arch/arm64/boot/dts/somc/sdm845-v2-tama-akari_kddi.dtb: Warning (unique_unit_address): /soc/qcom,dsi-display@1: duplicate unit-address (also used in node /soc/gpio-regulator@1)
arch/arm64/boot/dts/somc/sdm845-v2-tama-akari_kddi.dtb: Warning (unique_unit_address): /soc/qcom,camera-flash@1: duplicate unit-address (also used in node /soc/gpio-regulator@1)
arch/arm64/boot/dts/somc/sdm845-v2-tama-akari_kddi.dtb: Warning (unique_unit_address): /soc/qcom,dsi-display@2: duplicate unit-address (also used in node /soc/gpio-regulator@2)
arch/arm64/boot/dts/somc/sdm845-v2-tama-akari_kddi.dtb: Warning (unique_unit_address): /soc/qcom,camera-flash@2: duplicate unit-address (also used in node /soc/gpio-regulator@2)
arch/arm64/boot/dts/somc/sdm845-v2-tama-akari_kddi.dtb: Warning (unique_unit_address): /soc/qcom,dsi-display@4: duplicate unit-address (also used in node /soc/gpio-regulator@4)
arch/arm64/boot/dts/somc/sdm845-v2-tama-akari_kddi.dtb: Warning (unique_unit_address): /soc/qcom,dp_display@0: duplicate unit-address (also used in node /soc/sony,camera_modules@0)
arch/arm64/boot/dts/somc/sdm845-v2-tama-akari_kddi.dtb: Warning (unique_unit_address): /soc/qcom,rmtfs_sharedmem@0: duplicate unit-address (also used in node /soc/sony,camera_modules@0)
arch/arm64/boot/dts/somc/sdm845-v2-tama-akari_kddi.dtb: Warning (unique_unit_address): /soc/qcom,dsi-display@0: duplicate unit-address (also used in node /soc/sony,camera_modules@0)
arch/arm64/boot/dts/somc/sdm845-v2-tama-akari_kddi.dtb: Warning (unique_unit_address): /soc/qcom,wb-display@0: duplicate unit-address (also used in node /soc/sony,camera_modules@0)
arch/arm64/boot/dts/somc/sdm845-v2-tama-akari_kddi.dtb: Warning (unique_unit_address): /soc/qcom,camera-flash@0: duplicate unit-address (also used in node /soc/sony,camera_modules@0)
arch/arm64/boot/dts/somc/sdm845-v2-tama-akari_kddi.dtb: Warning (unique_unit_address): /soc/gpio-regulator@0: duplicate unit-address (also used in node /soc/sony,camera_modules@0)
arch/arm64/boot/dts/somc/sdm845-v2-tama-akari_kddi.dtb: Warning (unique_unit_address): /soc/qcom,dsi-display@1: duplicate unit-address (also used in node /soc/sony,camera_modules@1)
arch/arm64/boot/dts/somc/sdm845-v2-tama-akari_kddi.dtb: Warning (unique_unit_address): /soc/qcom,camera-flash@1: duplicate unit-address (also used in node /soc/sony,camera_modules@1)
arch/arm64/boot/dts/somc/sdm845-v2-tama-akari_kddi.dtb: Warning (unique_unit_address): /soc/gpio-regulator@1: duplicate unit-address (also used in node /soc/sony,camera_modules@1)
arch/arm64/boot/dts/somc/sdm845-v2-tama-akari_kddi.dtb: Warning (unique_unit_address): /soc/qcom,cci@ac4a000/qcom,actuator@0: duplicate unit-address (also used in node /soc/qcom,cci@ac4a000/qcom,ois@0)
arch/arm64/boot/dts/somc/sdm845-v2-tama-akari_kddi.dtb: Warning (unique_unit_address): /soc/qcom,cci@ac4a000/qcom,actuator@0: duplicate unit-address (also used in node /soc/qcom,cci@ac4a000/qcom,eeprom@0)
arch/arm64/boot/dts/somc/sdm845-v2-tama-akari_kddi.dtb: Warning (unique_unit_address): /soc/qcom,cci@ac4a000/qcom,ois@0: duplicate unit-address (also used in node /soc/qcom,cci@ac4a000/qcom,eeprom@0)
arch/arm64/boot/dts/somc/sdm845-v2-tama-akari_kddi.dtb: Warning (unique_unit_address): /soc/qcom,cci@ac4a000/qcom,actuator@1: duplicate unit-address (also used in node /soc/qcom,cci@ac4a000/qcom,eeprom@1)
arch/arm64/boot/dts/somc/sdm845-v2-tama-akari_kddi.dtb: Warning (unique_unit_address): /soc/qcom,cci@ac4a000/qcom,actuator@2: duplicate unit-address (also used in node /soc/qcom,cci@ac4a000/qcom,eeprom@2)
arch/arm64/boot/dts/somc/sdm845-v2-tama-akari_kddi.dtb: Warning (unique_unit_address): /soc/qcom,cci@ac4a000/qcom,actuator@0: duplicate unit-address (also used in node /soc/qcom,cci@ac4a000/qcom,cam-sensor@0)
arch/arm64/boot/dts/somc/sdm845-v2-tama-akari_kddi.dtb: Warning (unique_unit_address): /soc/qcom,cci@ac4a000/qcom,ois@0: duplicate unit-address (also used in node /soc/qcom,cci@ac4a000/qcom,cam-sensor@0)
arch/arm64/boot/dts/somc/sdm845-v2-tama-akari_kddi.dtb: Warning (unique_unit_address): /soc/qcom,cci@ac4a000/qcom,eeprom@0: duplicate unit-address (also used in node /soc/qcom,cci@ac4a000/qcom,cam-sensor@0)
arch/arm64/boot/dts/somc/sdm845-v2-tama-akari_kddi.dtb: Warning (unique_unit_address): /soc/qcom,cci@ac4a000/qcom,actuator@1: duplicate unit-address (also used in node /soc/qcom,cci@ac4a000/qcom,cam-sensor@1)
arch/arm64/boot/dts/somc/sdm845-v2-tama-akari_kddi.dtb: Warning (unique_unit_address): /soc/qcom,cci@ac4a000/qcom,eeprom@1: duplicate unit-address (also used in node /soc/qcom,cci@ac4a000/qcom,cam-sensor@1)
arch/arm64/boot/dts/somc/sdm845-v2-tama-akari_kddi.dtb: Warning (unique_unit_address): /soc/qcom,cci@ac4a000/qcom,actuator@2: duplicate unit-address (also used in node /soc/qcom,cci@ac4a000/qcom,cam-sensor@2)
arch/arm64/boot/dts/somc/sdm845-v2-tama-akari_kddi.dtb: Warning (unique_unit_address): /soc/qcom,cci@ac4a000/qcom,eeprom@2: duplicate unit-address (also used in node /soc/qcom,cci@ac4a000/qcom,cam-sensor@2)
arch/arm64/boot/dts/somc/sdm845-v2-tama-akari_kddi.dtb: Warning (unique_unit_address): /soc/qcom,lpm-levels/qcom,pm-cluster@0/qcom,pm-cluster-level@0: duplicate unit-address (also used in node /soc/qcom,lpm-levels/qcom,pm-cluster@0/qcom,pm-cpu@0)
arch/arm64/boot/dts/somc/sdm845-v2-tama-akari_kddi.dtb: Warning (unique_unit_address): /soc/qcom,lpm-levels/qcom,pm-cluster@0/qcom,pm-cluster-level@1: duplicate unit-address (also used in node /soc/qcom,lpm-levels/qcom,pm-cluster@0/qcom,pm-cpu@1)
arch/arm64/boot/dts/somc/sdm845-v2-tama-akari_kddi.dtb: Warning (graph_port): /soc/replicator@6046000/ports/port@1: graph node unit address error, expected "0"
arch/arm64/boot/dts/somc/sdm845-v2-tama-akari_kddi.dtb: Warning (graph_port): /soc/replicator@6b0a000/ports/port@2: graph node unit address error, expected "0"
arch/arm64/boot/dts/somc/sdm845-v2-tama-akari_kddi.dtb: Warning (graph_port): /soc/tmc@6b09000/ports/port@1: graph node unit address error, expected "0"
arch/arm64/boot/dts/somc/sdm845-v2-tama-akari_kddi.dtb: Warning (graph_port): /soc/funnel@0x6b08000/ports/port@1: graph node unit address error, expected "6"
arch/arm64/boot/dts/somc/sdm845-v2-tama-akari_kddi.dtb: Warning (graph_port): /soc/funnel@0x6b08000/ports/port@2: graph node unit address error, expected "7"
arch/arm64/boot/dts/somc/sdm845-v2-tama-akari_kddi.dtb: Warning (graph_port): /soc/tpda@6b01000/ports/port@1: graph node unit address error, expected "0"
arch/arm64/boot/dts/somc/sdm845-v2-tama-akari_kddi.dtb: Warning (graph_port): /soc/tpda@6b01000/ports/port@2: graph node unit address error, expected "1"
arch/arm64/boot/dts/somc/sdm845-v2-tama-akari_kddi.dtb: Warning (graph_port): /soc/funnel@6045000/ports/port@1: graph node unit address error, expected "0"
arch/arm64/boot/dts/somc/sdm845-v2-tama-akari_kddi.dtb: Warning (graph_port): /soc/funnel@0x6041000/ports/port@1: graph node unit address error, expected "3"
arch/arm64/boot/dts/somc/sdm845-v2-tama-akari_kddi.dtb: Warning (graph_port): /soc/funnel@0x6041000/ports/port@2: graph node unit address error, expected "6"
arch/arm64/boot/dts/somc/sdm845-v2-tama-akari_kddi.dtb: Warning (graph_port): /soc/funnel@0x6041000/ports/port@3: graph node unit address error, expected "7"
arch/arm64/boot/dts/somc/sdm845-v2-tama-akari_kddi.dtb: Warning (graph_port): /soc/funnel@0x6043000/ports/port@1: graph node unit address error, expected "0"
arch/arm64/boot/dts/somc/sdm845-v2-tama-akari_kddi.dtb: Warning (graph_port): /soc/funnel@0x6043000/ports/port@2: graph node unit address error, expected "1"
arch/arm64/boot/dts/somc/sdm845-v2-tama-akari_kddi.dtb: Warning (graph_port): /soc/funnel@0x6043000/ports/port@3: graph node unit address error, expected "2"
arch/arm64/boot/dts/somc/sdm845-v2-tama-akari_kddi.dtb: Warning (graph_port): /soc/funnel@0x6043000/ports/port@4: graph node unit address error, expected "5"
arch/arm64/boot/dts/somc/sdm845-v2-tama-akari_kddi.dtb: Warning (graph_port): /soc/funnel@0x6043000/ports/port@5: graph node unit address error, expected "6"
arch/arm64/boot/dts/somc/sdm845-v2-tama-akari_kddi.dtb: Warning (graph_port): /soc/funnel@0x6943000/ports/port@1: graph node unit address error, expected "0"
arch/arm64/boot/dts/somc/sdm845-v2-tama-akari_kddi.dtb: Warning (graph_port): /soc/funnel@0x6943000/ports/port@2: graph node unit address error, expected "1"
arch/arm64/boot/dts/somc/sdm845-v2-tama-akari_kddi.dtb: Warning (graph_port): /soc/tpda@6004000/ports/port@1: graph node unit address error, expected "0"
arch/arm64/boot/dts/somc/sdm845-v2-tama-akari_kddi.dtb: Warning (graph_port): /soc/tpda@6004000/ports/port@4: graph node unit address error, expected "5"
arch/arm64/boot/dts/somc/sdm845-v2-tama-akari_kddi.dtb: Warning (graph_port): /soc/tpda@6004000/ports/port@5: graph node unit address error, expected "6"
arch/arm64/boot/dts/somc/sdm845-v2-tama-akari_kddi.dtb: Warning (graph_port): /soc/tpda@6004000/ports/port@6: graph node unit address error, expected "7"
arch/arm64/boot/dts/somc/sdm845-v2-tama-akari_kddi.dtb: Warning (graph_port): /soc/tpda@6004000/ports/port@7: graph node unit address error, expected "9"
arch/arm64/boot/dts/somc/sdm845-v2-tama-akari_kddi.dtb: Warning (graph_port): /soc/tpda@6004000/ports/port@8: graph node unit address error, expected "a"
arch/arm64/boot/dts/somc/sdm845-v2-tama-akari_kddi.dtb: Warning (graph_port): /soc/tpda@6004000/ports/port@9: graph node unit address error, expected "b"
arch/arm64/boot/dts/somc/sdm845-v2-tama-akari_kddi.dtb: Warning (graph_port): /soc/tpda@6004000/ports/port@10: graph node unit address error, expected "d"
arch/arm64/boot/dts/somc/sdm845-v2-tama-akari_kddi.dtb: Warning (graph_port): /soc/funnel@6832000/ports/port@1: graph node unit address error, expected "0"
arch/arm64/boot/dts/somc/sdm845-v2-tama-akari_kddi.dtb: Warning (graph_port): /soc/tpda@6831000/ports/port@1: graph node unit address error, expected "0"
arch/arm64/boot/dts/somc/sdm845-v2-tama-akari_kddi.dtb: Warning (graph_port): /soc/funnel@6845000/ports/port@1: graph node unit address error, expected "0"
arch/arm64/boot/dts/somc/sdm845-v2-tama-akari_kddi.dtb: Warning (graph_port): /soc/tpda@7862000/ports/port@1: graph node unit address error, expected "0"
arch/arm64/boot/dts/somc/sdm845-v2-tama-akari_kddi.dtb: Warning (graph_port): /soc/tpda@78c0000/ports/port@1: graph node unit address error, expected "0"
arch/arm64/boot/dts/somc/sdm845-v2-tama-akari_kddi.dtb: Warning (graph_port): /soc/tpda@78d0000/ports/port@1: graph node unit address error, expected "0"
arch/arm64/boot/dts/somc/sdm845-v2-tama-akari_kddi.dtb: Warning (graph_port): /soc/funnel@6861000/ports/port@1: graph node unit address error, expected "0"
arch/arm64/boot/dts/somc/sdm845-v2-tama-akari_kddi.dtb: Warning (graph_port): /soc/funnel@69e2000/ports/port@1: graph node unit address error, expected "0"
arch/arm64/boot/dts/somc/sdm845-v2-tama-akari_kddi.dtb: Warning (graph_port): /soc/tpda@7832000/ports/port@1: graph node unit address error, expected "0"
arch/arm64/boot/dts/somc/sdm845-v2-tama-akari_kddi.dtb: Warning (graph_port): /soc/tpda@6882000/ports/port@1: graph node unit address error, expected "0"
arch/arm64/boot/dts/somc/sdm845-v2-tama-akari_kddi.dtb: Warning (graph_port): /soc/funnel@6883000/ports/port@1: graph node unit address error, expected "0"
arch/arm64/boot/dts/somc/sdm845-v2-tama-akari_kddi.dtb: Warning (graph_port): /soc/funnel@6883000/ports/port@2: graph node unit address error, expected "1"
arch/arm64/boot/dts/somc/sdm845-v2-tama-akari_kddi.dtb: Warning (graph_port): /soc/funnel@6005000/ports/port@1: graph node unit address error, expected "0"
arch/arm64/boot/dts/somc/sdm845-v2-tama-akari_kddi.dtb: Warning (graph_port): /soc/funnel@6005000/ports/port@2: graph node unit address error, expected "6"
arch/arm64/boot/dts/somc/sdm845-v2-tama-akari_kddi.dtb: Warning (graph_port): /soc/funnel@6005000/ports/port@3: graph node unit address error, expected "7"
arch/arm64/boot/dts/somc/sdm845-v2-tama-akari_kddi.dtb: Warning (graph_port): /soc/funnel@7810000/ports/port@1: graph node unit address error, expected "0"
arch/arm64/boot/dts/somc/sdm845-v2-tama-akari_kddi.dtb: Warning (graph_port): /soc/funnel@7810000/ports/port@3: graph node unit address error, expected "4"
arch/arm64/boot/dts/somc/sdm845-v2-tama-akari_kddi.dtb: Warning (graph_port): /soc/funnel@7810000/ports/port@4: graph node unit address error, expected "5"
arch/arm64/boot/dts/somc/sdm845-v2-tama-akari_kddi.dtb: Warning (graph_port): /soc/funnel@7810000/ports/port@5: graph node unit address error, expected "6"
arch/arm64/boot/dts/somc/sdm845-v2-tama-akari_kddi.dtb: Warning (graph_port): /soc/funnel@7800000/ports/port@1: graph node unit address error, expected "0"
arch/arm64/boot/dts/somc/sdm845-v2-tama-akari_kddi.dtb: Warning (graph_port): /soc/funnel@7800000/ports/port@2: graph node unit address error, expected "1"
arch/arm64/boot/dts/somc/sdm845-v2-tama-akari_kddi.dtb: Warning (graph_port): /soc/funnel@7800000/ports/port@3: graph node unit address error, expected "2"
arch/arm64/boot/dts/somc/sdm845-v2-tama-akari_kddi.dtb: Warning (graph_port): /soc/funnel@7800000/ports/port@4: graph node unit address error, expected "3"
arch/arm64/boot/dts/somc/sdm845-v2-tama-akari_kddi.dtb: Warning (graph_port): /soc/funnel@7800000/ports/port@5: graph node unit address error, expected "4"
arch/arm64/boot/dts/somc/sdm845-v2-tama-akari_kddi.dtb: Warning (graph_port): /soc/funnel@7800000/ports/port@6: graph node unit address error, expected "5"
arch/arm64/boot/dts/somc/sdm845-v2-tama-akari_kddi.dtb: Warning (graph_port): /soc/funnel@7800000/ports/port@7: graph node unit address error, expected "6"
arch/arm64/boot/dts/somc/sdm845-v2-tama-akari_kddi.dtb: Warning (graph_port): /soc/funnel@7800000/ports/port@8: graph node unit address error, expected "7"
  CC      drivers/char/diag/diagfwd.o
  CC      fs/file.o
  CC      drivers/char/diag/diagfwd_glink.o
  CC      crypto/shash.o
  CC      kernel/ksysfs.o
  CC      net/ipc_router/ipc_router_security.o
  CC      sound/core/pcm.o
  CC      net/bridge/br_input.o
  CC      drivers/base/cpu.o
  CC      mm/percpu.o
  CC      drivers/base/firmware.o
  CC      arch/arm64/kernel/kaslr.o
  DTC     arch/arm64/boot/dts/somc/sdm845-v2.1-tama-akari_kddi.dtb
  CC      drivers/base/init.o
  CC      drivers/char/hw_random/msm_rng.o
  CC      drivers/char/hw_random/cavium-rng.o
  CC      net/core/stream.o
  LD      security/selinux/selinux.o
  CC      net/bluetooth/l2cap_core.o
  LD      security/selinux/built-in.o
  CC      sound/soc/soc-jack.o
  LD      security/built-in.o
  CC      sound/core/pcm_native.o
arch/arm64/boot/dts/somc/sdm845-v2.1-tama-akari_kddi.dtb: Warning (reg_format): /soc/sony,camera_modules@0:reg: property has invalid length (4 bytes) (#address-cells == 1, #size-cells == 1)
arch/arm64/boot/dts/somc/sdm845-v2.1-tama-akari_kddi.dtb: Warning (reg_format): /soc/sony,camera_modules@1:reg: property has invalid length (4 bytes) (#address-cells == 1, #size-cells == 1)
arch/arm64/boot/dts/somc/sdm845-v2.1-tama-akari_kddi.dtb: Warning (unit_address_format): /soc/qcom,gdsc@0x16b004: unit name should not have leading "0x"
arch/arm64/boot/dts/somc/sdm845-v2.1-tama-akari_kddi.dtb: Warning (unit_address_format): /soc/qcom,gdsc@0x18d004: unit name should not have leading "0x"
arch/arm64/boot/dts/somc/sdm845-v2.1-tama-akari_kddi.dtb: Warning (unit_address_format): /soc/qcom,gdsc@0x175004: unit name should not have leading "0x"
arch/arm64/boot/dts/somc/sdm845-v2.1-tama-akari_kddi.dtb: Warning (unit_address_format): /soc/qcom,gdsc@0x177004: unit name should not have leading "0x"
arch/arm64/boot/dts/somc/sdm845-v2.1-tama-akari_kddi.dtb: Warning (unit_address_format): /soc/qcom,gdsc@0x10f004: unit name should not have leading "0x"
arch/arm64/boot/dts/somc/sdm845-v2.1-tama-akari_kddi.dtb: Warning (unit_address_format): /soc/qcom,gdsc@0x110004: unit name should not have leading "0x"
arch/arm64/boot/dts/somc/sdm845-v2.1-tama-akari_kddi.dtb: Warning (unit_address_format): /soc/qcom,gdsc@0x17d030: unit name should not have leading "0x"
arch/arm64/boot/dts/somc/sdm845-v2.1-tama-akari_kddi.dtb: Warning (unit_address_format): /soc/qcom,gdsc@0x17d03c: unit name should not have leading "0x"
arch/arm64/boot/dts/somc/sdm845-v2.1-tama-akari_kddi.dtb: Warning (unit_address_format): /soc/qcom,gdsc@0x17d034: unit name should not have leading "0x"
arch/arm64/boot/dts/somc/sdm845-v2.1-tama-akari_kddi.dtb: Warning (unit_address_format): /soc/qcom,gdsc@0x17d038: unit name should not have leading "0x"
arch/arm64/boot/dts/somc/sdm845-v2.1-tama-akari_kddi.dtb: Warning (unit_address_format): /soc/qcom,gdsc@0x17d040: unit name should not have leading "0x"
arch/arm64/boot/dts/somc/sdm845-v2.1-tama-akari_kddi.dtb: Warning (unit_address_format): /soc/qcom,gdsc@0x17d048: unit name should not have leading "0x"
arch/arm64/boot/dts/somc/sdm845-v2.1-tama-akari_kddi.dtb: Warning (unit_address_format): /soc/qcom,gdsc@0x17d044: unit name should not have leading "0x"
arch/arm64/boot/dts/somc/sdm845-v2.1-tama-akari_kddi.dtb: Warning (unit_address_format): /soc/qcom,gdsc@0xad06004: unit name should not have leading "0x"
arch/arm64/boot/dts/somc/sdm845-v2.1-tama-akari_kddi.dtb: Warning (unit_address_format): /soc/qcom,gdsc@0xad09004: unit name should not have leading "0x"
arch/arm64/boot/dts/somc/sdm845-v2.1-tama-akari_kddi.dtb: Warning (unit_address_format): /soc/qcom,gdsc@0xad0a004: unit name should not have leading "0x"
arch/arm64/boot/dts/somc/sdm845-v2.1-tama-akari_kddi.dtb: Warning (unit_address_format): /soc/qcom,gdsc@0xad07004: unit name should not have leading "0x"
arch/arm64/boot/dts/somc/sdm845-v2.1-tama-akari_kddi.dtb: Warning (unit_address_format): /soc/qcom,gdsc@0xad08004: unit name should not have leading "0x"
arch/arm64/boot/dts/somc/sdm845-v2.1-tama-akari_kddi.dtb: Warning (unit_address_format): /soc/qcom,gdsc@0xad0b134: unit name should not have leading "0x"
arch/arm64/boot/dts/somc/sdm845-v2.1-tama-akari_kddi.dtb: Warning (unit_address_format): /soc/qcom,gdsc@0xaf03000: unit name should not have leading "0x"
arch/arm64/boot/dts/somc/sdm845-v2.1-tama-akari_kddi.dtb: Warning (unit_address_format): /soc/syscon@0x5091540: unit name should not have leading "0x"
arch/arm64/boot/dts/somc/sdm845-v2.1-tama-akari_kddi.dtb: Warning (unit_address_format): /soc/qcom,gdsc@0x509106c: unit name should not have leading "0x"
arch/arm64/boot/dts/somc/sdm845-v2.1-tama-akari_kddi.dtb: Warning (unit_address_format): /soc/qcom,gdsc@0x509100c: unit name should not have leading "0x"
arch/arm64/boot/dts/somc/sdm845-v2.1-tama-akari_kddi.dtb: Warning (unit_address_format): /soc/qcom,gdsc@0xab00874: unit name should not have leading "0x"
arch/arm64/boot/dts/somc/sdm845-v2.1-tama-akari_kddi.dtb: Warning (unit_address_format): /soc/qcom,gdsc@0xab008b4: unit name should not have leading "0x"
arch/arm64/boot/dts/somc/sdm845-v2.1-tama-akari_kddi.dtb: Warning (unit_address_format): /soc/qcom,gdsc@0xab00814: unit name should not have leading "0x"
arch/arm64/boot/dts/somc/sdm845-v2.1-tama-akari_kddi.dtb: Warning (unit_address_format): /soc/qcom,qup_uart@0x898000: unit name should not have leading "0x"
arch/arm64/boot/dts/somc/sdm845-v2.1-tama-akari_kddi.dtb: Warning (unit_address_format): /soc/qcom,qup_uart@0x89c000: unit name should not have leading "0x"
arch/arm64/boot/dts/somc/sdm845-v2.1-tama-akari_kddi.dtb: Warning (unit_address_format): /soc/qcom,qup_uart@0xa84000: unit name should not have leading "0x"
arch/arm64/boot/dts/somc/sdm845-v2.1-tama-akari_kddi.dtb: Warning (unit_address_format): /soc/qcom,qup_uart@0xa88000: unit name should not have leading "0x"
arch/arm64/boot/dts/somc/sdm845-v2.1-tama-akari_kddi.dtb: Warning (unit_address_format): /soc/timer@0x17C90000: unit name should not have leading "0x"
arch/arm64/boot/dts/somc/sdm845-v2.1-tama-akari_kddi.dtb: Warning (unit_address_format): /soc/timer@0x17C90000/frame@0x17CA0000: unit name should not have leading "0x"
arch/arm64/boot/dts/somc/sdm845-v2.1-tama-akari_kddi.dtb: Warning (unit_address_format): /soc/qcom,cpucc@0x17d41000: unit name should not have leading "0x"
arch/arm64/boot/dts/somc/sdm845-v2.1-tama-akari_kddi.dtb: Warning (unit_address_format): /soc/qcom,mpm2-sleep-counter@0x0c221000: unit name should not have leading "0x"
arch/arm64/boot/dts/somc/sdm845-v2.1-tama-akari_kddi.dtb: Warning (unit_address_format): /soc/qcom,mpm2-sleep-counter@0x0c221000: unit name should not have leading 0s
arch/arm64/boot/dts/somc/sdm845-v2.1-tama-akari_kddi.dtb: Warning (unit_address_format): /soc/qcom,ipa@01e00000: unit name should not have leading 0s
arch/arm64/boot/dts/somc/sdm845-v2.1-tama-akari_kddi.dtb: Warning (unit_address_format): /soc/qcom,gpi-dma@0x800000: unit name should not have leading "0x"
arch/arm64/boot/dts/somc/sdm845-v2.1-tama-akari_kddi.dtb: Warning (unit_address_format): /soc/qcom,gpi-dma@0xa00000: unit name should not have leading "0x"
arch/arm64/boot/dts/somc/sdm845-v2.1-tama-akari_kddi.dtb: Warning (unit_address_format): /soc/msm_tspp@0x8880000: unit name should not have leading "0x"
arch/arm64/boot/dts/somc/sdm845-v2.1-tama-akari_kddi.dtb: Warning (unit_address_format): /soc/funnel@0x6b08000: unit name should not have leading "0x"
arch/arm64/boot/dts/somc/sdm845-v2.1-tama-akari_kddi.dtb: Warning (unit_address_format): /soc/hwevent@0x014066f0: unit name should not have leading "0x"
arch/arm64/boot/dts/somc/sdm845-v2.1-tama-akari_kddi.dtb: Warning (unit_address_format): /soc/hwevent@0x014066f0: unit name should not have leading 0s
arch/arm64/boot/dts/somc/sdm845-v2.1-tama-akari_kddi.dtb: Warning (unit_address_format): /soc/funnel@0x6041000: unit name should not have leading "0x"
arch/arm64/boot/dts/somc/sdm845-v2.1-tama-akari_kddi.dtb: Warning (unit_address_format): /soc/funnel@0x6043000: unit name should not have leading "0x"
arch/arm64/boot/dts/somc/sdm845-v2.1-tama-akari_kddi.dtb: Warning (unit_address_format): /soc/funnel@0x6943000: unit name should not have leading "0x"
arch/arm64/boot/dts/somc/sdm845-v2.1-tama-akari_kddi.dtb: Warning (unit_address_format): /soc/apps-smmu@0x15000000: unit name should not have leading "0x"
arch/arm64/boot/dts/somc/sdm845-v2.1-tama-akari_kddi.dtb: Warning (unit_address_format): /soc/apps-smmu@0x15000000/anoc_1_tbu@0x150c5000: unit name should not have leading "0x"
arch/arm64/boot/dts/somc/sdm845-v2.1-tama-akari_kddi.dtb: Warning (unit_address_format): /soc/apps-smmu@0x15000000/anoc_2_tbu@0x150c9000: unit name should not have leading "0x"
arch/arm64/boot/dts/somc/sdm845-v2.1-tama-akari_kddi.dtb: Warning (unit_address_format): /soc/apps-smmu@0x15000000/mnoc_hf_0_tbu@0x150cd000: unit name should not have leading "0x"
arch/arm64/boot/dts/somc/sdm845-v2.1-tama-akari_kddi.dtb: Warning (unit_address_format): /soc/apps-smmu@0x15000000/mnoc_hf_1_tbu@0x150d1000: unit name should not have leading "0x"
arch/arm64/boot/dts/somc/sdm845-v2.1-tama-akari_kddi.dtb: Warning (unit_address_format): /soc/apps-smmu@0x15000000/mnoc_sf_0_tbu@0x150d5000: unit name should not have leading "0x"
arch/arm64/boot/dts/somc/sdm845-v2.1-tama-akari_kddi.dtb: Warning (unit_address_format): /soc/apps-smmu@0x15000000/compute_dsp_tbu@0x150d9000: unit name should not have leading "0x"
arch/arm64/boot/dts/somc/sdm845-v2.1-tama-akari_kddi.dtb: Warning (unit_address_format): /soc/apps-smmu@0x15000000/adsp_tbu@0x150dd000: unit name should not have leading "0x"
arch/arm64/boot/dts/somc/sdm845-v2.1-tama-akari_kddi.dtb: Warning (unit_address_format): /soc/apps-smmu@0x15000000/anoc_1_pcie_tbu@0x150e1000: unit name should not have leading "0x"
arch/arm64/boot/dts/somc/sdm845-v2.1-tama-akari_kddi.dtb: Warning (unit_address_format): /soc/qcom,jpegdma@0xac52000: unit name should not have leading "0x"
arch/arm64/boot/dts/somc/sdm845-v2.1-tama-akari_kddi.dtb: Warning (unit_address_format): /soc/pinctrl@03400000: unit name should not have leading 0s
arch/arm64/boot/dts/somc/sdm845-v2.1-tama-akari_kddi.dtb: Warning (unit_address_format): /soc/qcom,pcie@0x1c00000: unit name should not have leading "0x"
arch/arm64/boot/dts/somc/sdm845-v2.1-tama-akari_kddi.dtb: Warning (unit_address_format): /soc/qcom,pcie@0x1c08000: unit name should not have leading "0x"
arch/arm64/boot/dts/somc/sdm845-v2.1-tama-akari_kddi.dtb: Warning (unit_address_format): /soc/syscon@0x5091508: unit name should not have leading "0x"
arch/arm64/boot/dts/somc/sdm845-v2.1-tama-akari_kddi.dtb: Warning (unit_address_format): /soc/syscon@0x5091008: unit name should not have leading "0x"
arch/arm64/boot/dts/somc/sdm845-v2.1-tama-akari_kddi.dtb: Warning (unit_address_format): /soc/interrupt-controller@0xb220000: unit name should not have leading "0x"
arch/arm64/boot/dts/somc/sdm845-v2.1-tama-akari_kddi.dtb: Warning (unit_address_format): /reserved-memory/qseecom_region@0x8ab00000: unit name should not have leading "0x"
arch/arm64/boot/dts/somc/sdm845-v2.1-tama-akari_kddi.dtb: Warning (unit_address_format): /reserved-memory/ips_fw_region@0x8c400000: unit name should not have leading "0x"
arch/arm64/boot/dts/somc/sdm845-v2.1-tama-akari_kddi.dtb: Warning (unit_address_format): /reserved-memory/ipa_gsi_region@0x8c410000: unit name should not have leading "0x"
arch/arm64/boot/dts/somc/sdm845-v2.1-tama-akari_kddi.dtb: Warning (unit_address_format): /reserved-memory/gpu_region@0x8c415000: unit name should not have leading "0x"
arch/arm64/boot/dts/somc/sdm845-v2.1-tama-akari_kddi.dtb: Warning (unit_address_format): /reserved-memory/adsp_region@0x8c500000: unit name should not have leading "0x"
arch/arm64/boot/dts/somc/sdm845-v2.1-tama-akari_kddi.dtb: Warning (unit_address_format): /reserved-memory/wlan_fw_region@0x8df00000: unit name should not have leading "0x"
arch/arm64/boot/dts/somc/sdm845-v2.1-tama-akari_kddi.dtb: Warning (unit_address_format): /reserved-memory/modem_region@0x8e000000: unit name should not have leading "0x"
arch/arm64/boot/dts/somc/sdm845-v2.1-tama-akari_kddi.dtb: Warning (unit_address_format): /reserved-memory/video_region@0x95800000: unit name should not have leading "0x"
arch/arm64/boot/dts/somc/sdm845-v2.1-tama-akari_kddi.dtb: Warning (unit_address_format): /reserved-memory/cdsp_region@0x95d00000: unit name should not have leading "0x"
arch/arm64/boot/dts/somc/sdm845-v2.1-tama-akari_kddi.dtb: Warning (unit_address_format): /reserved-memory/mba_region@0x96500000: unit name should not have leading "0x"
arch/arm64/boot/dts/somc/sdm845-v2.1-tama-akari_kddi.dtb: Warning (unit_address_format): /reserved-memory/slpi_region@0x96700000: unit name should not have leading "0x"
arch/arm64/boot/dts/somc/sdm845-v2.1-tama-akari_kddi.dtb: Warning (unit_address_format): /reserved-memory/pil_spss_region@0x97b00000: unit name should not have leading "0x"
arch/arm64/boot/dts/somc/sdm845-v2.1-tama-akari_kddi.dtb: Warning (unit_address_format): /reserved-memory/camera_region@0x97c00000: unit name should not have leading "0x"
arch/arm64/boot/dts/somc/sdm845-v2.1-tama-akari_kddi.dtb: Warning (pci_device_reg): Failed prerequisite 'reg_format'
arch/arm64/boot/dts/somc/sdm845-v2.1-tama-akari_kddi.dtb: Warning (pci_device_bus_num): Failed prerequisite 'reg_format'
arch/arm64/boot/dts/somc/sdm845-v2.1-tama-akari_kddi.dtb: Warning (simple_bus_reg): Failed prerequisite 'reg_format'
arch/arm64/boot/dts/somc/sdm845-v2.1-tama-akari_kddi.dtb: Warning (avoid_unnecessary_addr_size): /soc/qcom,mdss_mdp@ae00000: unnecessary #address-cells/#size-cells without "ranges" or child "reg" property
arch/arm64/boot/dts/somc/sdm845-v2.1-tama-akari_kddi.dtb: Warning (unique_unit_address): /soc/qcom,mdss_mdp@ae00000: duplicate unit-address (also used in node /soc/qcom,mdss_rotator@ae00000)
arch/arm64/boot/dts/somc/sdm845-v2.1-tama-akari_kddi.dtb: Warning (unique_unit_address): /soc/i2c@880000: duplicate unit-address (also used in node /soc/spi@880000)
arch/arm64/boot/dts/somc/sdm845-v2.1-tama-akari_kddi.dtb: Warning (unique_unit_address): /soc/i2c@884000: duplicate unit-address (also used in node /soc/spi@884000)
arch/arm64/boot/dts/somc/sdm845-v2.1-tama-akari_kddi.dtb: Warning (unique_unit_address): /soc/i2c@888000: duplicate unit-address (also used in node /soc/spi@888000)
arch/arm64/boot/dts/somc/sdm845-v2.1-tama-akari_kddi.dtb: Warning (unique_unit_address): /soc/i2c@88c000: duplicate unit-address (also used in node /soc/spi@88c000)
arch/arm64/boot/dts/somc/sdm845-v2.1-tama-akari_kddi.dtb: Warning (unique_unit_address): /soc/i2c@890000: duplicate unit-address (also used in node /soc/spi@890000)
arch/arm64/boot/dts/somc/sdm845-v2.1-tama-akari_kddi.dtb: Warning (unique_unit_address): /soc/i2c@894000: duplicate unit-address (also used in node /soc/spi@894000)
arch/arm64/boot/dts/somc/sdm845-v2.1-tama-akari_kddi.dtb: Warning (unique_unit_address): /soc/i2c@898000: duplicate unit-address (also used in node /soc/spi@898000)
arch/arm64/boot/dts/somc/sdm845-v2.1-tama-akari_kddi.dtb: Warning (unique_unit_address): /soc/i2c@89c000: duplicate unit-address (also used in node /soc/spi@89c000)
arch/arm64/boot/dts/somc/sdm845-v2.1-tama-akari_kddi.dtb: Warning (unique_unit_address): /soc/i2c@a80000: duplicate unit-address (also used in node /soc/spi@a80000)
arch/arm64/boot/dts/somc/sdm845-v2.1-tama-akari_kddi.dtb: Warning (unique_unit_address): /soc/i2c@a84000: duplicate unit-address (also used in node /soc/spi@a84000)
arch/arm64/boot/dts/somc/sdm845-v2.1-tama-akari_kddi.dtb: Warning (unique_unit_address): /soc/i2c@a88000: duplicate unit-address (also used in node /soc/spi@a88000)
arch/arm64/boot/dts/somc/sdm845-v2.1-tama-akari_kddi.dtb: Warning (unique_unit_address): /soc/i2c@a8c000: duplicate unit-address (also used in node /soc/spi@a8c000)
arch/arm64/boot/dts/somc/sdm845-v2.1-tama-akari_kddi.dtb: Warning (unique_unit_address): /soc/i2c@a90000: duplicate unit-address (also used in node /soc/spi@a90000)
arch/arm64/boot/dts/somc/sdm845-v2.1-tama-akari_kddi.dtb: Warning (unique_unit_address): /soc/i2c@a94000: duplicate unit-address (also used in node /soc/spi@a94000)
arch/arm64/boot/dts/somc/sdm845-v2.1-tama-akari_kddi.dtb: Warning (unique_unit_address): /soc/i2c@a98000: duplicate unit-address (also used in node /soc/spi@a98000)
arch/arm64/boot/dts/somc/sdm845-v2.1-tama-akari_kddi.dtb: Warning (unique_unit_address): /soc/i2c@a9c000: duplicate unit-address (also used in node /soc/spi@a9c000)
arch/arm64/boot/dts/somc/sdm845-v2.1-tama-akari_kddi.dtb: Warning (unique_unit_address): /soc/qcom,gpucc@5090000: duplicate unit-address (also used in node /soc/qcom,gfxcc@5090000)
arch/arm64/boot/dts/somc/sdm845-v2.1-tama-akari_kddi.dtb: Warning (unique_unit_address): /soc/qcom,gcc@100000: duplicate unit-address (also used in node /soc/qcom,cc-debug@100000)
arch/arm64/boot/dts/somc/sdm845-v2.1-tama-akari_kddi.dtb: Warning (unique_unit_address): /soc/qcom,sde_rscc@af20000: duplicate unit-address (also used in node /soc/mailbox@af20000)
arch/arm64/boot/dts/somc/sdm845-v2.1-tama-akari_kddi.dtb: Warning (unique_unit_address): /soc/qcom,smem@86000000: duplicate unit-address (also used in node /soc/qcom,glink-smem-native-xprt-modem@86000000)
arch/arm64/boot/dts/somc/sdm845-v2.1-tama-akari_kddi.dtb: Warning (unique_unit_address): /soc/qcom,smem@86000000: duplicate unit-address (also used in node /soc/qcom,glink-smem-native-xprt-adsp@86000000)
arch/arm64/boot/dts/somc/sdm845-v2.1-tama-akari_kddi.dtb: Warning (unique_unit_address): /soc/qcom,glink-smem-native-xprt-modem@86000000: duplicate unit-address (also used in node /soc/qcom,glink-smem-native-xprt-adsp@86000000)
arch/arm64/boot/dts/somc/sdm845-v2.1-tama-akari_kddi.dtb: Warning (unique_unit_address): /soc/qcom,smem@86000000: duplicate unit-address (also used in node /soc/qcom,glink-smem-native-xprt-dsps@86000000)
arch/arm64/boot/dts/somc/sdm845-v2.1-tama-akari_kddi.dtb: Warning (unique_unit_address): /soc/qcom,glink-smem-native-xprt-modem@86000000: duplicate unit-address (also used in node /soc/qcom,glink-smem-native-xprt-dsps@86000000)
arch/arm64/boot/dts/somc/sdm845-v2.1-tama-akari_kddi.dtb: Warning (unique_unit_address): /soc/qcom,glink-smem-native-xprt-adsp@86000000: duplicate unit-address (also used in node /soc/qcom,glink-smem-native-xprt-dsps@86000000)
arch/arm64/boot/dts/somc/sdm845-v2.1-tama-akari_kddi.dtb: Warning (unique_unit_address): /soc/qcom,smem@86000000: duplicate unit-address (also used in node /soc/qcom,glink-smem-native-xprt-cdsp@86000000)
arch/arm64/boot/dts/somc/sdm845-v2.1-tama-akari_kddi.dtb: Warning (unique_unit_address): /soc/qcom,glink-smem-native-xprt-modem@86000000: duplicate unit-address (also used in node /soc/qcom,glink-smem-native-xprt-cdsp@86000000)
arch/arm64/boot/dts/somc/sdm845-v2.1-tama-akari_kddi.dtb: Warning (unique_unit_address): /soc/qcom,glink-smem-native-xprt-adsp@86000000: duplicate unit-address (also used in node /soc/qcom,glink-smem-native-xprt-cdsp@86000000)
arch/arm64/boot/dts/somc/sdm845-v2.1-tama-akari_kddi.dtb: Warning (unique_unit_address): /soc/qcom,glink-smem-native-xprt-dsps@86000000: duplicate unit-address (also used in node /soc/qcom,glink-smem-native-xprt-cdsp@86000000)
arch/arm64/boot/dts/somc/sdm845-v2.1-tama-akari_kddi.dtb: Warning (unique_unit_address): /soc/qcedev@1de0000: duplicate unit-address (also used in node /soc/qcrypto@1de0000)
arch/arm64/boot/dts/somc/sdm845-v2.1-tama-akari_kddi.dtb: Warning (unique_unit_address): /soc/qcom,dp_display@0: duplicate unit-address (also used in node /soc/qcom,rmtfs_sharedmem@0)
arch/arm64/boot/dts/somc/sdm845-v2.1-tama-akari_kddi.dtb: Warning (unique_unit_address): /soc/funnel@6845000: duplicate unit-address (also used in node /soc/funnel_1@6845000)
arch/arm64/boot/dts/somc/sdm845-v2.1-tama-akari_kddi.dtb: Warning (unique_unit_address): /soc/funnel@6861000: duplicate unit-address (also used in node /soc/funnel_1@6861000)
arch/arm64/boot/dts/somc/sdm845-v2.1-tama-akari_kddi.dtb: Warning (unique_unit_address): /soc/jtagmm@7040000: duplicate unit-address (also used in node /soc/etm@7040000)
arch/arm64/boot/dts/somc/sdm845-v2.1-tama-akari_kddi.dtb: Warning (unique_unit_address): /soc/jtagmm@7140000: duplicate unit-address (also used in node /soc/etm@7140000)
arch/arm64/boot/dts/somc/sdm845-v2.1-tama-akari_kddi.dtb: Warning (unique_unit_address): /soc/jtagmm@7240000: duplicate unit-address (also used in node /soc/etm@7240000)
arch/arm64/boot/dts/somc/sdm845-v2.1-tama-akari_kddi.dtb: Warning (unique_unit_address): /soc/jtagmm@7340000: duplicate unit-address (also used in node /soc/etm@7340000)
arch/arm64/boot/dts/somc/sdm845-v2.1-tama-akari_kddi.dtb: Warning (unique_unit_address): /soc/jtagmm@7440000: duplicate unit-address (also used in node /soc/etm@7440000)
arch/arm64/boot/dts/somc/sdm845-v2.1-tama-akari_kddi.dtb: Warning (unique_unit_address): /soc/jtagmm@7540000: duplicate unit-address (also used in node /soc/etm@7540000)
arch/arm64/boot/dts/somc/sdm845-v2.1-tama-akari_kddi.dtb: Warning (unique_unit_address): /soc/jtagmm@7640000: duplicate unit-address (also used in node /soc/etm@7640000)
arch/arm64/boot/dts/somc/sdm845-v2.1-tama-akari_kddi.dtb: Warning (unique_unit_address): /soc/jtagmm@7740000: duplicate unit-address (also used in node /soc/etm@7740000)
arch/arm64/boot/dts/somc/sdm845-v2.1-tama-akari_kddi.dtb: Warning (unique_unit_address): /soc/qcom,smp2p-modem@1799000c: duplicate unit-address (also used in node /soc/qcom,smp2p-adsp@1799000c)
arch/arm64/boot/dts/somc/sdm845-v2.1-tama-akari_kddi.dtb: Warning (unique_unit_address): /soc/qcom,smp2p-modem@1799000c: duplicate unit-address (also used in node /soc/qcom,smp2p-dsps@1799000c)
arch/arm64/boot/dts/somc/sdm845-v2.1-tama-akari_kddi.dtb: Warning (unique_unit_address): /soc/qcom,smp2p-adsp@1799000c: duplicate unit-address (also used in node /soc/qcom,smp2p-dsps@1799000c)
arch/arm64/boot/dts/somc/sdm845-v2.1-tama-akari_kddi.dtb: Warning (unique_unit_address): /soc/qcom,smp2p-modem@1799000c: duplicate unit-address (also used in node /soc/qcom,smp2p-cdsp@1799000c)
arch/arm64/boot/dts/somc/sdm845-v2.1-tama-akari_kddi.dtb: Warning (unique_unit_address): /soc/qcom,smp2p-adsp@1799000c: duplicate unit-address (also used in node /soc/qcom,smp2p-cdsp@1799000c)
arch/arm64/boot/dts/somc/sdm845-v2.1-tama-akari_kddi.dtb: Warning (unique_unit_address): /soc/qcom,smp2p-dsps@1799000c: duplicate unit-address (also used in node /soc/qcom,smp2p-cdsp@1799000c)
arch/arm64/boot/dts/somc/sdm845-v2.1-tama-akari_kddi.dtb: Warning (unique_unit_address): /soc/qcom,qmp-aop@c300000: duplicate unit-address (also used in node /soc/qcom,rpm-stats@c300000)
arch/arm64/boot/dts/somc/sdm845-v2.1-tama-akari_kddi.dtb: Warning (unique_unit_address): /soc/qcom,dp_display@0: duplicate unit-address (also used in node /soc/qcom,dsi-display@0)
arch/arm64/boot/dts/somc/sdm845-v2.1-tama-akari_kddi.dtb: Warning (unique_unit_address): /soc/qcom,rmtfs_sharedmem@0: duplicate unit-address (also used in node /soc/qcom,dsi-display@0)
arch/arm64/boot/dts/somc/sdm845-v2.1-tama-akari_kddi.dtb: Warning (unique_unit_address): /soc/qcom,dp_display@0: duplicate unit-address (also used in node /soc/qcom,wb-display@0)
arch/arm64/boot/dts/somc/sdm845-v2.1-tama-akari_kddi.dtb: Warning (unique_unit_address): /soc/qcom,rmtfs_sharedmem@0: duplicate unit-address (also used in node /soc/qcom,wb-display@0)
arch/arm64/boot/dts/somc/sdm845-v2.1-tama-akari_kddi.dtb: Warning (unique_unit_address): /soc/qcom,dsi-display@0: duplicate unit-address (also used in node /soc/qcom,wb-display@0)
arch/arm64/boot/dts/somc/sdm845-v2.1-tama-akari_kddi.dtb: Warning (unique_unit_address): /soc/qcom,dp_display@0: duplicate unit-address (also used in node /soc/qcom,camera-flash@0)
arch/arm64/boot/dts/somc/sdm845-v2.1-tama-akari_kddi.dtb: Warning (unique_unit_address): /soc/qcom,rmtfs_sharedmem@0: duplicate unit-address (also used in node /soc/qcom,camera-flash@0)
arch/arm64/boot/dts/somc/sdm845-v2.1-tama-akari_kddi.dtb: Warning (unique_unit_address): /soc/qcom,dsi-display@0: duplicate unit-address (also used in node /soc/qcom,camera-flash@0)
arch/arm64/boot/dts/somc/sdm845-v2.1-tama-akari_kddi.dtb: Warning (unique_unit_address): /soc/qcom,wb-display@0: duplicate unit-address (also used in node /soc/qcom,camera-flash@0)
arch/arm64/boot/dts/somc/sdm845-v2.1-tama-akari_kddi.dtb: Warning (unique_unit_address): /soc/qcom,dsi-display@1: duplicate unit-address (also used in node /soc/qcom,camera-flash@1)
arch/arm64/boot/dts/somc/sdm845-v2.1-tama-akari_kddi.dtb: Warning (unique_unit_address): /soc/qcom,dsi-display@2: duplicate unit-address (also used in node /soc/qcom,camera-flash@2)
arch/arm64/boot/dts/somc/sdm845-v2.1-tama-akari_kddi.dtb: Warning (unique_unit_address): /soc/qcom,dsi-display@3: duplicate unit-address (also used in node /soc/qcom,camera-flash@3)
arch/arm64/boot/dts/somc/sdm845-v2.1-tama-akari_kddi.dtb: Warning (unique_unit_address): /soc/qcom,dp_display@0: duplicate unit-address (also used in node /soc/gpio-regulator@0)
arch/arm64/boot/dts/somc/sdm845-v2.1-tama-akari_kddi.dtb: Warning (unique_unit_address): /soc/qcom,rmtfs_sharedmem@0: duplicate unit-address (also used in node /soc/gpio-regulator@0)
arch/arm64/boot/dts/somc/sdm845-v2.1-tama-akari_kddi.dtb: Warning (unique_unit_address): /soc/qcom,dsi-display@0: duplicate unit-address (also used in node /soc/gpio-regulator@0)
arch/arm64/boot/dts/somc/sdm845-v2.1-tama-akari_kddi.dtb: Warning (unique_unit_address): /soc/qcom,wb-display@0: duplicate unit-address (also used in node /soc/gpio-regulator@0)
arch/arm64/boot/dts/somc/sdm845-v2.1-tama-akari_kddi.dtb: Warning (unique_unit_address): /soc/qcom,camera-flash@0: duplicate unit-address (also used in node /soc/gpio-regulator@0)
arch/arm64/boot/dts/somc/sdm845-v2.1-tama-akari_kddi.dtb: Warning (unique_unit_address): /soc/qcom,dsi-display@1: duplicate unit-address (also used in node /soc/gpio-regulator@1)
arch/arm64/boot/dts/somc/sdm845-v2.1-tama-akari_kddi.dtb: Warning (unique_unit_address): /soc/qcom,camera-flash@1: duplicate unit-address (also used in node /soc/gpio-regulator@1)
arch/arm64/boot/dts/somc/sdm845-v2.1-tama-akari_kddi.dtb: Warning (unique_unit_address): /soc/qcom,dsi-display@2: duplicate unit-address (also used in node /soc/gpio-regulator@2)
arch/arm64/boot/dts/somc/sdm845-v2.1-tama-akari_kddi.dtb: Warning (unique_unit_address): /soc/qcom,camera-flash@2: duplicate unit-address (also used in node /soc/gpio-regulator@2)
arch/arm64/boot/dts/somc/sdm845-v2.1-tama-akari_kddi.dtb: Warning (unique_unit_address): /soc/qcom,dsi-display@4: duplicate unit-address (also used in node /soc/gpio-regulator@4)
arch/arm64/boot/dts/somc/sdm845-v2.1-tama-akari_kddi.dtb: Warning (unique_unit_address): /soc/qcom,dp_display@0: duplicate unit-address (also used in node /soc/sony,camera_modules@0)
arch/arm64/boot/dts/somc/sdm845-v2.1-tama-akari_kddi.dtb: Warning (unique_unit_address): /soc/qcom,rmtfs_sharedmem@0: duplicate unit-address (also used in node /soc/sony,camera_modules@0)
arch/arm64/boot/dts/somc/sdm845-v2.1-tama-akari_kddi.dtb: Warning (unique_unit_address): /soc/qcom,dsi-display@0: duplicate unit-address (also used in node /soc/sony,camera_modules@0)
arch/arm64/boot/dts/somc/sdm845-v2.1-tama-akari_kddi.dtb: Warning (unique_unit_address): /soc/qcom,wb-display@0: duplicate unit-address (also used in node /soc/sony,camera_modules@0)
arch/arm64/boot/dts/somc/sdm845-v2.1-tama-akari_kddi.dtb: Warning (unique_unit_address): /soc/qcom,camera-flash@0: duplicate unit-address (also used in node /soc/sony,camera_modules@0)
arch/arm64/boot/dts/somc/sdm845-v2.1-tama-akari_kddi.dtb: Warning (unique_unit_address): /soc/gpio-regulator@0: duplicate unit-address (also used in node /soc/sony,camera_modules@0)
arch/arm64/boot/dts/somc/sdm845-v2.1-tama-akari_kddi.dtb: Warning (unique_unit_address): /soc/qcom,dsi-display@1: duplicate unit-address (also used in node /soc/sony,camera_modules@1)
arch/arm64/boot/dts/somc/sdm845-v2.1-tama-akari_kddi.dtb: Warning (unique_unit_address): /soc/qcom,camera-flash@1: duplicate unit-address (also used in node /soc/sony,camera_modules@1)
arch/arm64/boot/dts/somc/sdm845-v2.1-tama-akari_kddi.dtb: Warning (unique_unit_address): /soc/gpio-regulator@1: duplicate unit-address (also used in node /soc/sony,camera_modules@1)
arch/arm64/boot/dts/somc/sdm845-v2.1-tama-akari_kddi.dtb: Warning (unique_unit_address): /soc/qcom,cci@ac4a000/qcom,actuator@0: duplicate unit-address (also used in node /soc/qcom,cci@ac4a000/qcom,ois@0)
arch/arm64/boot/dts/somc/sdm845-v2.1-tama-akari_kddi.dtb: Warning (unique_unit_address): /soc/qcom,cci@ac4a000/qcom,actuator@0: duplicate unit-address (also used in node /soc/qcom,cci@ac4a000/qcom,eeprom@0)
arch/arm64/boot/dts/somc/sdm845-v2.1-tama-akari_kddi.dtb: Warning (unique_unit_address): /soc/qcom,cci@ac4a000/qcom,ois@0: duplicate unit-address (also used in node /soc/qcom,cci@ac4a000/qcom,eeprom@0)
arch/arm64/boot/dts/somc/sdm845-v2.1-tama-akari_kddi.dtb: Warning (unique_unit_address): /soc/qcom,cci@ac4a000/qcom,actuator@1: duplicate unit-address (also used in node /soc/qcom,cci@ac4a000/qcom,eeprom@1)
arch/arm64/boot/dts/somc/sdm845-v2.1-tama-akari_kddi.dtb: Warning (unique_unit_address): /soc/qcom,cci@ac4a000/qcom,actuator@2: duplicate unit-address (also used in node /soc/qcom,cci@ac4a000/qcom,eeprom@2)
arch/arm64/boot/dts/somc/sdm845-v2.1-tama-akari_kddi.dtb: Warning (unique_unit_address): /soc/qcom,cci@ac4a000/qcom,actuator@0: duplicate unit-address (also used in node /soc/qcom,cci@ac4a000/qcom,cam-sensor@0)
arch/arm64/boot/dts/somc/sdm845-v2.1-tama-akari_kddi.dtb: Warning (unique_unit_address): /soc/qcom,cci@ac4a000/qcom,ois@0: duplicate unit-address (also used in node /soc/qcom,cci@ac4a000/qcom,cam-sensor@0)
arch/arm64/boot/dts/somc/sdm845-v2.1-tama-akari_kddi.dtb: Warning (unique_unit_address): /soc/qcom,cci@ac4a000/qcom,eeprom@0: duplicate unit-address (also used in node /soc/qcom,cci@ac4a000/qcom,cam-sensor@0)
arch/arm64/boot/dts/somc/sdm845-v2.1-tama-akari_kddi.dtb: Warning (unique_unit_address): /soc/qcom,cci@ac4a000/qcom,actuator@1: duplicate unit-address (also used in node /soc/qcom,cci@ac4a000/qcom,cam-sensor@1)
arch/arm64/boot/dts/somc/sdm845-v2.1-tama-akari_kddi.dtb: Warning (unique_unit_address): /soc/qcom,cci@ac4a000/qcom,eeprom@1: duplicate unit-address (also used in node /soc/qcom,cci@ac4a000/qcom,cam-sensor@1)
arch/arm64/boot/dts/somc/sdm845-v2.1-tama-akari_kddi.dtb: Warning (unique_unit_address): /soc/qcom,cci@ac4a000/qcom,actuator@2: duplicate unit-address (also used in node /soc/qcom,cci@ac4a000/qcom,cam-sensor@2)
arch/arm64/boot/dts/somc/sdm845-v2.1-tama-akari_kddi.dtb: Warning (unique_unit_address): /soc/qcom,cci@ac4a000/qcom,eeprom@2: duplicate unit-address (also used in node /soc/qcom,cci@ac4a000/qcom,cam-sensor@2)
arch/arm64/boot/dts/somc/sdm845-v2.1-tama-akari_kddi.dtb: Warning (unique_unit_address): /soc/qcom,lpm-levels/qcom,pm-cluster@0/qcom,pm-cluster-level@0: duplicate unit-address (also used in node /soc/qcom,lpm-levels/qcom,pm-cluster@0/qcom,pm-cpu@0)
arch/arm64/boot/dts/somc/sdm845-v2.1-tama-akari_kddi.dtb: Warning (unique_unit_address): /soc/qcom,lpm-levels/qcom,pm-cluster@0/qcom,pm-cluster-level@1: duplicate unit-address (also used in node /soc/qcom,lpm-levels/qcom,pm-cluster@0/qcom,pm-cpu@1)
  CC      drivers/base/map.o
arch/arm64/boot/dts/somc/sdm845-v2.1-tama-akari_kddi.dtb: Warning (graph_port): /soc/replicator@6046000/ports/port@1: graph node unit address error, expected "0"
arch/arm64/boot/dts/somc/sdm845-v2.1-tama-akari_kddi.dtb: Warning (graph_port): /soc/replicator@6b0a000/ports/port@2: graph node unit address error, expected "0"
arch/arm64/boot/dts/somc/sdm845-v2.1-tama-akari_kddi.dtb: Warning (graph_port): /soc/tmc@6b09000/ports/port@1: graph node unit address error, expected "0"
arch/arm64/boot/dts/somc/sdm845-v2.1-tama-akari_kddi.dtb: Warning (graph_port): /soc/funnel@0x6b08000/ports/port@1: graph node unit address error, expected "6"
arch/arm64/boot/dts/somc/sdm845-v2.1-tama-akari_kddi.dtb: Warning (graph_port): /soc/funnel@0x6b08000/ports/port@2: graph node unit address error, expected "7"
arch/arm64/boot/dts/somc/sdm845-v2.1-tama-akari_kddi.dtb: Warning (graph_port): /soc/tpda@6b01000/ports/port@1: graph node unit address error, expected "0"
arch/arm64/boot/dts/somc/sdm845-v2.1-tama-akari_kddi.dtb: Warning (graph_port): /soc/tpda@6b01000/ports/port@2: graph node unit address error, expected "1"
arch/arm64/boot/dts/somc/sdm845-v2.1-tama-akari_kddi.dtb: Warning (graph_port): /soc/funnel@6045000/ports/port@1: graph node unit address error, expected "0"
arch/arm64/boot/dts/somc/sdm845-v2.1-tama-akari_kddi.dtb: Warning (graph_port): /soc/funnel@0x6041000/ports/port@1: graph node unit address error, expected "3"
arch/arm64/boot/dts/somc/sdm845-v2.1-tama-akari_kddi.dtb: Warning (graph_port): /soc/funnel@0x6041000/ports/port@2: graph node unit address error, expected "6"
arch/arm64/boot/dts/somc/sdm845-v2.1-tama-akari_kddi.dtb: Warning (graph_port): /soc/funnel@0x6041000/ports/port@3: graph node unit address error, expected "7"
arch/arm64/boot/dts/somc/sdm845-v2.1-tama-akari_kddi.dtb: Warning (graph_port): /soc/funnel@0x6043000/ports/port@1: graph node unit address error, expected "0"
arch/arm64/boot/dts/somc/sdm845-v2.1-tama-akari_kddi.dtb: Warning (graph_port): /soc/funnel@0x6043000/ports/port@2: graph node unit address error, expected "1"
arch/arm64/boot/dts/somc/sdm845-v2.1-tama-akari_kddi.dtb: Warning (graph_port): /soc/funnel@0x6043000/ports/port@3: graph node unit address error, expected "2"
arch/arm64/boot/dts/somc/sdm845-v2.1-tama-akari_kddi.dtb: Warning (graph_port): /soc/funnel@0x6043000/ports/port@4: graph node unit address error, expected "5"
arch/arm64/boot/dts/somc/sdm845-v2.1-tama-akari_kddi.dtb: Warning (graph_port): /soc/funnel@0x6043000/ports/port@5: graph node unit address error, expected "6"
arch/arm64/boot/dts/somc/sdm845-v2.1-tama-akari_kddi.dtb: Warning (graph_port): /soc/funnel@0x6943000/ports/port@1: graph node unit address error, expected "0"
arch/arm64/boot/dts/somc/sdm845-v2.1-tama-akari_kddi.dtb: Warning (graph_port): /soc/funnel@0x6943000/ports/port@2: graph node unit address error, expected "1"
arch/arm64/boot/dts/somc/sdm845-v2.1-tama-akari_kddi.dtb: Warning (graph_port): /soc/tpda@6004000/ports/port@1: graph node unit address error, expected "0"
arch/arm64/boot/dts/somc/sdm845-v2.1-tama-akari_kddi.dtb: Warning (graph_port): /soc/tpda@6004000/ports/port@4: graph node unit address error, expected "5"
arch/arm64/boot/dts/somc/sdm845-v2.1-tama-akari_kddi.dtb: Warning (graph_port): /soc/tpda@6004000/ports/port@5: graph node unit address error, expected "6"
arch/arm64/boot/dts/somc/sdm845-v2.1-tama-akari_kddi.dtb: Warning (graph_port): /soc/tpda@6004000/ports/port@6: graph node unit address error, expected "7"
arch/arm64/boot/dts/somc/sdm845-v2.1-tama-akari_kddi.dtb: Warning (graph_port): /soc/tpda@6004000/ports/port@7: graph node unit address error, expected "9"
arch/arm64/boot/dts/somc/sdm845-v2.1-tama-akari_kddi.dtb: Warning (graph_port): /soc/tpda@6004000/ports/port@8: graph node unit address error, expected "a"
arch/arm64/boot/dts/somc/sdm845-v2.1-tama-akari_kddi.dtb: Warning (graph_port): /soc/tpda@6004000/ports/port@9: graph node unit address error, expected "b"
arch/arm64/boot/dts/somc/sdm845-v2.1-tama-akari_kddi.dtb: Warning (graph_port): /soc/tpda@6004000/ports/port@10: graph node unit address error, expected "d"
arch/arm64/boot/dts/somc/sdm845-v2.1-tama-akari_kddi.dtb: Warning (graph_port): /soc/funnel@6832000/ports/port@1: graph node unit address error, expected "0"
arch/arm64/boot/dts/somc/sdm845-v2.1-tama-akari_kddi.dtb: Warning (graph_port): /soc/tpda@6831000/ports/port@1: graph node unit address error, expected "0"
arch/arm64/boot/dts/somc/sdm845-v2.1-tama-akari_kddi.dtb: Warning (graph_port): /soc/funnel@6845000/ports/port@1: graph node unit address error, expected "0"
arch/arm64/boot/dts/somc/sdm845-v2.1-tama-akari_kddi.dtb: Warning (graph_port): /soc/tpda@7862000/ports/port@1: graph node unit address error, expected "0"
arch/arm64/boot/dts/somc/sdm845-v2.1-tama-akari_kddi.dtb: Warning (graph_port): /soc/tpda@78c0000/ports/port@1: graph node unit address error, expected "0"
arch/arm64/boot/dts/somc/sdm845-v2.1-tama-akari_kddi.dtb: Warning (graph_port): /soc/tpda@78d0000/ports/port@1: graph node unit address error, expected "0"
arch/arm64/boot/dts/somc/sdm845-v2.1-tama-akari_kddi.dtb: Warning (graph_port): /soc/funnel@6861000/ports/port@1: graph node unit address error, expected "0"
arch/arm64/boot/dts/somc/sdm845-v2.1-tama-akari_kddi.dtb: Warning (graph_port): /soc/funnel@69e2000/ports/port@1: graph node unit address error, expected "0"
arch/arm64/boot/dts/somc/sdm845-v2.1-tama-akari_kddi.dtb: Warning (graph_port): /soc/tpda@7832000/ports/port@1: graph node unit address error, expected "0"
arch/arm64/boot/dts/somc/sdm845-v2.1-tama-akari_kddi.dtb: Warning (graph_port): /soc/tpda@6882000/ports/port@1: graph node unit address error, expected "0"
arch/arm64/boot/dts/somc/sdm845-v2.1-tama-akari_kddi.dtb: Warning (graph_port): /soc/funnel@6883000/ports/port@1: graph node unit address error, expected "0"
arch/arm64/boot/dts/somc/sdm845-v2.1-tama-akari_kddi.dtb: Warning (graph_port): /soc/funnel@6883000/ports/port@2: graph node unit address error, expected "1"
arch/arm64/boot/dts/somc/sdm845-v2.1-tama-akari_kddi.dtb: Warning (graph_port): /soc/funnel@6005000/ports/port@1: graph node unit address error, expected "0"
arch/arm64/boot/dts/somc/sdm845-v2.1-tama-akari_kddi.dtb: Warning (graph_port): /soc/funnel@6005000/ports/port@2: graph node unit address error, expected "6"
arch/arm64/boot/dts/somc/sdm845-v2.1-tama-akari_kddi.dtb: Warning (graph_port): /soc/funnel@6005000/ports/port@3: graph node unit address error, expected "7"
arch/arm64/boot/dts/somc/sdm845-v2.1-tama-akari_kddi.dtb: Warning (graph_port): /soc/funnel@7810000/ports/port@1: graph node unit address error, expected "0"
arch/arm64/boot/dts/somc/sdm845-v2.1-tama-akari_kddi.dtb: Warning (graph_port): /soc/funnel@7810000/ports/port@3: graph node unit address error, expected "4"
arch/arm64/boot/dts/somc/sdm845-v2.1-tama-akari_kddi.dtb: Warning (graph_port): /soc/funnel@7810000/ports/port@4: graph node unit address error, expected "5"
arch/arm64/boot/dts/somc/sdm845-v2.1-tama-akari_kddi.dtb: Warning (graph_port): /soc/funnel@7810000/ports/port@5: graph node unit address error, expected "6"
arch/arm64/boot/dts/somc/sdm845-v2.1-tama-akari_kddi.dtb: Warning (graph_port): /soc/funnel@7800000/ports/port@1: graph node unit address error, expected "0"
arch/arm64/boot/dts/somc/sdm845-v2.1-tama-akari_kddi.dtb: Warning (graph_port): /soc/funnel@7800000/ports/port@2: graph node unit address error, expected "1"
arch/arm64/boot/dts/somc/sdm845-v2.1-tama-akari_kddi.dtb: Warning (graph_port): /soc/funnel@7800000/ports/port@3: graph node unit address error, expected "2"
arch/arm64/boot/dts/somc/sdm845-v2.1-tama-akari_kddi.dtb: Warning (graph_port): /soc/funnel@7800000/ports/port@4: graph node unit address error, expected "3"
arch/arm64/boot/dts/somc/sdm845-v2.1-tama-akari_kddi.dtb: Warning (graph_port): /soc/funnel@7800000/ports/port@5: graph node unit address error, expected "4"
arch/arm64/boot/dts/somc/sdm845-v2.1-tama-akari_kddi.dtb: Warning (graph_port): /soc/funnel@7800000/ports/port@6: graph node unit address error, expected "5"
arch/arm64/boot/dts/somc/sdm845-v2.1-tama-akari_kddi.dtb: Warning (graph_port): /soc/funnel@7800000/ports/port@7: graph node unit address error, expected "6"
arch/arm64/boot/dts/somc/sdm845-v2.1-tama-akari_kddi.dtb: Warning (graph_port): /soc/funnel@7800000/ports/port@8: graph node unit address error, expected "7"
  CC      kernel/cred.o
  CC      net/core/scm.o
  CC      crypto/akcipher.o
  CC      drivers/char/hw_random/cavium-rng-vf.o
  CC      kernel/reboot.o
  CC      drivers/char/adsprpc_compat.o
  CC      net/bluetooth/l2cap_sock.o
  CC      net/ipv4/protocol.o
  CC      drivers/char/diag/diagfwd_peripheral.o
  CC      drivers/clk/clk-devres.o
  CC      drivers/char/diag/diagfwd_socket.o
  CC      fs/filesystems.o
  CC      block/blk-mq-tag.o
  CC      drivers/base/devres.o
  LD      net/ipc_router/built-in.o
  CC      net/ipv4/ip_input.o
  CC      net/bluetooth/smp.o
  CC      mm/slab_common.o
  CC      net/core/gen_stats.o
  LD      drivers/char/hw_random/rng-core.o
  LD      drivers/char/hw_random/built-in.o
  CC      drivers/clk/clkdev.o
  OBJCOPY arch/arm64/kernel/vdso/vdso.so
  AS      arch/arm64/kernel/vdso/vdso.o
  CC      drivers/base/attribute_container.o
  LD      arch/arm64/kernel/vdso/built-in.o
  AS      arch/arm64/kernel/head.o
  CC      lib/kfifo.o
  CC      net/bluetooth/lib.o
  CC      net/bridge/br_ioctl.o
  CC      drivers/char/diag/diag_mux.o
  OBJCOPY arch/arm64/kernel/efi-entry.stub.o
  LD      arch/arm64/kernel/built-in.o
  CC      sound/soc/soc-cache.o
  CC      crypto/kpp.o
  CC      net/ipv4/ip_fragment.o
  CC      kernel/async.o
  CC      drivers/clocksource/clksrc-probe.o
  CC      block/blk-mq-sysfs.o
  CC      drivers/clk/clk.o
  CC      net/ipv4/ip_forward.o
  CC      drivers/char/diag/diag_memorydevice.o
  CC      drivers/base/transport_class.o
  CC      fs/namespace.o
  CC      drivers/char/diag/diag_usb.o
  CC      block/blk-mq-cpumap.o
  CC      sound/core/pcm_lib.o
  CC      sound/core/pcm_misc.o
  CC      net/core/gen_estimator.o
  CC      net/ipv4/ip_options.o
  CC      sound/core/pcm_memory.o
  CC      drivers/char/diag/diagmem.o
  CC      drivers/clocksource/arm_arch_timer.o
  CC      drivers/clocksource/dummy_timer.o
  CC      block/ioctl.o
  CC      drivers/cpufreq/cpufreq.o
  CC      fs/seq_file.o
  CC      sound/soc/soc-utils.o
  CC      drivers/clk/clk-divider.o
  CC      kernel/smpboot.o
  CC      lib/percpu-refcount.o
  CC      fs/xattr.o
  CC      net/bridge/br_stp.o
  CC      crypto/rsa.o
  CC      drivers/base/topology.o
  CC      mm/compaction.o
  CC      sound/core/memalloc.o
  CC      sound/soc/soc-pcm.o
  CC      kernel/ucount.o
  CC      sound/core/pcm_timer.o
  CC      drivers/base/container.o
  CC      drivers/char/diag/diagfwd_cntl.o
  CC      drivers/cpufreq/freq_table.o
  CC      drivers/clk/clk-fixed-factor.o
  CC      lib/percpu_ida.o
  CC      sound/soc/soc-io.o
  CC      mm/vmacache.o
  CC      drivers/base/property.o
  CC      net/ipv4/ip_output.o
  CC      drivers/cpufreq/cpufreq_stats.o
  CC      net/bridge/br_stp_bpdu.o
  CC      fs/libfs.o
  CC      lib/rhashtable.o
  CC      crypto/rsa-pkcs1pad.o
  CC      drivers/cpuidle/cpuidle.o
  CC      net/ipv4/ip_sockglue.o
  CC      net/core/net_namespace.o
  CC      kernel/groups.o
  LD      drivers/clocksource/built-in.o
  CC      block/genhd.o
  CC      drivers/char/diag/diag_dci.o
  CC      kernel/bpf/core.o
  CC      drivers/cpuidle/driver.o
  CC      net/bridge/br_stp_if.o
  CC      sound/usb/card.o
  CC      net/ipv4/inet_hashtables.o
  CC      kernel/events/core.o
  CC      drivers/base/cacheinfo.o
  CC      sound/soc/soc-devres.o
  CC      sound/core/pcm_drm_eld.o
  CC      kernel/irq/irqdesc.o
  CC      kernel/bpf/syscall.o
  CC      net/core/secure_seq.o
  CC      crypto/algboss.o
  CC      crypto/testmgr.o
  CC      kernel/irq/handle.o
  CC      kernel/events/ring_buffer.o
  CC      net/ipv6/af_inet6.o
  CC      drivers/cpufreq/cpufreq_times.o
  CC      net/bluetooth/hci_request.o
  CC      lib/once.o
  CC      net/key/af_key.o
  CC      sound/usb/clock.o
  CC      kernel/events/callchain.o
  CC      fs/fs-writeback.o
  CC      drivers/cpuidle/governor.o
  CC      net/bridge/br_stp_timer.o
  CC      mm/interval_tree.o
  CC      sound/core/pcm_iec958.o
  CC      drivers/clk/clk-fixed-rate.o
  CC      drivers/base/dma-contiguous.o
  CC      net/bridge/br_netlink.o
  CC      drivers/char/diag/diag_masks.o
  CC      block/scsi_ioctl.o
  CC      sound/soc/soc-ops.o
  CC      net/core/flow_dissector.o
  CC      net/bridge/br_sysfs_if.o
  CC      drivers/crypto/msm/qce50.o
  CC      drivers/crypto/msm/qcedev.o
  CC      drivers/cpuidle/sysfs.o
  CC      lib/string_helpers.o
  CC      kernel/irq/manage.o
  CC      crypto/cmac.o
  CC      drivers/cpufreq/cpufreq_performance.o
  CC      drivers/cpuidle/lpm-levels.o
  CC      sound/usb/endpoint.o
  CC      drivers/cpuidle/governors/menu.o
  CC      drivers/cpuidle/lpm-levels-of.o
  CC      drivers/char/diag/diag_debugfs.o
  CC      fs/pnode.o
  CC      mm/list_lru.o
  CC      net/ipv4/inet_timewait_sock.o
  CC      drivers/base/power/sysfs.o
  CC      drivers/cpufreq/cpufreq_powersave.o
  CC      sound/core/rawmidi.o
  CC      drivers/clk/clk-gate.o
  CC      drivers/devfreq/devfreq.o
  CC      kernel/locking/mutex.o
  LD      drivers/cpuidle/governors/built-in.o
  CC      net/bluetooth/mgmt_util.o
  CC      kernel/bpf/verifier.o
  CC      crypto/hmac.o
  CC      net/l2tp/l2tp_core.o
  CC      drivers/cpufreq/cpufreq_userspace.o
  CC      sound/usb/format.o
  CC      kernel/locking/semaphore.o
  CC      sound/soc/soc-compress.o
  CC      block/partition-generic.o
  CC      kernel/locking/rwsem.o
  CC      net/ipv6/anycast.o
  CC      kernel/irq/spurious.o
  CC      lib/pci_iomap.o
  CC      net/bridge/br_sysfs_br.o
  CC      drivers/devfreq/governor_simpleondemand.o
  LD      drivers/char/diag/diagchar.o
  CC      mm/workingset.o
  LD      drivers/char/diag/built-in.o
  CC      drivers/clk/clk-multiplier.o
  CC      drivers/cpufreq/cpufreq_ondemand.o
  LD      drivers/char/built-in.o
  CC      drivers/base/power/generic_ops.o
  CC      crypto/xcbc.o
  LD      net/key/built-in.o
  CC      sound/core/compress_offload.o
  CC      drivers/dma/dmaengine.o
  CC      net/bluetooth/sco.o
  CC      net/core/sysctl_net_core.o
  CC      mm/debug.o
  CC      kernel/irq/resend.o
  CC      sound/usb/helper.o
  CC      kernel/power/qos.o
  CC      drivers/crypto/msm/qcedev_smmu.o
  CC      drivers/base/power/common.o
  CC      drivers/dma-buf/dma-buf.o
  CC      drivers/devfreq/governor_performance.o
  CC      net/ipv4/inet_connection_sock.o
  CC      kernel/locking/percpu-rwsem.o
  CC      lib/iomap_copy.o
  CC      kernel/events/hw_breakpoint.o
  CC      net/ipv6/ip6_output.o
  CC      block/ioprio.o
  CC      crypto/crypto_null.o
  CC      kernel/power/main.o
  CC      kernel/irq/chip.o
  CC      drivers/clk/clk-mux.o
  CC      sound/usb/mixer.o
  CC      net/bridge/br_nf_core.o
  CC      fs/splice.o
  CC      drivers/devfreq/governor_powersave.o
  CC      sound/soc/codecs/hdmi-codec.o
  LD      sound/core/snd.o
  CC      sound/last.o
  LD      drivers/cpuidle/built-in.o
  CC      drivers/cpufreq/cpufreq_conservative.o
  CC      mm/gup.o
  CC      net/core/dev.o
  CC      drivers/base/regmap/regmap.o
  CC      drivers/base/power/qos.o
  CC      lib/devres.o
  CC      net/ipv4/tcp.o
  CC      kernel/locking/osq_lock.o
  CC      drivers/devfreq/governor_userspace.o
  LD      sound/core/snd-hwdep.o
  LD      sound/core/snd-timer.o
  LD      sound/core/snd-pcm.o
  LD      sound/core/snd-rawmidi.o
  CC      crypto/md4.o
  LD      sound/core/snd-compress.o
  LD      sound/core/built-in.o
  CC      drivers/dma-buf/fence.o
  CC      drivers/dma-buf/reservation.o
  CC      net/bluetooth/a2mp.o
  CC      drivers/dma/virt-dma.o
  CC      block/badblocks.o
  CC      drivers/clk/clk-composite.o
  CC      kernel/power/process.o
  CC      kernel/irq/dummychip.o
  CC      sound/usb/mixer_quirks.o
  CC      kernel/locking/rtmutex.o
  CC      drivers/cpufreq/cpufreq_governor.o
  CC      net/bridge/br_multicast.o
  LD      sound/soc/codecs/snd-soc-hdmi-codec.o
  LD      sound/soc/codecs/built-in.o
  CC      fs/sync.o
  CC      net/l2tp/l2tp_ppp.o
  CC      drivers/devfreq/governor_cpufreq.o
  CC      net/bridge/br_mdb.o
  CC      kernel/power/suspend.o
  CC      drivers/crypto/msm/qcrypto.o
  LD      kernel/events/built-in.o
  CC      kernel/power/autosleep.o
  CC      drivers/clk/clk-fractional-divider.o
  CC      kernel/bpf/inode.o
  CC      crypto/md5.o
  CC      net/l2tp/l2tp_ip.o
  CC      mm/highmem.o
  CC      drivers/devfreq/governor_msm_adreno_tz.o
  CC      lib/assoc_array.o
  LD      sound/soc/snd-soc-core.o
  CC      kernel/irq/devres.o
  LD      sound/soc/built-in.o
  CC      drivers/base/power/runtime.o
  CC      net/bluetooth/amp.o
  CC      fs/utimes.o
  CC      kernel/locking/rwsem-xadd.o
  CC      drivers/dma/of-dma.o
  CC      net/core/ethtool.o
  CC      block/partitions/check.o
  CC      drivers/crypto/msm/ice.o
  CC      drivers/cpufreq/cpufreq_governor_attr_set.o
  CC      sound/usb/mixer_scarlett.o
  CC      net/ipv4/tcp_input.o
  CC      net/core/dev_addr_lists.o
  CC      drivers/dma-buf/seqno-fence.o
  CC      mm/memory.o
  CC      crypto/sha1_generic.o
  CC      net/llc/llc_core.o
  CC      drivers/clk/clk-gpio.o
  CC      kernel/irq/autoprobe.o
  CC      kernel/power/wakelock.o
  CC      fs/stack.o
  CC      block/partitions/msdos.o
  CC      drivers/cpufreq/cpu-boost.o
  CC      crypto/sha256_generic.o
  CC      drivers/devfreq/governor_bw_vbif.o
  CC      drivers/edac/edac_stub.o
  CC      drivers/dma/qcom/gpi.o
  CC      net/ipv6/ip6_input.o
  LD      kernel/locking/built-in.o
  CC      lib/crc-ccitt.o
  CC      drivers/base/regmap/regcache.o
  CC      sound/usb/pcm.o
  CC      drivers/base/dma-mapping.o
  CC      kernel/bpf/helpers.o
  CC      net/ipv4/tcp_output.o
  CC      net/bluetooth/hci_debugfs.o
  CC      drivers/dma-buf/fence-array.o
  CC      drivers/base/power/wakeirq.o
  CC      drivers/devfreq/governor_gpubw_mon.o
  CC      kernel/power/wakeup_reason.o
  CC      fs/fs_struct.o
  CC      block/partitions/efi.o
  LD      drivers/cpufreq/built-in.o
  CC      net/bridge/netfilter/ebtables.o
  CC      net/core/dst.o
  CC      lib/crc16.o
  CC      drivers/clk/clk-conf.o
  CC      kernel/irq/irqdomain.o
  CC      net/llc/llc_input.o
  CC      block/bounce.o
  CC      drivers/edac/edac_mc.o
  CC      net/l2tp/l2tp_netlink.o
  CC      net/ipv4/tcp_timer.o
  LD      net/bridge/bridge.o
  CC      net/core/netevent.o
  CC      crypto/sha512_generic.o
  CC      kernel/bpf/hashtab.o
  CC      drivers/devfreq/bimc-bwmon.o
  CC      kernel/power/wakeup_irq_debug.o
  CC      drivers/dma-buf/sync_file.o
  CC      sound/usb/proc.o
  CC      fs/statfs.o
  CC      drivers/base/regmap/regcache-rbtree.o
  CC      lib/crc32.o
  CC      drivers/base/power/main.o
  CC      block/bsg.o
  CC      net/llc/llc_output.o
  LD      block/partitions/built-in.o
  LD      sound/soundcore.o
  CC      drivers/base/regmap/regcache-lzo.o
  CC      drivers/clk/clk-xgene.o
  LD      net/bluetooth/bluetooth.o
  LD      net/bluetooth/built-in.o
  LD      drivers/dma/qcom/built-in.o
  LD      kernel/power/built-in.o
  CC      net/ipv6/addrconf.o
  LD      drivers/dma/built-in.o
  CC      kernel/irq/proc.o
  LD      drivers/crypto/msm/built-in.o
  CC      drivers/devfreq/arm-memlat-mon.o
  LD      drivers/crypto/built-in.o
  CC      net/bridge/netfilter/ebtable_broute.o
  CC      net/netlabel/netlabel_user.o
  CC      kernel/printk/printk.o
  CC      sound/usb/quirks.o
  CC      drivers/base/power/wakeup.o
  CC      drivers/base/dma-coherent.o
  LD      drivers/dma-buf/built-in.o
  CC      drivers/base/regmap/regcache-flat.o
  CC      net/netlabel/netlabel_kapi.o
  CC      drivers/edac/edac_device.o
  CC      crypto/gf128mul.o
  CC      drivers/base/power/opp/core.o
  CC      lib/libcrc32c.o
  CC      mm/mincore.o
  CC      net/netlink/af_netlink.o
  CC      drivers/base/regmap/regmap-debugfs.o
  CC      kernel/bpf/arraymap.o
  CC      fs/fs_pin.o
  CC      net/netfilter/core.o
  CC      kernel/irq/cpuhotplug.o
  CC      net/l2tp/l2tp_eth.o
  CC      drivers/base/dma-removed.o
  LD      net/llc/llc.o
  LD      net/llc/built-in.o
  CC      net/ipv6/addrlabel.o
  CC      drivers/base/power/opp/cpu.o
  CC      drivers/devfreq/msmcci-hwmon.o
  CC      block/noop-iosched.o
  CC      drivers/clk/qcom/common.o
  CC      net/netlink/genetlink.o
  CC      kernel/rcu/update.o
  CC      fs/nsfs.o
  CC      lib/genalloc.o
  CC      sound/usb/stream.o
  CC      mm/mlock.o
  CC      net/ipv4/tcp_ipv4.o
  CC      kernel/irq/pm.o
  CC      crypto/ecb.o
  CC      kernel/rcu/sync.o
  CC      kernel/sched/core.o
  CC      drivers/base/regmap/regmap-i2c.o
  CC      drivers/edac/edac_mc_sysfs.o
  LD      net/bridge/netfilter/built-in.o
  CC      block/deadline-iosched.o
  LD      net/bridge/built-in.o
  CC      drivers/devfreq/m4m-hwmon.o
  CC      net/netfilter/nf_log.o
  CC      drivers/esoc/esoc_bus.o
  CC      kernel/bpf/stackmap.o
  CC      fs/buffer.o
  CC      fs/block_dev.o
  CC      fs/direct-io.o
  CC      drivers/base/power/opp/of.o
  CC      lib/lz4/lz4_compress.o
  CC      kernel/time/time.o
  CC      drivers/base/firmware_class.o
  CC      drivers/clk/qcom/clk-regmap.o
  CC      net/l2tp/l2tp_ip6.o
  CC      lib/lz4/lz4_decompress.o
  CC      crypto/cbc.o
  CC      net/netlabel/netlabel_domainhash.o
  CC      sound/usb/badd.o
  CC      kernel/rcu/srcu.o
  LD      kernel/printk/built-in.o
  CC      block/cfq-iosched.o
  CC      kernel/irq/msi.o
  CC      net/core/neighbour.o
  CC      drivers/base/regmap/regmap-spi.o
  CC      kernel/sched/loadavg.o
  CC      drivers/devfreq/governor_bw_hwmon.o
  CC      kernel/rcu/tree.o
  CC      kernel/trace/trace_clock.o
  CC      drivers/edac/edac_module.o
  CC      kernel/bpf/cgroup.o
  CC      sound/usb/midi.o
  CC      drivers/esoc/esoc_dev.o
  CC      mm/mmap.o
  CC      crypto/cts.o
  CC      drivers/base/power/opp/debugfs.o
  CC      drivers/base/regmap/regmap-spmi.o
  CC      drivers/clk/qcom/clk-alpha-pll.o
  CC      net/ipv6/route.o
  CC      kernel/time/timer.o
  CC      kernel/trace/ring_buffer.o
  CC      net/packet/af_packet.o
  LD      net/l2tp/built-in.o
  CC      drivers/esoc/esoc_client.o
  LD      net/netlink/built-in.o
  CC      mm/mprotect.o
  CC      lib/lzo/lzo1x_compress.o
  CC      net/netfilter/nf_queue.o
  CC      drivers/edac/edac_device_sysfs.o
  LD      drivers/base/power/opp/built-in.o
  CC      net/ipv4/tcp_minisocks.o
  CC      drivers/base/power/domain.o
  CC      net/netlabel/netlabel_addrlist.o
  CC      kernel/irq/affinity.o
  CC      drivers/devfreq/governor_cache_hwmon.o
  CC      lib/mpi/generic_mpih-lshift.o
  CC      crypto/xts.o
  CC      drivers/base/regmap/regmap-mmio.o
  CC      lib/reed_solomon/reed_solomon.o
  CC      lib/zlib_deflate/deflate.o
  CC      lib/zlib_inflate/infutil.o
  CC      mm/mremap.o
  CC      block/compat_ioctl.o
  CC      drivers/clk/qcom/clk-pll.o
  LD      kernel/bpf/built-in.o
  CC      lib/mpi/generic_mpih-mul1.o
  CC      kernel/time/hrtimer.o
  CC      drivers/edac/wq.o
  LD      kernel/irq/built-in.o
  CC      drivers/esoc/esoc-mdm-pon.o
  CC      lib/lzo/lzo1x_decompress_safe.o
  CC      crypto/ctr.o
  CC      net/netlabel/netlabel_mgmt.o
  CC      drivers/devfreq/governor_memlat.o
  CC      lib/zlib_inflate/inflate_syms.o
  CC      drivers/esoc/esoc-mdm-4x.o
  CC      sound/usb/usb_audio_qmi_svc.o
  CC      drivers/base/power/domain_governor.o
  CC      lib/mpi/generic_mpih-mul2.o
  LD      lib/lz4/built-in.o
  CC      fs/mpage.o
  CC      net/core/rtnetlink.o
  CC      lib/zlib_deflate/deflate_syms.o
  LD      drivers/base/regmap/built-in.o
  CC      drivers/devfreq/devfreq_devbw.o
  LD      lib/reed_solomon/built-in.o
  CC      kernel/freezer.o
  CC      mm/msync.o
  CC      net/ipv6/ip6_fib.o
  LD      lib/lzo/lzo_compress.o
  LD      lib/lzo/lzo_decompress.o
  CC      kernel/sched/clock.o
  LD      lib/lzo/built-in.o
  CC      kernel/trace/trace.o
  CC      crypto/gcm.o
  CC      drivers/clk/qcom/clk-rcg.o
  CC      mm/rmap.o
  CC      mm/vmalloc.o
  LD      lib/zlib_inflate/zlib_inflate.o
  CC      lib/mpi/generic_mpih-mul3.o
  CC      net/netfilter/nf_sockopt.o
  LD      lib/zlib_inflate/built-in.o
  CC      drivers/edac/edac_pci.o
  CC      block/blk-mq-pci.o
  CC      drivers/base/power/clock_ops.o
  CC      drivers/esoc/esoc-mdm-drv.o
  CC      mm/pagewalk.o
  CC      net/ipv4/tcp_cong.o
  LD      lib/zlib_deflate/zlib_deflate.o
  CC      net/ipv6/ipv6_sockglue.o
  LD      lib/zlib_deflate/built-in.o
  CC      lib/textsearch.o
  CC      kernel/time/itimer.o
  CC      net/netfilter/nfnetlink.o
  CC      drivers/devfreq/devfreq_simple_dev.o
  CC      net/netlabel/netlabel_unlabeled.o
  CC      crypto/cryptd.o
  CC      lib/mpi/generic_mpih-rshift.o
  LD      kernel/rcu/built-in.o
  CC      crypto/des_generic.o
  LD      sound/usb/snd-usb-audio.o
  CC      net/ipv4/tcp_metrics.o
  CC      crypto/twofish_generic.o
  LD      sound/usb/snd-usbmidi-lib.o
  LD      sound/usb/built-in.o
  CC      net/core/utils.o
  LD      sound/built-in.o
  CC      net/core/link_watch.o
  CC      lib/ts_kmp.o
  CC      drivers/clk/qcom/clk-rcg2.o
  CC      drivers/esoc/esoc-mdm-dbg-eng.o
  CC      drivers/base/module.o
  CC      drivers/clk/qcom/clk-branch.o
  CC      drivers/clk/qcom/clk-regmap-divider.o
  CC      lib/mpi/generic_mpih-sub1.o
  LD      block/built-in.o
  CC      fs/proc_namespace.o
  CC      kernel/time/posix-timers.o
  LD      drivers/devfreq/built-in.o
  LD      drivers/base/power/built-in.o
  CC      fs/configfs/inode.o
  CC      net/rfkill/core.o
  CC      fs/crypto/crypto.o
  CC      drivers/edac/edac_pci_sysfs.o
  CC      kernel/profile.o
  CC      drivers/extcon/extcon.o
  LD      net/packet/built-in.o
  CC      drivers/base/soc.o
  CC      drivers/clk/qcom/clk-regmap-mux.o
  CC      fs/configfs/file.o
  CC      lib/mpi/generic_mpih-add1.o
  CC      drivers/edac/kryo3xx_arm64_edac.o
  CC      net/netlabel/netlabel_cipso_v4.o
  CC      drivers/base/pinctrl.o
  CC      net/ipv6/ndisc.o
  CC      lib/ts_bm.o
  CC      net/netfilter/nfnetlink_queue.o
  CC      kernel/time/posix-cpu-timers.o
  CC      crypto/twofish_common.o
  CC      net/core/filter.o
  CC      lib/mpi/mpicoder.o
  LD      drivers/esoc/built-in.o
  CC      net/ipv6/udp.o
  CC      kernel/sched/cputime.o
  CC      mm/pgtable-generic.o
  CC      crypto/aes_generic.o
  CC      kernel/stacktrace.o
  CC      net/netfilter/nfnetlink_log.o
  CC      fs/configfs/dir.o
  CC      drivers/base/platform-msi.o
  CC      net/rmnet_data/rmnet_data_main.o
  CC      drivers/clk/qcom/clk-regmap-mux-div.o
  CC      net/rmnet_data/rmnet_data_config.o
  CC      crypto/arc4.o
  CC      net/rmnet_data/rmnet_data_vnd.o
  CC      net/rmnet_data/rmnet_data_handlers.o
  LD      drivers/edac/edac_core.o
  CC      net/ipv4/tcp_fastopen.o
  CC      drivers/firmware/psci.o
  LD      drivers/edac/built-in.o
  CC      fs/crypto/fname.o
  LD      net/rfkill/rfkill.o
  LD      net/rfkill/built-in.o
  CC      net/netlabel/netlabel_calipso.o
  CC      mm/process_vm_access.o
  CC      net/core/sock_diag.o
  CC      net/ipv4/tcp_rate.o
  CC      drivers/extcon/devres.o
  CC      net/rmnet_data/rmnet_map_data.o
  CC      net/sched/sch_generic.o
  CC      crypto/deflate.o
  CC      net/ipv4/tcp_recovery.o
  CC      lib/mpi/mpi-bit.o
  CC      kernel/time/timekeeping.o
  CC      fs/debugfs/inode.o
  CC      kernel/sched/idle_task.o
  CC      net/netfilter/nf_conntrack_core.o
  LD      drivers/base/built-in.o
  CC      drivers/clk/qcom/clk-voter.o
  CC      fs/devpts/inode.o
  CC      drivers/firmware/qcom_scm.o
  CC      crypto/crc32c_generic.o
  CC      mm/showmem.o
  CC      kernel/trace/trace_output.o
  CC      fs/configfs/symlink.o
  CC      fs/ecryptfs/dentry.o
  CC      fs/crypto/hooks.o
  CC      drivers/clk/qcom/clk-dummy.o
  CC      fs/ecryptfs/file.o
  CC      drivers/extcon/extcon-gpio.o
  CC      fs/debugfs/file.o
  CC      lib/mpi/mpi-cmp.o
  CC      fs/crypto/keyinfo.o
  CC      net/netfilter/nf_conntrack_standalone.o
  CC      fs/ecryptfs/inode.o
  CC      kernel/time/ntp.o
  CC      lib/ts_fsm.o
  CC      lib/mpi/mpih-cmp.o
  CC      mm/vmpressure.o
  CC      net/rmnet_data/rmnet_map_command.o
  CC      crypto/crc32_generic.o
  LD      net/netlabel/built-in.o
  LD      fs/devpts/devpts.o
  LD      fs/devpts/built-in.o
  CC      drivers/firmware/qcom_scm-64.o
  CC      net/ipv6/udplite.o
  CC      fs/configfs/mount.o
  CC      net/ipv4/tcp_offload.o
  CC      drivers/gpio/devres.o
  CC      drivers/clk/qcom/clk-debug.o
  LD      drivers/extcon/extcon-core.o
  CC      kernel/sched/fair.o
  LD      drivers/extcon/built-in.o
  CC      net/netfilter/nf_conntrack_expect.o
  CC      net/unix/af_unix.o
  CC      fs/crypto/policy.o
  CC      kernel/sched/rt.o
  CC      net/rmnet_data/rmnet_data_stats.o
  CC      net/ipv6/raw.o
  CC      drivers/gpio/gpiolib.o
  CC      mm/init-mm.o
  CC      net/sched/sch_mq.o
  CC      drivers/hid/hid-core.o
  CC      net/unix/garbage.o
  CC      lib/mpi/mpih-div.o
  LD      fs/efivarfs/built-in.o
  CC      lib/mpi/mpih-mul.o
  CC      crypto/authenc.o
  CC      kernel/sched/deadline.o
  CC      fs/configfs/item.o
  CC      kernel/time/clocksource.o
  CC      net/core/dev_ioctl.o
  CC      fs/ecryptfs/main.o
  CC      lib/mpi/mpi-pow.o
  CC      drivers/firmware/efi/efi.o
  CC      mm/nobootmem.o
  CC      drivers/hid/hid-input.o
  LD      fs/debugfs/debugfs.o
  CC      net/netfilter/nf_conntrack_helper.o
  LD      fs/debugfs/built-in.o
  CC      drivers/clk/qcom/gdsc.o
  CC      lib/percpu_counter.o
  CC      drivers/gpu/drm/drm_crtc_helper.o
  CC      kernel/trace/trace_seq.o
  LD      net/rmnet_data/rmnet_data.o
  LD      net/rmnet_data/built-in.o
  CC      net/unix/sysctl_net_unix.o
  CC      fs/crypto/fscrypt_ice.o
  CC      drivers/gpu/vga/vgaarb.o
  CC      net/ipv6/icmp.o
  CC      drivers/gpio/gpiolib-legacy.o
  CC      net/sched/sch_api.o
  LD      fs/configfs/configfs.o
  LD      fs/configfs/built-in.o
  CC      drivers/gpio/gpiolib-of.o
  CC      drivers/gpio/gpiolib-sysfs.o
  CC      net/ipv4/datagram.o
  CC      drivers/gpu/msm/kgsl.o
  CC      drivers/clk/qcom/gdsc-regulator.o
  CC      kernel/time/jiffies.o
  CC      lib/mpi/mpiutil.o
  CC      fs/ecryptfs/super.o
  CC      kernel/trace/trace_stat.o
  CC      net/netfilter/nf_conntrack_proto.o
  CC      mm/fadvise.o
  CC      net/core/tso.o
  CC      drivers/firmware/efi/vars.o
  CC      drivers/gpu/msm/kgsl_trace.o
  CC      drivers/gpu/drm/drm_dp_helper.o
  CC      drivers/hwmon/hwmon.o
  CC      net/wireless/core.o
  CC      drivers/gpio/gpio-msm-smp2p.o
  CC      crypto/authencesn.o
  CC      fs/ecryptfs/mmap.o
  CC      fs/crypto/bio.o
  CC      kernel/sched/stop_task.o
  CC      mm/madvise.o
  CC      kernel/time/timer_list.o
  CC      net/ipv4/raw.o
  CC      kernel/trace/trace_printk.o
  CC      net/sched/sch_blackhole.o
  CC      drivers/clk/qcom/clk-cpu-osm.o
  LD      lib/mpi/mpi.o
  CC      net/wireless/sysfs.o
  LD      lib/mpi/built-in.o
  CC      lib/audit.o
  CC      drivers/hwmon/qpnp-adc-voltage.o
  CC      drivers/firmware/efi/reboot.o
  LD      drivers/gpu/vga/built-in.o
  CC      net/netfilter/nf_conntrack_l3proto_generic.o
  CC      net/ipv4/udp.o
  LD      net/unix/unix.o
  LD      net/unix/built-in.o
  CC      kernel/time/timeconv.o
  CC      net/netfilter/nf_conntrack_proto_generic.o
  CC      drivers/clk/qcom/clk-qpnp-div.o
  CC      drivers/hid/hid-debug.o
  CC      drivers/hwmon/qpnp-adc-common.o
  CC      crypto/lzo.o
  CC      lib/swiotlb.o
  CC      drivers/hid/uhid.o
  CC      fs/ecryptfs/read_write.o
  LD      drivers/gpio/built-in.o
  CC      drivers/firmware/efi/memattr.o
  CC      crypto/lz4.o
  CC      drivers/gpu/msm/kgsl_drawobj.o
  CC      drivers/clk/qcom/camcc-sdm845.o
  CC      fs/ecryptfs/crypto.o
  LD      fs/crypto/fscrypto.o
  CC      mm/memblock.o
  LD      fs/crypto/built-in.o
  CC      drivers/gpu/drm/drm_probe_helper.o
  CC      net/ipv6/mcast.o
  CC      drivers/hwspinlock/hwspinlock_core.o
  CC      net/core/sock_reuseport.o
  CC      drivers/hwspinlock/msm_remote_spinlock.o
  CC      kernel/sched/wait.o
  CC      net/netfilter/nf_conntrack_proto_tcp.o
  CC      kernel/time/posix-clock.o
  CC      kernel/trace/trace_sched_switch.o
  CC      crypto/rng.o
  CC      kernel/trace/trace_cpu_freq_switch.o
  CC      net/ipv4/udplite.o
  CC      drivers/firmware/efi/capsule.o
  CC      drivers/firmware/efi/memmap.o
  CC      net/ipv6/reassembly.o
  CC      kernel/trace/trace_nop.o
  CC      drivers/clk/qcom/clk-aop-qmp.o
  CC      net/sched/cls_api.o
  CC      drivers/hid/hid-generic.o
  CC      drivers/firmware/efi/esrt.o
  CC      net/core/flow.o
  CC      net/sched/act_api.o
  CC      drivers/firmware/efi/runtime-wrappers.o
  LD      drivers/hwspinlock/built-in.o
  CC      lib/iommu-common.o
  CC      drivers/clk/qcom/clk-rpmh.o
  CC      drivers/firmware/qcom/tz_log.o
  CC      mm/page_io.o
  CC      net/wireless/radiotap.o
  CC      kernel/time/alarmtimer.o
  CC      drivers/gpu/msm/kgsl_ioctl.o
  CC      fs/ecryptfs/keystore.o
  CC      kernel/trace/blktrace.o
  CC      net/ipv6/tcp_ipv6.o
  CC      drivers/gpu/drm/drm_plane_helper.o
  CC      kernel/time/clockevents.o
  CC      drivers/hid/hid-apple.o
  CC      net/ipv6/ping.o
  LD      drivers/hwmon/built-in.o
  CC      kernel/futex.o
  CC      drivers/gpu/drm/drm_dp_mst_topology.o
  CC      crypto/ansi_cprng.o
  CC      net/sched/act_gact.o
  CC      kernel/trace/trace_events.o
  CC      kernel/sched/swait.o
  CC      drivers/gpu/msm/kgsl_sharedmem.o
  CC      drivers/hid/hid-elecom.o
  CC      drivers/clk/qcom/dispcc-sdm845.o
  CC      mm/swap_state.o
  LD      drivers/firmware/qcom/built-in.o
  CC      net/sched/act_mirred.o
  CC      net/netfilter/nf_conntrack_proto_udp.o
  CC      kernel/futex_compat.o
  CC      lib/syscall.o
  CC      net/xfrm/xfrm_policy.o
  CC      drivers/firmware/efi/libstub/arm-stub.o
  CC      lib/dynamic_debug.o
  CC      net/ipv6/exthdrs.o
  CC      drivers/hid/hid-lg.o
  CC      crypto/drbg.o
  CC      net/core/net-sysfs.o
  CC      mm/swapfile.o
  CC      net/wireless/util.o
  CC      kernel/time/tick-common.o
  CC      fs/ecryptfs/kthread.o
  CC      drivers/clk/qcom/gcc-sdm845.o
  CC      fs/ecryptfs/debug.o
  CC      kernel/trace/trace_export.o
  CC      drivers/gpu/msm/kgsl_pwrctrl.o
  CC      net/ipv6/datagram.o
  CC      drivers/gpu/msm/kgsl_pwrscale.o
  CC      net/ipv4/udp_offload.o
  CC      drivers/gpu/msm/kgsl_mmu.o
  CC      net/sched/act_skbedit.o
  CC      net/xfrm/xfrm_state.o
  CC      drivers/firmware/efi/libstub/arm64-stub.o
  CC      drivers/gpu/msm/kgsl_snapshot.o
  CC      net/ipv4/arp.o
  CC      drivers/gpu/drm/drm_atomic_helper.o
  CC      kernel/smp.o
  CC      fs/ecryptfs/messaging.o
  CC      drivers/firmware/efi/libstub/efi-stub-helper.o
  CC      net/ipv6/ip6_flowlabel.o
  CC      drivers/hid/hid-magicmouse.o
  CC      drivers/clk/qcom/debugcc-sdm845.o
  CC      net/sched/sch_fifo.o
  CC      drivers/gpu/drm/drm_kms_helper_common.o
  CC      drivers/firmware/efi/arm-init.o
  CC      crypto/jitterentropy-kcapi.o
  CC      net/ipv4/icmp.o
  CC      kernel/time/tick-broadcast.o
  CC      lib/nlattr.o
  CC      net/netfilter/nf_conntrack_extend.o
  CC      net/ipv6/inet6_connection_sock.o
  CC      kernel/trace/trace_event_perf.o
  CC      drivers/clk/qcom/gpucc-sdm845.o
  CC      drivers/hid/hid-microsoft.o
  CC      net/xfrm/xfrm_hash.o
  CC      kernel/trace/trace_events_filter.o
  CC      fs/ecryptfs/miscdev.o
  CC      crypto/ghash-generic.o
  CC      drivers/firmware/efi/libstub/fdt.o
  CC      kernel/time/tick-broadcast-hrtimer.o
  CC      net/netfilter/nf_conntrack_acct.o
  CC      net/compat.o
  CC      kernel/sched/completion.o
  CC      drivers/hid/hid-multitouch.o
  CC      net/xfrm/xfrm_input.o
  CC      crypto/asymmetric_keys/asymmetric_type.o
  CC      drivers/clk/qcom/videocc-sdm845.o
  CC      crypto/asymmetric_keys/restrict.o
  CC      net/core/net-procfs.o
  CC      net/sched/sch_htb.o
  CC      fs/ext4/balloc.o
  CC      kernel/time/sched_clock.o
  CC      mm/swap_ratio.o
  CC      drivers/clk/qcom/mdss/mdss-pll-util.o
  CC      net/sysctl_net.o
  CC      fs/f2fs/dir.o
  CC      drivers/firmware/efi/libstub/gop.o
  CC      mm/dmapool.o
  CC      net/netfilter/nf_conntrack_seqadj.o
  CC      lib/cpu_rmap.o
  CC      kernel/sched/idle.o
  LD      fs/ecryptfs/ecryptfs.o
  CC      drivers/gpu/msm/kgsl_events.o
  LD      fs/ecryptfs/built-in.o
  CC      fs/f2fs/file.o
  CC      net/xfrm/xfrm_output.o
  CC      net/core/fib_rules.o
  CC      net/wireless/reg.o
  CC      kernel/time/tick-oneshot.o
  CC      net/ipv4/devinet.o
  CC      drivers/hid/hid-pl.o
  CC      fs/f2fs/inode.o
  CC      drivers/firmware/efi/arm-runtime.o
  CC      drivers/gpu/drm/drm_dp_dual_mode_helper.o
  CC      drivers/clk/qcom/mdss/mdss-pll.o
  CC      fs/f2fs/namei.o
  CC      net/sched/sch_ingress.o
  CC      drivers/hwtracing/coresight/coresight.o
  CC      drivers/firmware/efi/libstub/random.o
  CC      lib/strncpy_from_user.o
  CC      drivers/hid/hid-plantronics.o
  CC      net/ipv6/udp_offload.o
  CC      crypto/asymmetric_keys/signature.o
  CC      drivers/hwtracing/coresight/coresight-etm-perf.o
  CC      kernel/time/tick-sched.o
  CC      fs/f2fs/hash.o
  CC      kernel/trace/trace_events_trigger.o
  CC      drivers/hwtracing/coresight/of_coresight.o
  CC      fs/ext4/bitmap.o
  CC      mm/sparse.o
  CC      kernel/sched/cpupri.o
  CC      kernel/time/timekeeping_debug.o
  CC      net/wireless/scan.o
  CC      drivers/gpu/msm/kgsl_pool.o
  STUBCPY drivers/firmware/efi/libstub/arm-stub.stub.o
  CC      net/wireless/nl80211.o
  CC      drivers/hid/hid-sony.o
  STUBCPY drivers/firmware/efi/libstub/arm64-stub.stub.o
  CC      drivers/clk/qcom/mdss/mdss-dsi-pll-10nm.o
  STUBCPY drivers/firmware/efi/libstub/efi-stub-helper.stub.o
  STUBCPY drivers/firmware/efi/libstub/fdt.stub.o
  STUBCPY drivers/firmware/efi/libstub/gop.stub.o
  STUBCPY drivers/firmware/efi/libstub/random.stub.o
  AR      drivers/firmware/efi/libstub/lib.a
  CC      drivers/hwtracing/stm/core.o
  LD      drivers/clk/qcom/clk-qcom.o
  EXPORTS drivers/firmware/efi/libstub/lib-ksyms.o
  CC      drivers/clk/qcom/mdss/mdss-dp-pll-10nm.o
  CC      net/sched/sch_prio.o
  CC      lib/strnlen_user.o
  CC      kernel/uid16.o
  CC      crypto/asymmetric_keys/public_key.o
  CC      crypto/ablk_helper.o
  CC      kernel/sched/cpudeadline.o
  CC      net/xfrm/xfrm_sysctl.o
  LD      drivers/firmware/efi/libstub/built-in.o
  CC      net/ipv6/sysctl_net_ipv6.o
  LD      drivers/firmware/efi/built-in.o
  LD      drivers/firmware/built-in.o
  CC      drivers/gpu/drm/drm_simple_kms_helper.o
  CC      fs/ext4/dir.o
  CC      lib/net_utils.o
  CC      drivers/hwtracing/coresight/coresight-tmc.o
  CC      drivers/hwtracing/stm/policy.o
  CC      net/wireless/mlme.o
  CC      net/netfilter/nf_conntrack_ecache.o
  CC      drivers/gpu/drm/drm_modeset_helper.o
  CC      kernel/trace/power-traces.o
  CC      kernel/module.o
  CC      net/core/net-traces.o
  LD      kernel/time/built-in.o
  CC      mm/sparse-vmemmap.o
  CC      drivers/i2c/i2c-boardinfo.o
  CC      lib/sg_pool.o
  CC      kernel/sched/energy.o
  CC      drivers/gpu/msm/kgsl_gmu.o
  CC      drivers/clk/qcom/mdss/mdss-dp-pll-10nm-util.o
  CC      drivers/hid/usbhid/hid-core.o
  CC      fs/fat/cache.o
  CC      net/ipv4/af_inet.o
  CC      net/ipv6/xfrm6_policy.o
  CC      net/sched/sch_multiq.o
  CC      drivers/hwtracing/coresight/coresight-tmc-etf.o
  CC      crypto/asymmetric_keys/x509_cert_parser.o
  CC      net/xfrm/xfrm_replay.o
  CC      fs/ext4/file.o
  CC      net/netfilter/nf_conntrack_proto_dccp.o
  CC      drivers/gpu/drm/drm_auth.o
  CC      drivers/gpu/msm/kgsl_hfi.o
  CC      net/core/sockev_nlmcast.o
  LD      drivers/hwtracing/stm/stm_core.o
  LD      drivers/hwtracing/stm/built-in.o
  CC      mm/slub.o
  CC      fs/f2fs/super.o
  CC      mm/migrate.o
  CC      lib/asn1_decoder.o
  CC      drivers/i2c/i2c-core.o
  CC      fs/ext4/fsync.o
  CC      kernel/sched/sched_avg.o
  CC      net/xfrm/xfrm_proc.o
  CC      fs/fat/dir.o
  CC      drivers/hwtracing/coresight/coresight-tmc-etr.o
  CC      drivers/hid/usbhid/hid-quirks.o
  LD      drivers/clk/qcom/mdss/built-in.o
  LD      drivers/clk/qcom/built-in.o
  LD      drivers/clk/built-in.o
  CC      fs/fat/fatent.o
  CC      crypto/asymmetric_keys/x509_public_key.o
  CC      drivers/gpu/msm/kgsl_iommu.o
  CC      net/ipv6/xfrm6_state.o
  CC      net/sched/cls_u32.o
  CC      fs/ext4/ialloc.o
  CC      net/netfilter/nf_conntrack_proto_gre.o
  CC      net/ipv4/igmp.o
  CC      kernel/kallsyms.o
  CC      fs/fat/file.o
  CC      fs/fuse/dev.o
  CC      lib/oid_registry.o
  CC      drivers/gpu/drm/drm_bufs.o
  CC      fs/fuse/dir.o
  CC      drivers/hwtracing/coresight/coresight-byte-cntr.o
  CC      mm/page_counter.o
  CC      fs/fuse/file.o
  LD      drivers/hid/usbhid/usbhid.o
  LD      drivers/hid/usbhid/built-in.o
  LD      drivers/hid/hid.o
  CC      crypto/asymmetric_keys/pkcs7_parser.o
  LD      crypto/crypto.o
  LD      drivers/hid/hid-logitech.o
  CC      fs/ext4/inode.o
  LD      drivers/hid/built-in.o
  CC      kernel/trace/rpm-traces.o
  CC      fs/f2fs/inline.o
  CC      kernel/sched/walt.o
  CC      net/xfrm/xfrm_algo.o
  CC      fs/fat/inode.o
  CC      drivers/hwtracing/coresight/coresight-funnel.o
  CC      lib/ucs2_string.o
  CC      kernel/compat.o
  CC      net/core/dst_cache.o
  CC      net/ipv6/xfrm6_input.o
  CC      fs/fuse/inode.o
  CC      net/wireless/ibss.o
  LD      crypto/crypto_algapi.o
  CC      net/sched/cls_fw.o
  CC      kernel/trace/msm_rtb.o
  CC      fs/f2fs/checkpoint.o
  CC      fs/jbd2/transaction.o
  CC      crypto/asymmetric_keys/pkcs7_trust.o
  CC      fs/ext4/page-io.o
  CC      net/wireless/sme.o
  CC      drivers/gpu/drm/drm_cache.o
  CC      lib/sbitmap.o
  CC      drivers/hwtracing/coresight/coresight-replicator.o
  CC      net/netfilter/nf_conntrack_proto_sctp.o
  LD      crypto/crypto_blkcipher.o
  CC      kernel/sched/boost.o
  CC      fs/jbd2/commit.o
  CC      drivers/gpu/msm/kgsl_debugfs.o
  CC      mm/memcontrol.o
  CC      fs/kernfs/mount.o
  CC      net/netfilter/nf_conntrack_proto_udplite.o
  CC      drivers/i2c/i2c-dev.o
  CC      net/sched/ematch.o
  CC      crypto/asymmetric_keys/pkcs7_verify.o
  CC      fs/jbd2/recovery.o
  CC      kernel/trace/ipc_logging.o
  CC      drivers/gpu/msm/kgsl_sync.o
  CC      drivers/hwtracing/coresight/coresight-replicator-qcom.o
  CC      net/xfrm/xfrm_user.o
  LD      net/core/built-in.o
  CC      fs/fat/misc.o
  CC      fs/jbd2/checkpoint.o
  CC      fs/kernfs/inode.o
  CC      net/ipv6/xfrm6_output.o
  CC      kernel/trace/ipc_logging_debug.o
  CC      lib/qmi_encdec.o
  CC      drivers/gpu/msm/kgsl_compat.o
  CC      kernel/cgroup.o
  CC      drivers/gpu/drm/drm_context.o
  CC      net/ipv4/fib_frontend.o
  CC      kernel/sched/auto_group.o
  LD      crypto/asymmetric_keys/asymmetric_keys.o
  LD      crypto/asymmetric_keys/x509_key_parser.o
  CC      fs/fuse/control.o
  LD      crypto/asymmetric_keys/pkcs7_message.o
  CC      drivers/i2c/i2c-mux.o
  CC      net/xfrm/xfrm_ipcomp.o
  LD      crypto/asymmetric_keys/built-in.o
  LD      crypto/crypto_hash.o
  LD      crypto/rsa_generic.o
  LD      crypto/cryptomgr.o
  CC      net/ipv6/xfrm6_protocol.o
  CC      net/sched/em_cmp.o
  LD      crypto/jitterentropy_rng.o
  CC      net/wireless/chan.o
  LD      crypto/built-in.o
  CC      drivers/hwtracing/coresight/coresight-stm.o
  CC      fs/f2fs/gc.o
  CC      fs/fat/nfs.o
  CC      net/netfilter/nf_conntrack_netlink.o
  CC      fs/jbd2/revoke.o
  CC      fs/fat/namei_vfat.o
  CC      net/ipv4/fib_semantics.o
  CC      net/netfilter/nf_conntrack_amanda.o
  CC      fs/kernfs/dir.o
  CC      kernel/sched/stats.o
  CC      drivers/gpu/drm/drm_dma.o
  CC      net/ipv4/fib_trie.o
  CC      drivers/gpu/msm/adreno_ioctl.o
  CC      lib/argv_split.o
  CC      fs/ext4/ioctl.o
  LD      kernel/trace/built-in.o
  CC      fs/fuse/xattr.o
  CC      drivers/gpu/drm/drm_fops.o
  CC      fs/f2fs/data.o
  CC      lib/bug.o
  CC      net/sched/em_nbyte.o
  CC      fs/fuse/acl.o
  CC      fs/kernfs/file.o
  CC      fs/jbd2/journal.o
  CC      kernel/sched/debug.o
  CC      drivers/i2c/algos/i2c-algo-bit.o
  CC      drivers/gpu/msm/adreno_ringbuffer.o
  CC      lib/chacha20.o
  CC      net/ipv4/inet_fragment.o
  CC      kernel/sched/tune.o
  CC      net/ipv6/netfilter.o
  CC      fs/fat/namei_msdos.o
  CC      drivers/gpu/msm/adreno_drawctxt.o
  CC      drivers/hwtracing/coresight/coresight-ost.o
  CC      fs/fuse/passthrough.o
  CC      drivers/gpu/drm/drm_gem.o
  CC      fs/nls/nls_base.o
  LD      net/xfrm/built-in.o
  CC      drivers/gpu/msm/adreno_dispatch.o
  CC      net/sched/em_u32.o
  CC      fs/nls/nls_cp437.o
  CC      drivers/i2c/busses/i2c-qcom-geni.o
  CC      drivers/iio/industrialio-core.o
  CC      fs/ext4/namei.o
  CC      net/wireless/ethtool.o
  CC      kernel/sched/cpuacct.o
  CC      lib/cpumask.o
  CC      net/sched/em_meta.o
  CC      fs/kernfs/symlink.o
  LD      fs/fat/fat.o
  LD      fs/fat/vfat.o
  LD      fs/fat/msdos.o
  LD      fs/fat/built-in.o
  CC      drivers/hwtracing/coresight/coresight-tpda.o
  CC      fs/nls/nls_iso8859-1.o
  LD      drivers/i2c/algos/built-in.o
  CC      net/sched/em_text.o
  LD      fs/fuse/fuse.o
  CC      net/netfilter/nf_conntrack_ftp.o
  LD      fs/fuse/built-in.o
  CC      drivers/gpu/drm/drm_ioctl.o
  CC      drivers/hwtracing/coresight/coresight-tpdm.o
  CC      fs/notify/fsnotify.o
  CC      fs/f2fs/node.o
  CC      net/ipv6/fib6_rules.o
  CC      net/wireless/mesh.o
  CC      mm/page_isolation.o
  CC      kernel/cgroup_freezer.o
  CC      fs/notify/notification.o
  LD      fs/kernfs/built-in.o
  CC      drivers/gpu/drm/drm_irq.o
  CC      net/wireless/ap.o
  CC      fs/nls/nls_utf8.o
  CC      fs/notify/group.o
  CC      kernel/sched/cpufreq.o
  CC      net/ipv6/proc.o
  CC      net/ipv4/ping.o
  CC      lib/decompress_bunzip2.o
  LD      drivers/i2c/busses/built-in.o
  CC      drivers/gpu/msm/adreno_snapshot.o
  LD      drivers/i2c/built-in.o
  CC      net/netfilter/nf_conntrack_h323_main.o
  CC      drivers/iio/industrialio-event.o
  CC      fs/ext4/super.o
  CC      kernel/cpuset.o
  LD      fs/nls/built-in.o
  CC      fs/notify/inode_mark.o
  CC      net/ipv6/calipso.o
  CC      net/ipv4/ip_tunnel_core.o
  CC      mm/zpool.o
  CC      drivers/hwtracing/coresight/coresight-event.o
  CC      drivers/gpu/msm/adreno_coresight.o
  LD      net/sched/built-in.o
  CC      mm/zsmalloc.o
  LD      fs/jbd2/jbd2.o
  CC      lib/decompress_inflate.o
  CC      lib/decompress_unlzma.o
  CC      drivers/input/input.o
  LD      fs/jbd2/built-in.o
  CC      fs/ext4/symlink.o
  CC      net/ipv4/gre_offload.o
  CC      kernel/sched/cpufreq_schedutil.o
  GZIP    kernel/config_data.gz
  CC      drivers/hwtracing/coresight/coresight-cti.o
  CC      kernel/sched/core_ctl.o
  CC      net/ipv6/ah6.o
  CC      net/netfilter/nf_conntrack_irc.o
  CC      fs/notify/mark.o
  CC      fs/ext4/hash.o
  CC      drivers/iio/inkern.o
  CC      net/ipv6/esp6.o
  CC      drivers/gpu/msm/adreno_trace.o
  CC      fs/ext4/resize.o
  CC      fs/f2fs/segment.o
  CC      fs/notify/vfsmount_mark.o
  CC      lib/dma-noop.o
  CC      net/ipv6/ipcomp6.o
  CC      fs/ext4/extents.o
  CC      drivers/gpu/drm/drm_lock.o
  CC      net/netfilter/nf_conntrack_broadcast.o
  CC      net/ipv6/xfrm6_tunnel.o
  CC      drivers/hwtracing/coresight/coresight-csr.o
  CC      net/ipv4/ip_tunnel.o
  CC      drivers/hwtracing/coresight/coresight-hwevent.o
  CC      fs/notify/fdinfo.o
  CC      mm/z3fold.o
  CC      lib/dump_stack.o
  CC      drivers/input/serio/serio.o
  CC      fs/notify/dnotify/dnotify.o
  CC      drivers/iio/adc/qcom-rradc.o
  CC      net/netfilter/nf_conntrack_netbios_ns.o
  CC      drivers/input/serio/libps2.o
  CC      net/wireless/trace.o
  CC      drivers/hwtracing/coresight/coresight-dummy.o
  CC      net/ipv4/sysctl_net_ipv4.o
  CC      net/ipv6/tunnel6.o
  CC      kernel/stop_machine.o
  CC      drivers/input/input-compat.o
  CC      fs/f2fs/recovery.o
  CC      drivers/gpu/msm/adreno_a3xx.o
  CC      drivers/gpu/drm/drm_memory.o
  CC      fs/ext4/ext4_jbd2.o
  CC      fs/proc/task_mmu.o
  CC      fs/f2fs/shrinker.o
  CC      net/wireless/ocb.o
  LD      kernel/sched/built-in.o
  CC      lib/extable.o
  CC      drivers/gpu/drm/drm_drv.o
  LD      fs/notify/dnotify/built-in.o
  CC      net/wireless/regdb.o
  CC      mm/early_ioremap.o
  CC      fs/notify/inotify/inotify_fsnotify.o
  CC      fs/pstore/inode.o
  CC      drivers/gpu/msm/adreno_a4xx.o
  CC      drivers/gpu/msm/adreno_a5xx.o
  CC      net/ipv4/sysfs_net_ipv4.o
  LD      drivers/hwtracing/coresight/built-in.o
  CC      drivers/input/input-mt.o
  CC      drivers/input/ff-core.o
  LD      drivers/iio/adc/built-in.o
  CC      lib/idr.o
  CC      fs/pstore/platform.o
  CC      drivers/gpu/msm/adreno_a6xx.o
  CC      net/ipv6/xfrm6_mode_transport.o
  CC      net/netfilter/nf_conntrack_pptp.o
  CC      net/ipv4/proc.o
  LD      drivers/input/serio/built-in.o
  CC      fs/proc/inode.o
  CC      fs/notify/inotify/inotify_user.o
  CC      kernel/audit.o
  CC      mm/cma.o
  CC      drivers/gpu/drm/drm_vm.o
  CC      net/ipv6/xfrm6_mode_tunnel.o
  LD      drivers/iio/industrialio.o
  LD      drivers/iio/built-in.o
  CC      drivers/gpu/msm/adreno_a3xx_snapshot.o
  CC      fs/f2fs/extent_cache.o
  CC      fs/ext4/migrate.o
  CC      net/ipv4/fib_rules.o
  CC      fs/quota/dquot.o
  CC      fs/ext4/mballoc.o
  CC      mm/usercopy.o
  CC      drivers/iommu/iommu.o
  CC      drivers/gpu/msm/adreno_a4xx_snapshot.o
  CC      fs/f2fs/sysfs.o
  CC      net/netfilter/nf_conntrack_sane.o
  CC      drivers/input/input-leds.o
  CC      fs/proc/root.o
  CC      fs/quota/quota_v2.o
  LD      fs/notify/inotify/built-in.o
  CC      lib/ioremap.o
  LD      fs/notify/built-in.o
  CC      net/ipv6/xfrm6_mode_beet.o
  CC      net/netfilter/nf_conntrack_tftp.o
  CC      fs/f2fs/debug.o
  CC      fs/proc/base.o
  CC      fs/pstore/ram.o
  CC      drivers/iommu/iommu-traces.o
  CC      kernel/auditfilter.o
  CC      fs/quota/quota_tree.o
  CC      fs/proc/generic.o
  CC      net/netfilter/nf_log_common.o
  CC      drivers/gpu/drm/drm_scatter.o
  CC      drivers/input/mousedev.o
  CC      net/ipv6/mip6.o
  LD      mm/built-in.o
  CC      fs/proc/array.o
  CC      net/ipv4/udp_tunnel.o
  CC      kernel/seccomp.o
  CC      net/wireless/wext-core.o
  CC      fs/ramfs/inode.o
  CC      net/netfilter/nf_nat_core.o
  CC      drivers/gpu/drm/drm_pci.o
  CC      lib/is_single_threaded.o
  CC      fs/pstore/ram_core.o
  CC      drivers/irqchip/irqchip.o
  CC      fs/f2fs/xattr.o
  CC      net/wireless/wext-proc.o
  CC      fs/ramfs/file-mmu.o
  CC      lib/klist.o
  CC      drivers/leds/led-core.o
  CC      net/ipv4/ip_vti.o
  CC      drivers/iommu/iommu-sysfs.o
  CC      fs/quota/quota.o
  CC      drivers/irqchip/irq-gic.o
  CC      drivers/input/evdev.o
  CC      fs/f2fs/acl.o
  CC      drivers/gpu/drm/drm_platform.o
  CC      net/wireless/wext-spy.o
  LD      fs/ramfs/ramfs.o
  CC      fs/proc/fd.o
  CC      drivers/irqchip/irq-gic-common.o
  LD      fs/ramfs/built-in.o
  CC      drivers/gpu/drm/drm_sysfs.o
  CC      kernel/utsname_sysctl.o
  LD      fs/pstore/pstore.o
  LD      fs/pstore/ramoops.o
  LD      fs/pstore/built-in.o
  CC      drivers/input/joystick/xpad.o
  CC      net/ipv4/ah4.o
  CC      drivers/iommu/dma-iommu.o
  CC      net/ipv6/ip6_vti.o
  CC      kernel/taskstats.o
  CC      net/ipv6/netfilter/ip6_tables.o
  CC      net/ipv6/netfilter/ip6table_filter.o
  CC      net/netfilter/nf_nat_proto_unknown.o
  CC      drivers/leds/led-class.o
  CC      drivers/gpu/drm/drm_hashtab.o
  CC      lib/kobject.o
  CC      net/ipv6/netfilter/ip6table_mangle.o
  CC      fs/proc/proc_tty.o
  CC      kernel/tsacct.o
  CC      drivers/gpu/msm/adreno_a5xx_snapshot.o
  LD      fs/f2fs/f2fs.o
  CC      drivers/input/keyboard/atkbd.o
  CC      drivers/iommu/msm_dma_iommu_mapping.o
  LD      fs/f2fs/built-in.o
  CC      net/ipv6/sit.o
  CC      fs/ext4/block_validity.o
  CC      fs/quota/kqid.o
  CC      kernel/tracepoint.o
  CC      lib/kobject_uevent.o
  CC      drivers/input/misc/qpnp-power-on.o
  CC      drivers/mailbox/mailbox.o
  CC      drivers/irqchip/irq-gic-v2m.o
  CC      net/ipv6/netfilter/ip6table_raw.o
  CC      drivers/irqchip/irq-gic-v3.o
  CC      drivers/leds/led-triggers.o
  CC      fs/proc/cmdline.o
  CC      fs/quota/netlink.o
  CC      drivers/input/misc/uinput.o
  LD      drivers/input/joystick/built-in.o
  CC      net/ipv4/esp4.o
  CC      drivers/leds/leds-qpnp.o
  CC      net/netfilter/nf_nat_proto_common.o
  CC      net/netfilter/nf_nat_proto_udp.o
  CC      net/wireless/wext-priv.o
  CC      drivers/gpu/drm/drm_mm.o
  CC      drivers/iommu/io-pgtable.o
  CC      drivers/input/keyboard/gpio_keys.o
  CC      drivers/md/dm-uevent.o
  CC      drivers/gpu/msm/adreno_a6xx_snapshot.o
  CC      fs/proc/consoles.o
  CC      net/netfilter/nf_nat_proto_tcp.o
  CC      drivers/media/dvb-core/dvbdev.o
  CC      drivers/mfd/mfd-core.o
  CC      fs/ext4/move_extent.o
  CC      drivers/irqchip/irq-gic-v3-its.o
  CC      drivers/mailbox/qcom-rpmh-mailbox.o
  CC      drivers/gpu/msm/adreno_a4xx_preempt.o
  CC      kernel/elfcore.o
  CC      fs/proc/cpuinfo.o
  CC      lib/nmi_backtrace.o
  CC      drivers/leds/leds-qpnp-flash-v2.o
  CC      net/ipv4/ipcomp.o
  CC      net/ipv4/xfrm4_tunnel.o
  CC      drivers/iommu/io-pgtable-arm.o
  LD      fs/quota/built-in.o
  CC      fs/proc/cpu_time_stat.o
  CC      net/ipv6/ip6_tunnel.o
  CC      kernel/irq_work.o
  CC      drivers/media/dvb-core/dmxdev.o
  CC      drivers/misc/mm_tuner/src/tuner_drv.o
  CC      drivers/mmc/card/block.o
  CC      drivers/md/dm.o
  LD      drivers/input/keyboard/built-in.o
  CC      drivers/gpu/msm/adreno_a5xx_preempt.o
  CC      fs/ext4/mmp.o
  CC      drivers/leds/leds-qpnp-flash-common.o
  CC      drivers/gpu/drm/drm_crtc.o
  CC      drivers/md/dm-table.o
  CC      lib/nodemask.o
  CC      drivers/mailbox/msm_qmp.o
  CC      fs/sdcardfs/dentry.o
  CC      drivers/mfd/qcom-spmi-pmic.o
  CC      drivers/mmc/core/core.o
  CC      net/ipv6/netfilter/nf_conntrack_l3proto_ipv6.o
  CC      fs/proc/devices.o
  CC      drivers/net/bonding/bond_main.o
  LD      drivers/input/misc/built-in.o
  CC      drivers/irqchip/irq-gic-v3-its-pci-msi.o
  CC      net/ipv6/netfilter/nf_conntrack_proto_icmpv6.o
  CC      drivers/input/touchscreen/of_touchscreen.o
  CC      net/netfilter/nf_nat_helper.o
  CC      fs/sdcardfs/file.o
  CC      drivers/misc/hdcp_qseecom.o
  CC      kernel/cpu_pm.o
  CC      drivers/mmc/core/bus.o
  CC      net/ipv4/xfrm4_mode_beet.o
  CC      drivers/misc/msm_hdcp.o
  CC      drivers/iommu/iova.o
  CC      net/netfilter/nf_nat_redirect.o
  CC      drivers/mfd/syscon.o
  CC      fs/ext4/indirect.o
  CC      fs/proc/interrupts.o
  CC      drivers/misc/mm_tuner/src/tuner_drv_hw.o
  CC      lib/radix-tree.o
  CC      lib/ratelimit.o
  LD      drivers/mailbox/built-in.o
  CC      net/ipv4/tunnel4.o
  CC      net/ipv4/xfrm4_mode_transport.o
  CC      drivers/gpu/msm/adreno_a6xx_preempt.o
  CC      drivers/irqchip/irq-gic-v3-its-platform-msi.o
  CC      fs/sdcardfs/inode.o
  CC      kernel/memremap.o
  CC      net/ipv6/netfilter/nf_defrag_ipv6_hooks.o
  CC      drivers/misc/mm_tuner/src/tuner_drv_hw_spi.o
  CC      drivers/leds/leds-qpnp-wled.o
  CC      fs/proc/loadavg.o
  CC      drivers/input/touchscreen/synaptics_dsx/synaptics_dsx_i2c.o
  CC      drivers/mmc/card/queue.o
  CC      drivers/gpu/drm/drm_fourcc.o
  CC      drivers/gpu/drm/drm_modes.o
  LD      drivers/mfd/built-in.o
  CC      drivers/irqchip/irq-partition-percpu.o
  CC      kernel/crash_notes.o
  CC      drivers/mmc/core/host.o
  CC      drivers/md/dm-target.o
  CC      fs/proc/meminfo.o
  CC      drivers/gpu/msm/adreno_sysfs.o
  CC      drivers/leds/leds-qpnp-haptics.o
  CC      drivers/iommu/io-pgtable-fast.o
  LD      net/wireless/cfg80211.o
  CC      drivers/input/touchscreen/synaptics_dsx/synaptics_dsx_core.o
  CC      drivers/input/touchscreen/synaptics_dsx_2.6/synaptics_dsx_i2c.o
  CC      fs/proc/stat.o
  CC      fs/proc/uptime.o
  CC      lib/seq_buf.o
  LD      net/wireless/built-in.o
  CC      fs/ext4/extents_status.o
  LD      drivers/misc/mm_tuner/mm_tuner.o
  CHK     kernel/config_data.h
  CC      fs/sdcardfs/main.o
  LD      drivers/misc/mm_tuner/built-in.o
  UPD     kernel/config_data.h
  CC      drivers/misc/qseecom.o
  CC      net/ipv6/netfilter/nf_conntrack_reasm.o
  CC      fs/sdcardfs/super.o
  CC      fs/sysfs/file.o
  CC      net/netfilter/nf_nat_proto_dccp.o
  CC      net/ipv4/xfrm4_mode_tunnel.o
  CC      drivers/media/dvb-core/dvb_demux.o
  CC      drivers/net/bonding/bond_3ad.o
  CC      drivers/media/dvb-core/dvb_filter.o
  CC      drivers/irqchip/msm_show_resume_irq.o
  CC      kernel/configs.o
  CC      drivers/iommu/dma-mapping-fast.o
  CC      drivers/irqchip/qcom/pdc.o
  CC      drivers/gpu/msm/adreno.o
  CC      drivers/misc/memory_state_time.o
  CC      drivers/net/bonding/bond_alb.o
  CC      lib/vsprintf.o
  CC      fs/ext4/xattr.o
  CC      fs/proc/version.o
  CC      drivers/media/dvb-core/dvb_ca_en50221.o
  LD      drivers/mmc/card/mmc_block.o
  LD      drivers/mmc/card/built-in.o
  CC      drivers/md/dm-linear.o
  CC      fs/ext4/xattr_user.o
  CC      drivers/iommu/of_iommu.o
  CC      net/ipv4/ipconfig.o
  LD      kernel/built-in.o
  CC      drivers/gpu/drm/drm_edid.o
  CC      fs/sysfs/dir.o
  CC      drivers/mmc/host/sdhci.o
  CC      fs/proc/softirqs.o
  CC      net/ipv6/netfilter/nf_log_ipv6.o
  CC      net/ipv6/addrconf_core.o
  CC      fs/sdcardfs/lookup.o
  LD      drivers/input/touchscreen/synaptics_dsx_2.6/built-in.o
  CC      lib/win_minmax.o
  CC      drivers/irqchip/qcom/pdc-sdm845.o
  CC      net/netfilter/nf_nat_proto_udplite.o
  LD      drivers/leds/built-in.o
  CC      net/ipv4/netfilter.o
  CC      drivers/misc/uid_sys_stats.o
  CC      drivers/iommu/arm-smmu.o
  CC      drivers/iommu/arm-smmu-errata.o
  CC      fs/tracefs/inode.o
  CC      fs/proc/namespaces.o
  CC      drivers/nfc/nq-nci.o
  CC      drivers/md/dm-stripe.o
  LD      drivers/irqchip/qcom/built-in.o
  LD      drivers/irqchip/built-in.o
  CC      drivers/mmc/core/mmc.o
  CC      drivers/gpu/msm/adreno_cp_parser.o
  CC      net/netfilter/nf_nat_proto_sctp.o
  CC      fs/sysfs/symlink.o
  CC      fs/sdcardfs/mmap.o
  CC      fs/sdcardfs/packagelist.o
  CC      net/ipv6/exthdrs_core.o
  CC      drivers/md/dm-ioctl.o
  CC      drivers/misc/rdtags.o
  CC      drivers/of/base.o
  CC      fs/ext4/xattr_trusted.o
  CC      drivers/net/ethernet/marvell/sky2.o
  CC      drivers/net/bonding/bond_sysfs.o
  CC      drivers/perf/arm_pmu.o
  LD      fs/tracefs/tracefs.o
  LD      fs/tracefs/built-in.o
  CC      drivers/gpu/msm/adreno_perfcounter.o
  CC      drivers/input/touchscreen/synaptics_dsx/synaptics_dsx_rmi_dev.o
  CC      net/ipv6/netfilter/nf_reject_ipv6.o
  CC      drivers/media/dvb-core/dvb_frontend.o
  CC      fs/sysfs/mount.o
  CC      fs/proc/self.o
  CC      net/ipv6/ip6_checksum.o
  CC      drivers/pci/access.o
  CC      drivers/media/dvb-core/dvb_net.o
  LD      drivers/nfc/built-in.o
  CC      net/netfilter/nf_nat_amanda.o
  CC      net/ipv6/netfilter/nf_dup_ipv6.o
  CC      drivers/mmc/host/sdhci-pltfm.o
  CC      fs/eventpoll.o
  CC      fs/ext4/inline.o
  CC      fs/sysfs/group.o
  CC      drivers/mmc/core/mmc_ops.o
  CC      fs/proc/thread_self.o
  CC      drivers/net/bonding/bond_sysfs_slave.o
  CC      fs/sdcardfs/derived_perm.o
  CC      net/ipv4/netfilter/nf_conntrack_l3proto_ipv4.o
  CC      net/ipv4/inet_diag.o
  AR      lib/lib.a
  CC      drivers/md/dm-io.o
  EXPORTS lib/lib-ksyms.o
  CC      drivers/input/touchscreen/synaptics_dsx/synaptics_dsx_fw_update.o
  LD      lib/built-in.o
  CC      drivers/gpu/msm/adreno_iommu.o
  CC      fs/proc/uid.o
  CC      drivers/net/phy/phy.o
  CC      drivers/input/touchscreen/synaptics_dsx/synaptics_dsx_test_reporting.o
  CC      drivers/gpu/drm/drm_info.o
  LD      fs/sysfs/built-in.o
  CC      net/netfilter/nf_nat_ftp.o
  LD      drivers/perf/built-in.o
  CC      fs/ext4/readpage.o
  CC      drivers/net/bonding/bond_debugfs.o
  CC      drivers/mmc/host/sdhci-msm.o
  CC      drivers/of/device.o
  CC      drivers/of/platform.o
  CC      drivers/net/ppp/ppp_generic.o
  CC      drivers/net/bonding/bond_netlink.o
  CC      drivers/pci/bus.o
  LD      fs/sdcardfs/sdcardfs.o
  LD      fs/sdcardfs/built-in.o
  CC      drivers/misc/ramdump_mem_desc.o
  CC      drivers/phy/phy-core.o
  CC      drivers/media/dvb-core/dvb_ringbuffer.o
  CC      fs/ext4/sysfs.o
  CC      net/ipv4/netfilter/nf_conntrack_proto_icmp.o
  CC      net/ipv6/netfilter/ip6t_rpfilter.o
  CC      fs/proc/proc_sysctl.o
  CC      drivers/gpu/drm/drm_debugfs.o
  CC      drivers/mmc/core/sd.o
  LD      drivers/media/platform/msm/broadcast/built-in.o
  LD      drivers/iommu/built-in.o
  CC      drivers/md/dm-kcopyd.o
  CC      drivers/net/ppp/ppp_async.o
  CC      drivers/gpu/drm/drm_encoder_slave.o
  CC      drivers/of/kobj.o
  CC      drivers/media/platform/msm/camera/cam_cdm/cam_cdm_soc.o
  CC      fs/anon_inodes.o
  CC      net/ipv6/ip6_icmp.o
  CC      net/ipv6/output_core.o
  CC      fs/proc/proc_net.o
  CC      net/netfilter/nf_nat_irc.o
  CC      drivers/gpu/msm/adreno_debugfs.o
  CC      fs/ext4/xattr_security.o
  CC      drivers/media/platform/msm/camera/cam_cdm/cam_cdm_util.o
  CC      drivers/media/dvb-core/dvb_math.o
  CC      net/ipv6/netfilter/ip6t_REJECT.o
  CC      net/ipv4/tcp_diag.o
  CC      drivers/pci/probe.o
  CC      drivers/net/bonding/bond_options.o
  CC      drivers/phy/phy-qcom-ufs.o
  CC      drivers/of/fdt.o
  CC      net/ipv4/netfilter/nf_nat_l3proto_ipv4.o
  CC      drivers/net/phy/phy_device.o
  CC      net/ipv4/udp_diag.o
  LD      drivers/media/platform/msm/dvb/built-in.o
  CC      drivers/net/phy/mdio_bus.o
  LD      drivers/media/platform/msm/dvb/adapter/built-in.o
  CC      drivers/phy/phy-qcom-ufs-qmp-14nm.o
  CC      drivers/mmc/core/sd_ops.o
  LD      drivers/media/platform/msm/dvb/demux/built-in.o
  CC      drivers/of/fdt_address.o
  CC      drivers/misc/powerkey_forcecrash.o
  CC      drivers/net/slip/slhc.o
  CC      drivers/gpu/drm/drm_trace_points.o
  CC      drivers/net/phy/mdio_device.o
  CC      net/netfilter/nf_nat_tftp.o
  CC      drivers/md/dm-sysfs.o
  CC      drivers/gpu/msm/adreno_profile.o
  CC      fs/proc/kmsg.o
  LD      drivers/media/dvb-core/dvb-core.o
  CC      net/ipv4/tcp_cubic.o
  CC      drivers/media/platform/msm/camera/cam_cdm/cam_cdm_intf.o
  LD      drivers/media/dvb-core/built-in.o
  LD      fs/ext4/ext4.o
  LD      drivers/input/touchscreen/synaptics_dsx/built-in.o
  LD      drivers/input/touchscreen/built-in.o
  LD      drivers/input/input-core.o
  CC      drivers/mmc/core/sdio.o
  CC      drivers/media/platform/msm/camera/cam_core/cam_context.o
  LD      fs/ext4/built-in.o
  LD      drivers/input/built-in.o
  CC      drivers/gpu/drm/drm_global.o
  CC      drivers/phy/phy-qcom-ufs-qmp-v3.o
  CC      net/ipv4/cipso_ipv4.o
  CC      drivers/pinctrl/core.o
  CC      drivers/net/phy/swphy.o
  LD      net/ipv6/netfilter/nf_conntrack_ipv6.o
  LD      net/ipv6/netfilter/nf_defrag_ipv6.o
  LD      net/ipv6/netfilter/built-in.o
  CC      net/ipv4/xfrm4_policy.o
  LD      drivers/net/ethernet/marvell/built-in.o
  CC      net/ipv6/protocol.o
  CC      drivers/net/ppp/bsd_comp.o
  CC      fs/proc/page.o
  CC      drivers/pinctrl/pinctrl-utils.o
  CC      drivers/net/phy/fixed_phy.o
  CC      drivers/md/dm-stats.o
  CC      drivers/net/bonding/bond_procfs.o
  CC      drivers/media/platform/msm/camera/cam_cdm/cam_cdm_core_common.o
  CC      drivers/media/platform/msm/camera/cam_cdm/cam_cdm_virtual_core.o
  CC      drivers/net/ethernet/smsc/smsc911x.o
  CC      net/netfilter/x_tables.o
  CC      drivers/of/address.o
  CC      net/ipv6/ip6_offload.o
  CC      drivers/phy/phy-qcom-ufs-qrbtc-sdm845.o
  CC      drivers/media/platform/msm/camera/cam_core/cam_context_utils.o
  CC      drivers/net/ppp/ppp_deflate.o
  CC      drivers/gpu/drm/drm_prime.o
  CC      fs/signalfd.o
  CC      drivers/gpu/msm/adreno_compat.o
  LD      fs/proc/proc.o
  CC      drivers/pci/host-bridge.o
  CC      net/ipv4/netfilter/nf_nat_proto_icmp.o
  CC      drivers/media/platform/msm/camera/cam_cpas/cpas_top/cam_cpastop_hw.o
  LD      fs/proc/built-in.o
  CC      fs/timerfd.o
  CC      drivers/media/platform/msm/camera/cam_cpas/camss_top/cam_camsstop_hw.o
  CC      drivers/media/platform/msm/camera/cam_cpas/cam_cpas_soc.o
  CC      drivers/media/platform/msm/camera/cam_cpas/cam_cpas_intf.o
  CC      drivers/mmc/core/sdio_ops.o
  CC      net/ipv4/xfrm4_state.o
  LD      drivers/mmc/host/built-in.o
  CC      fs/eventfd.o
  LD      drivers/net/bonding/bonding.o
  CC      net/ipv4/netfilter/nf_defrag_ipv4.o
  LD      drivers/net/slip/built-in.o
  CC      drivers/net/ppp/ppp_mppe.o
  CC      drivers/media/platform/msm/camera/cam_cdm/cam_cdm_hw_core.o
  LD      drivers/net/phy/libphy.o
  LD      drivers/net/bonding/built-in.o
  CC      drivers/phy/phy-qcom-ufs-qmp-v3-660.o
  CC      drivers/pci/remove.o
  CC      drivers/pinctrl/pinmux.o
  CC      drivers/media/platform/msm/camera/cam_cpas/cam_cpas_hw.o
  CC      drivers/gpu/drm/drm_rect.o
  CC      drivers/media/platform/msm/sde/rotator/sde_rotator_dev.o
  CC      drivers/media/platform/msm/sde/rotator/sde_rotator_core.o
  LD      drivers/net/phy/built-in.o
  CC      net/ipv4/netfilter/nf_log_ipv4.o
  CC      fs/aio.o
  CC      drivers/md/dm-rq.o
  LD      drivers/gpu/msm/msm_kgsl_core.o
  CC      net/ipv6/tcpv6_offload.o
  LD      drivers/media/platform/msm/camera/cam_cpas/camss_top/built-in.o
  CC      drivers/media/platform/msm/camera/cam_core/cam_node.o
  CC      drivers/pinctrl/pinconf.o
  LD      drivers/gpu/msm/msm_adreno.o
  CC      drivers/pci/pci.o
  CC      drivers/mmc/core/sdio_bus.o
  CC      drivers/pci/pci-driver.o
  LD      drivers/gpu/msm/built-in.o
  CC      drivers/media/platform/msm/camera/cam_fd/fd_hw_mgr/cam_fd_hw_mgr.o
  CC      drivers/media/platform/msm/camera/cam_fd/fd_hw_mgr/fd_hw/cam_fd_hw_dev.o
  LD      drivers/media/platform/msm/camera/cam_cpas/cpas_top/built-in.o
  CC      drivers/media/platform/msm/camera/cam_fd/cam_fd_dev.o
  LD      drivers/phy/built-in.o
  CC      net/ipv4/xfrm4_input.o
  CC      drivers/pinctrl/devicetree.o
  CC      drivers/of/irq.o
  CC      net/ipv4/xfrm4_output.o
  CC      drivers/net/ppp/ppp_synctty.o
  CC      drivers/media/platform/msm/camera/cam_icp/icp_hw/a5_hw/a5_dev.o
  CC      drivers/media/platform/msm/sde/rotator/sde_rotator_base.o
  CC      drivers/media/platform/msm/camera/cam_icp/icp_hw/bps_hw/bps_dev.o
  LD      drivers/net/ethernet/smsc/built-in.o
  CC      drivers/media/platform/msm/camera/cam_icp/icp_hw/icp_hw_mgr/cam_icp_hw_mgr.o
  LD      drivers/net/ethernet/built-in.o
  LD      drivers/media/platform/msm/camera/cam_cdm/built-in.o
  CC      drivers/media/platform/msm/camera/cam_fd/cam_fd_context.o
  CC      net/ipv4/xfrm4_protocol.o
  CC      drivers/media/platform/msm/camera/cam_core/cam_subdev.o
  CC      drivers/platform/msm/gsi/gsi.o
  CC      drivers/media/platform/msm/camera/cam_icp/icp_hw/a5_hw/a5_core.o
  CC      drivers/media/platform/msm/sde/rotator/sde_rotator_formats.o
  CC      drivers/media/platform/msm/camera/cam_fd/fd_hw_mgr/fd_hw/cam_fd_hw_core.o
  LD      drivers/media/platform/msm/camera/cam_cpas/built-in.o
  CC      drivers/gpu/drm/drm_vma_manager.o
  CC      drivers/pinctrl/pinconf-generic.o
  CC      drivers/platform/msm/gsi/gsi_dbg.o
  CC      drivers/media/platform/msm/camera/cam_isp/isp_hw_mgr/hw_utils/cam_tasklet_util.o
  CC      net/ipv6/exthdrs_offload.o
  CC      drivers/media/platform/msm/camera/cam_isp/cam_isp_dev.o
  CC      net/netfilter/xt_tcpudp.o
  CC      net/ipv4/netfilter/nf_reject_ipv4.o
  CC      drivers/pci/search.o
  CC      drivers/mmc/core/sdio_cis.o
  CC      drivers/md/dm-builtin.o
  LD      drivers/media/platform/msm/camera/cam_core/built-in.o
  CC      drivers/media/platform/msm/camera/cam_isp/isp_hw_mgr/hw_utils/cam_isp_packet_parser.o
  CC      drivers/net/ppp/pppox.o
  CC      drivers/media/platform/msm/camera/cam_isp/isp_hw_mgr/hw_utils/irq_controller/cam_irq_controller.o
  CC      drivers/media/platform/msm/camera/cam_icp/icp_hw/bps_hw/bps_core.o
  CC      drivers/media/platform/msm/camera/cam_icp/icp_hw/a5_hw/a5_soc.o
  CC      drivers/media/platform/msm/camera/cam_icp/icp_hw/bps_hw/bps_soc.o
  CC      drivers/pci/pci-sysfs.o
  CC      drivers/media/platform/msm/sde/rotator/sde_rotator_util.o
  CC      drivers/of/of_net.o
  CC      fs/locks.o
  CC      net/netfilter/xt_mark.o
  CC      drivers/mmc/core/sdio_io.o
  CC      drivers/media/platform/msm/camera/cam_fd/fd_hw_mgr/fd_hw/cam_fd_hw_soc.o
  CC      net/ipv6/inet6_hashtables.o
  CC      drivers/of/of_mdio.o
  CC      drivers/media/platform/msm/sde/rotator/sde_rotator_io_util.o
  CC      drivers/net/wireless/cnss_genl/cnss_nl.o
  CC      drivers/gpu/drm/drm_flip_work.o
  CC      drivers/media/platform/msm/camera/cam_icp/cam_icp_subdev.o
  CC      drivers/pinctrl/qcom/pinctrl-msm.o
  CC      drivers/media/platform/msm/camera/cam_isp/isp_hw_mgr/isp_hw/ife_csid_hw/cam_ife_csid_dev.o
  CC      drivers/media/platform/msm/vidc/msm_v4l2_vidc.o
  CC      drivers/media/platform/msm/vidc/msm_vidc_platform.o
  LD      drivers/media/platform/msm/camera/cam_isp/isp_hw_mgr/hw_utils/irq_controller/built-in.o
  LD      drivers/media/platform/msm/camera/cam_icp/icp_hw/a5_hw/built-in.o
  CC      drivers/media/platform/msm/camera/cam_isp/isp_hw_mgr/isp_hw/ife_csid_hw/cam_ife_csid_soc.o
  LD      drivers/media/platform/msm/camera/cam_isp/isp_hw_mgr/hw_utils/built-in.o
  CC      fs/compat.o
  CC      drivers/media/platform/msm/vidc/msm_vidc_common.o
  LD      drivers/media/platform/msm/camera/cam_icp/icp_hw/bps_hw/built-in.o
  CC      drivers/media/platform/msm/camera/cam_isp/isp_hw_mgr/isp_hw/vfe_hw/cam_vfe_soc.o
  CC      drivers/md/dm-bufio.o
  CC      drivers/gpu/drm/drm_modeset_lock.o
  CC      drivers/power/reset/msm-poweroff.o
  CC      drivers/media/tuners/tuner-xc2028.o
  CC      drivers/power/reset/xgene-reboot.o
  CC      net/netfilter/xt_connmark.o
  LD      drivers/media/platform/msm/camera/cam_fd/fd_hw_mgr/fd_hw/built-in.o
  LD      drivers/media/platform/msm/camera/cam_fd/fd_hw_mgr/built-in.o
  LD      drivers/media/usb/gspca/built-in.o
  LD      drivers/media/platform/msm/camera/cam_fd/built-in.o
  CC      drivers/net/wireless/cnss_prealloc/cnss_prealloc.o
  LD      drivers/media/platform/msm/camera/cam_icp/icp_hw/icp_hw_mgr/built-in.o
  CC      net/ipv4/netfilter/nf_nat_h323.o
  CC      drivers/net/wireless/cnss_utils/cnss_utils.o
  CC      drivers/media/platform/msm/sde/rotator/sde_rotator_smmu.o
  LD      drivers/media/usb/built-in.o
  CC      drivers/media/platform/msm/camera/cam_icp/icp_hw/ipe_hw/ipe_dev.o
  CC      drivers/net/ppp/pppoe.o
  CC      drivers/power/supply/power_supply_core.o
  CC      drivers/media/platform/msm/camera/cam_isp/isp_hw_mgr/isp_hw/ife_csid_hw/cam_ife_csid_core.o
  CC      drivers/mmc/core/sdio_irq.o
  CC      drivers/media/v4l2-core/v4l2-dev.o
  CC      drivers/media/tuners/tuner-simple.o
  LD      drivers/net/wireless/cnss_genl/built-in.o
  CC      drivers/net/dummy.o
  CC      drivers/pci/rom.o
  CC      drivers/media/platform/msm/camera/cam_isp/isp_hw_mgr/isp_hw/vfe_hw/cam_vfe_dev.o
  CC      net/ipv4/netfilter/nf_nat_pptp.o
  CC      drivers/pinctrl/qcom/pinctrl-spmi-gpio.o
  CC      drivers/pci/setup-res.o
  CC      drivers/power/reset/syscon-reboot.o
  CC      drivers/of/of_pci.o
  CC      drivers/media/v4l2-core/v4l2-ioctl.o
  CC      net/netfilter/xt_nat.o
  CC      drivers/gpu/drm/drm_atomic.o
  CC      drivers/pwm/core.o
  LD      drivers/net/wireless/cnss_prealloc/built-in.o
  CC      drivers/media/platform/msm/sde/rotator/sde_rotator_r1_wb.o
  CC      drivers/media/v4l2-core/v4l2-device.o
  CC      net/ipv6/ip6_udp_tunnel.o
  CC      drivers/media/tuners/tuner-types.o
  CC      drivers/pinctrl/qcom/pinctrl-spmi-mpp.o
  CC      drivers/media/platform/msm/camera/cam_isp/isp_hw_mgr/isp_hw/vfe_hw/cam_vfe_core.o
  CC      drivers/media/platform/msm/camera/cam_icp/icp_hw/ipe_hw/ipe_core.o
  LD      drivers/power/reset/built-in.o
  CC      drivers/mmc/core/quirks.o
  CC      drivers/media/media-device.o
  LD      drivers/platform/msm/gsi/built-in.o
  CC      net/ipv6/mcast_snoop.o
  CC      drivers/media/platform/msm/camera/cam_isp/isp_hw_mgr/isp_hw/vfe_hw/vfe170/cam_vfe170.o
  CC      drivers/md/dm-crypt.o
  CC      drivers/media/platform/msm/sde/rotator/sde_rotator_r1_pipe.o
  CC      drivers/media/media-devnode.o
  CC      drivers/net/ppp/pppolac.o
  CC      drivers/pci/irq.o
  CC      drivers/power/supply/power_supply_sysfs.o
  LD      drivers/net/wireless/cnss_utils/built-in.o
  CC      fs/compat_ioctl.o
  CC      drivers/platform/msm/ipa/ipa_clients/ipa_usb.o
  CC      net/ipv4/netfilter/nf_nat_masquerade_ipv4.o
  LD      drivers/net/wireless/built-in.o
  CC      drivers/media/platform/msm/camera/cam_isp/isp_hw_mgr/isp_hw/ife_csid_hw/cam_ife_csid170.o
  CC      drivers/platform/msm/seemp_core/seemp_logk.o
  CC      drivers/media/platform/msm/camera/cam_icp/cam_icp_context.o
  CC      drivers/media/platform/msm/camera/cam_icp/icp_hw/ipe_hw/ipe_soc.o
  CC      net/netfilter/xt_CLASSIFY.o
  CC      drivers/ras/ras.o
  CC      drivers/of/of_pci_irq.o
  CC      drivers/media/platform/msm/camera/cam_isp/isp_hw_mgr/isp_hw/vfe_hw/vfe_bus/cam_vfe_bus.o
  CC      drivers/media/tuners/mt20xx.o
  CC      drivers/media/platform/msm/camera/cam_isp/isp_hw_mgr/isp_hw/vfe_hw/vfe170/cam_vfe_lite170.o
  CC      drivers/net/ppp/pppopns.o
  CC      drivers/pinctrl/qcom/pinctrl-sdm845.o
  CC      drivers/mmc/core/slot-gpio.o
  CC      drivers/platform/msm/seemp_core/seemp_ringbuf.o
  CC      drivers/pwm/sysfs.o
  CC      drivers/media/platform/msm/camera/cam_isp/isp_hw_mgr/isp_hw/vfe_hw/vfe_top/cam_vfe_top.o
  CC      drivers/power/supply/power_supply_leds.o
  CC      drivers/power/supply/qcom/qpnp-fg-gen3.o
  CC      drivers/media/platform/msm/camera/cam_isp/isp_hw_mgr/isp_hw/ife_csid_hw/cam_ife_csid_lite170.o
  CC      drivers/media/platform/msm/sde/rotator/sde_rotator_r1_ctl.o
  LD      drivers/media/platform/msm/camera/cam_icp/icp_hw/ipe_hw/built-in.o
  CC      drivers/power/supply/qcom/fg-memif.o
  CC      drivers/pci/vpd.o
  CC      drivers/pci/setup-bus.o
  LD      drivers/media/platform/msm/camera/cam_icp/icp_hw/built-in.o
  CC      drivers/media/platform/msm/camera/cam_icp/hfi.o
  CC      drivers/media/platform/msm/camera/cam_isp/isp_hw_mgr/isp_hw/vfe_hw/vfe_bus/cam_vfe_bus_ver2.o
  CC      net/netfilter/xt_CONNSECMARK.o
  LD      net/ipv6/ipv6.o
  CC      drivers/media/platform/msm/vidc/msm_vidc.o
  CC      drivers/media/platform/msm/camera/cam_isp/isp_hw_mgr/isp_hw/vfe_hw/vfe_top/cam_vfe_top_ver2.o
  CC      drivers/gpu/drm/drm_bridge.o
  CC      drivers/media/platform/msm/camera/cam_isp/isp_hw_mgr/isp_hw/vfe_hw/vfe_top/cam_vfe_camif_ver2.o
  CC      drivers/mmc/core/pwrseq.o
  CC      drivers/platform/msm/seemp_core/seemp_event_encoder.o
  LD      drivers/media/platform/msm/camera/cam_isp/isp_hw_mgr/isp_hw/vfe_hw/vfe170/built-in.o
  CC      drivers/media/platform/msm/camera/cam_isp/isp_hw_mgr/isp_hw/vfe_hw/vfe_top/cam_vfe_rdi.o
  CC      drivers/pwm/pwm-qpnp.o
  LD      net/ipv6/built-in.o
  CC      drivers/pinctrl/qcom/pinctrl-sdm845-v2.o
  CC      drivers/of/of_reserved_mem.o
  CC      drivers/platform/msm/ipa/ipa_clients/odu_bridge.o
  CC      drivers/md/dm-verity-fec.o
  LD      drivers/media/platform/msm/camera/cam_isp/isp_hw_mgr/isp_hw/ife_csid_hw/built-in.o
  CC      net/netfilter/xt_CT.o
  CC      drivers/media/platform/msm/camera/cam_isp/isp_hw_mgr/cam_isp_hw_mgr.o
  LD      drivers/net/ppp/built-in.o
  CC      drivers/media/v4l2-core/v4l2-fh.o
  CC      drivers/net/mii.o
  CC      drivers/ras/debugfs.o
  CC      drivers/media/platform/msm/sde/rotator/sde_rotator_r1.o
  CC      drivers/media/tuners/tda8290.o
  CC      net/ipv4/netfilter/nf_nat_proto_gre.o
  CC      drivers/power/supply/qcom/fg-util.o
  LD      drivers/media/platform/msm/camera/cam_icp/built-in.o
  LD      drivers/power/supply/power_supply.o
  LD      drivers/platform/msm/seemp_core/seemp_core.o
  CC      drivers/of/of_slimbus.o
  LD      drivers/platform/msm/seemp_core/built-in.o
  CC      net/ipv4/netfilter/ip_tables.o
  CC      drivers/pinctrl/qcom/pinctrl-somc.o
  CC      drivers/platform/msm/ipa/ipa_clients/ipa_mhi_client.o
  CC      fs/binfmt_script.o
  LD      drivers/media/platform/msm/camera/cam_isp/isp_hw_mgr/isp_hw/vfe_hw/vfe_top/built-in.o
  CC      drivers/md/dm-verity-target.o
  CC      drivers/gpu/drm/drm_framebuffer.o
  CC      drivers/media/platform/msm/camera/cam_jpeg/jpeg_hw/jpeg_dma_hw/jpeg_dma_dev.o
  CC      drivers/regulator/core.o
  CC      drivers/mmc/core/debugfs.o
  CC      drivers/platform/msm/ipa/ipa_v3/ipahal/ipahal.o
  CC      drivers/media/platform/msm/camera/cam_isp/isp_hw_mgr/cam_ife_hw_mgr.o
  CC      drivers/media/platform/msm/vidc/msm_vdec.o
  CC      drivers/reset/core.o
  CC      drivers/pinctrl/qcom/pinctrl-somc-pmic.o
  LD      drivers/ras/built-in.o
  CC      net/netfilter/xt_LOG.o
  CC      drivers/pci/vc.o
  CC      drivers/of/of_batterydata.o
  CC      fs/binfmt_elf.o
  LD      drivers/media/platform/msm/camera/cam_isp/isp_hw_mgr/isp_hw/vfe_hw/vfe_bus/built-in.o
  LD      drivers/media/platform/msm/camera/cam_isp/isp_hw_mgr/isp_hw/vfe_hw/built-in.o
  LD      drivers/media/platform/msm/camera/cam_isp/isp_hw_mgr/isp_hw/built-in.o
  CC      drivers/media/v4l2-core/v4l2-event.o
  CC      drivers/media/platform/msm/sde/rotator/sde_rotator_r3.o
  CC      drivers/media/platform/msm/camera/cam_jpeg/jpeg_hw/jpeg_enc_hw/jpeg_enc_dev.o
  CC      drivers/media/platform/msm/camera/cam_isp/cam_isp_context.o
  CC      drivers/platform/msm/ipa/ipa_v3/ipa.o
  CC      net/ipv4/netfilter/iptable_filter.o
  LD      drivers/pwm/built-in.o
  CC      drivers/platform/msm/ipa/test/ipa_ut_framework.o
  CC      drivers/net/Space.o
  LD      drivers/pinctrl/qcom/built-in.o
  LD      drivers/pinctrl/built-in.o
  CC      drivers/media/media-entity.o
  CC      drivers/platform/msm/ipa/ipa_v3/ipahal/ipahal_reg.o
  CC      drivers/media/platform/msm/camera/cam_jpeg/jpeg_hw/jpeg_dma_hw/jpeg_dma_core.o
  CC      drivers/media/tuners/tda9887.o
  CC      drivers/mmc/core/pwrseq_simple.o
  CC      drivers/pci/proc.o
  CC      drivers/media/v4l2-core/v4l2-ctrls.o
  CC      drivers/media/tuners/tda827x.o
  LD      drivers/of/built-in.o
  CC      drivers/platform/msm/ipa/ipa_api.o
  CC      drivers/media/platform/msm/vidc/msm_venc.o
  CC      drivers/media/platform/msm/camera/cam_jpeg/jpeg_hw/jpeg_enc_hw/jpeg_enc_core.o
  CC      drivers/media/platform/msm/camera/cam_jpeg/cam_jpeg_dev.o
  LD      drivers/reset/built-in.o
  CC      drivers/gpu/drm/drm_connector.o
  CC      drivers/media/platform/msm/camera/cam_jpeg/jpeg_hw/jpeg_dma_hw/jpeg_dma_soc.o
  CC      net/netfilter/xt_NETMAP.o
  CC      drivers/net/loopback.o
  CC      drivers/power/supply/qcom/step-chg-jeita.o
  CC      drivers/md/dm-req-crypt.o
  CC      drivers/media/platform/msm/camera/cam_jpeg/jpeg_hw/cam_jpeg_hw_mgr.o
  CC      drivers/gpu/drm/drm_blend.o
  CC      drivers/media/platform/msm/vidc/msm_smem.o
  CC      drivers/media/platform/msm/camera/cam_jpeg/jpeg_hw/jpeg_enc_hw/jpeg_enc_soc.o
  CC      fs/compat_binfmt_elf.o
  CC      drivers/mmc/core/pwrseq_emmc.o
  CC      drivers/platform/msm/ipa/ipa_clients/ipa_uc_offload.o
  CC      drivers/pci/slot.o
  CC      drivers/platform/msm/ipa/test/ipa_test_example.o
  CC      drivers/platform/msm/ipa/ipa_v3/ipahal/ipahal_fltrt.o
  CC      net/ipv4/netfilter/iptable_mangle.o
  LD      drivers/media/platform/msm/camera/cam_jpeg/jpeg_hw/jpeg_dma_hw/built-in.o
  CC      drivers/platform/msm/ipa/ipa_v3/ipa_debugfs.o
  CC      drivers/pci/quirks.o
  LD      drivers/media/platform/msm/camera/cam_isp/isp_hw_mgr/built-in.o
  CC      net/netfilter/xt_NFLOG.o
  LD      drivers/media/platform/msm/camera/cam_isp/built-in.o
  CC      drivers/platform/msm/qpnp-coincell.o
  CC      drivers/platform/msm/sps/bam.o
  LD      drivers/media/platform/msm/camera/cam_jpeg/jpeg_hw/jpeg_enc_hw/built-in.o
  CC      drivers/pci/msi.o
  CC      drivers/power/supply/qcom/battery.o
  CC      drivers/platform/msm/ipa/ipa_v3/ipahal/ipahal_hw_stats.o
  CC      drivers/media/tuners/tda18271-maps.o
  CC      drivers/rtc/rtc-lib.o
  CC      drivers/net/tun.o
  CC      drivers/platform/msm/sps/sps_bam.o
  LD      drivers/mmc/core/mmc_core.o
  LD      drivers/mmc/core/built-in.o
  CC      drivers/platform/msm/ipa/test/ipa_test_mhi.o
  LD      drivers/mmc/built-in.o
  LD      drivers/media/platform/msm/camera/cam_jpeg/jpeg_hw/built-in.o
  CC      drivers/media/platform/msm/camera/cam_jpeg/cam_jpeg_context.o
  CC      drivers/gpu/drm/drm_encoder.o
  CC      drivers/power/supply/qcom/qpnp-smb2.o
  CC      drivers/media/platform/msm/camera/cam_lrme/lrme_hw_mgr/lrme_hw/cam_lrme_hw_dev.o
  CC      drivers/media/platform/msm/camera/cam_req_mgr/cam_req_mgr_core.o
  CC      drivers/rtc/hctosys.o
  CC      net/ipv4/netfilter/iptable_nat.o
  CC      drivers/media/platform/msm/camera/cam_sensor_module/cam_actuator/cam_actuator_dev.o
  CC      drivers/media/tuners/tda18271-common.o
  LD      drivers/media/media.o
  CC      net/netfilter/xt_NFQUEUE.o
  CC      drivers/media/platform/msm/sde/rotator/sde_rotator_sync.o
  CC      drivers/media/platform/msm/camera/cam_lrme/cam_lrme_dev.o
  CC      fs/mbcache.o
  LD      drivers/md/dm-mod.o
  CC      drivers/media/platform/msm/vidc/msm_vidc_debug.o
  CC      drivers/platform/msm/ipa/ipa_clients/ipa_wdi3.o
  LD      drivers/md/dm-verity.o
  LD      drivers/md/built-in.o
  CC      drivers/platform/msm/ipa/ipa_rm.o
  CC      drivers/platform/msm/ipa/ipa_clients/ipa_gsb.o
  CC      drivers/platform/msm/qpnp-revid.o
  CC      drivers/media/tuners/tda18271-fe.o
  LD      drivers/media/platform/msm/camera/cam_jpeg/built-in.o
  CC      drivers/regulator/dummy.o
  CC      drivers/platform/msm/ipa/test/ipa_test_dma.o
  CC      drivers/media/v4l2-core/v4l2-subdev.o
  CC      drivers/rtc/systohc.o
  CC      drivers/platform/msm/ipa/ipa_clients/rndis_ipa.o
  CC      fs/posix_acl.o
  CC      drivers/media/platform/msm/camera/cam_lrme/lrme_hw_mgr/lrme_hw/cam_lrme_hw_core.o
  CC      drivers/power/supply/qcom/smb-lib.o
  CC      drivers/media/platform/msm/sde/rotator/sde_rotator_debug.o
  CC      net/ipv4/netfilter/iptable_raw.o
  CC      drivers/gpu/drm/drm_mode_object.o
  CC      drivers/media/platform/msm/camera/cam_sensor_module/cam_actuator/cam_actuator_core.o
  CC      drivers/rtc/class.o
  CC      drivers/platform/msm/usb_bam.o
  CC      drivers/regulator/fixed-helper.o
  CC      drivers/rtc/interface.o
  CC      drivers/media/v4l2-core/v4l2-clk.o
  CC      net/netfilter/xt_REDIRECT.o
  CC      drivers/media/platform/msm/camera/cam_req_mgr/cam_req_mgr_dev.o
  CC      drivers/pci/setup-irq.o
  CC      drivers/media/platform/msm/vidc/msm_vidc_res_parse.o
  CC      drivers/media/platform/msm/camera/cam_lrme/lrme_hw_mgr/lrme_hw/cam_lrme_hw_soc.o
  CC      drivers/regulator/helpers.o
  CC      drivers/gpu/drm/drm_property.o
  CC      drivers/media/platform/msm/camera/cam_req_mgr/cam_req_mgr_util.o
  CC      drivers/media/tuners/xc5000.o
  CC      fs/coredump.o
  CC      net/ipv4/netfilter/iptable_security.o
  CC      drivers/platform/msm/ipa/ipa_v3/ipahal/ipahal_nat.o
  CC      drivers/platform/msm/ipa/ipa_rm_dependency_graph.o
  CC      drivers/platform/msm/qcom-geni-se.o
  CC      drivers/media/platform/msm/camera/cam_sensor_module/cam_actuator/cam_actuator_soc.o
  LD      drivers/net/built-in.o
  CC      drivers/scsi/scsi.o
  CC      drivers/media/platform/msm/camera/cam_lrme/lrme_hw_mgr/cam_lrme_hw_mgr.o
  CC      drivers/media/platform/msm/camera/cam_lrme/cam_lrme_context.o
  CC      drivers/media/platform/msm/sde/rotator/sde_rotator_r1_debug.o
  CC      drivers/rtc/rtc-dev.o
  CC      drivers/platform/msm/ipa/ipa_rm_peers_list.o
  CC      net/netfilter/xt_SECMARK.o
  CC      drivers/platform/msm/msm_ext_display.o
  LD      drivers/media/platform/msm/camera/cam_lrme/lrme_hw_mgr/lrme_hw/built-in.o
  CC      drivers/pci/syscall.o
  CC      drivers/media/v4l2-core/v4l2-async.o
  CC      drivers/platform/msm/ipa/ipa_v3/ipa_hdr.o
  CC      drivers/media/platform/msm/camera/cam_smmu/cam_smmu_api.o
  CC      drivers/platform/msm/sps/sps.o
  CC      drivers/rtc/rtc-proc.o
  CC      drivers/media/platform/msm/camera/cam_req_mgr/cam_req_mgr_workq.o
  CC      drivers/scsi/hosts.o
  CC      drivers/pci/of.o
  CC      drivers/regulator/devres.o
  LD      drivers/media/platform/msm/camera/cam_sensor_module/cam_actuator/built-in.o
  CC      drivers/media/platform/msm/camera/cam_sensor_module/cam_cci/cam_cci_dev.o
  CC      net/ipv4/netfilter/ipt_ah.o
  CC      drivers/media/platform/msm/vidc/venus_hfi.o
  CC      drivers/media/platform/msm/sde/rotator/sde_rotator_r3_debug.o
  CC      drivers/media/v4l2-core/v4l2-compat-ioctl32.o
  LD      drivers/platform/msm/ipa/ipa_v3/ipahal/ipa_hal.o
  CC      drivers/gpu/drm/drm_plane.o
  LD      drivers/platform/msm/ipa/ipa_v3/ipahal/built-in.o
  CC      drivers/scsi/scsi_ioctl.o
  LD      drivers/platform/msm/ipa/ipa_clients/built-in.o
  CC      net/netfilter/xt_TPROXY.o
  CC      drivers/media/platform/msm/camera/cam_sync/cam_sync.o
  CC      drivers/media/tuners/xc4000.o
  CC      drivers/sensors/sensors_ssc.o
  CC      drivers/rtc/rtc-sysfs.o
  CC      drivers/media/platform/msm/camera/cam_req_mgr/cam_mem_mgr.o
  CC      drivers/power/supply/qcom/pmic-voter.o
  CC      net/netfilter/xt_TCPMSS.o
  CC      drivers/pci/host/pci-msm.o
  CC      fs/drop_caches.o
  LD      drivers/media/platform/msm/camera/cam_lrme/lrme_hw_mgr/built-in.o
  LD      drivers/media/platform/msm/camera/cam_lrme/built-in.o
  CC      drivers/platform/msm/ipa/ipa_v3/ipa_flt.o
  CC      drivers/media/platform/msm/vidc/hfi_response_handler.o
  CC      drivers/platform/msm/ipa/ipa_rm_resource.o
  LD      drivers/media/platform/msm/sde/rotator/built-in.o
  CC      drivers/regulator/of_regulator.o
  CC      net/ipv4/netfilter/ipt_rpfilter.o
  LD      drivers/media/platform/msm/sde/built-in.o
  CC      drivers/media/platform/msm/camera/cam_req_mgr/cam_req_mgr_timer.o
  CC      drivers/rtc/qpnp-rtc.o
  LD      drivers/sensors/built-in.o
  CC      drivers/platform/msm/ipa/ipa_v3/ipa_rt.o
  CC      drivers/media/platform/msm/camera/cam_sensor_module/cam_cci/cam_cci_core.o
  CC      drivers/scsi/scsicam.o
  CC      drivers/media/tuners/mc44s803.o
  CC      fs/dcookies.o
  CC      drivers/power/supply/qcom/idtp9221.o
  CC      drivers/platform/msm/ipa/test/ipa_test_hw_stats.o
  CC      drivers/media/platform/msm/camera/cam_sync/cam_sync_util.o
  CC      drivers/media/platform/msm/camera/cam_sensor_module/cam_cci/cam_cci_soc.o
  CC      drivers/platform/msm/ipa/test/ipa_pm_ut.o
  CC      net/ipv4/netfilter/ipt_MASQUERADE.o
  LD      drivers/media/platform/msm/camera/cam_smmu/built-in.o
  CC      drivers/gpu/drm/drm_color_mgmt.o
  CC      net/netfilter/xt_TEE.o
  CC      drivers/media/platform/msm/camera/cam_utils/cam_soc_util.o
  CC      drivers/scsi/scsi_error.o
  CC      drivers/platform/msm/ipa/ipa_rm_inactivity_timer.o
  CC      drivers/slimbus/slimbus.o
  CC      drivers/regulator/fixed.o
  CC      drivers/media/platform/msm/camera/cam_req_mgr/cam_req_mgr_debug.o
  CC      drivers/platform/msm/sps/sps_map.o
  CC      drivers/gpu/drm/drm_ioc32.o
  CC      drivers/power/supply/qcom/qns_system.o
  LD      drivers/rtc/rtc-core.o
  LD      drivers/rtc/built-in.o
  CC      drivers/gpu/drm/ati_pcigart.o
  CC      drivers/media/platform/msm/vidc/hfi_packetization.o
  LD      drivers/media/platform/msm/camera/cam_sync/built-in.o
  LD      drivers/media/platform/msm/camera/cam_sensor_module/cam_cci/built-in.o
  CC      drivers/media/v4l2-core/v4l2-of.o
  LD      fs/built-in.o
  CC      drivers/slimbus/slim-msm.o
  CC      drivers/platform/msm/ipa/ipa_v3/ipa_dp.o
  LD      drivers/media/tuners/tda18271.o
  LD      drivers/media/tuners/built-in.o
  CC      drivers/media/platform/msm/camera/cam_sensor_module/cam_csiphy/cam_csiphy_soc.o
  CC      drivers/media/platform/msm/camera/cam_sensor_module/cam_csiphy/cam_csiphy_dev.o
  CC      net/ipv4/netfilter/ipt_REJECT.o
  CC      drivers/media/platform/msm/camera/cam_utils/cam_io_util.o
  CC      drivers/slimbus/slim-msm-ngd.o
  CC      net/netfilter/xt_TRACE.o
  CC      drivers/media/platform/msm/camera/cam_sensor_module/cam_eeprom/cam_eeprom_dev.o
  CC      drivers/regulator/proxy-consumer.o
  CC      drivers/gpu/drm/drm_panel.o
  LD      drivers/media/platform/msm/camera/cam_req_mgr/built-in.o
  CC      drivers/media/platform/msm/vidc/vidc_hfi.o
  CC      drivers/media/platform/msm/camera/cam_sensor_module/cam_eeprom/cam_eeprom_core.o
  CC      drivers/regulator/qpnp-labibb-regulator.o
  CC      drivers/media/platform/msm/camera/cam_sensor_module/cam_csiphy/cam_csiphy_core.o
  LD      drivers/power/supply/qcom/built-in.o
  LD      drivers/power/supply/built-in.o
  LD      drivers/power/built-in.o
  CC      net/ipv4/netfilter/arp_tables.o
  CC      drivers/platform/msm/sps/sps_mem.o
  CC      drivers/media/platform/msm/camera/cam_sensor_module/cam_eeprom/cam_eeprom_soc.o
  CC      drivers/spi/spi.o
  CC      drivers/media/platform/msm/camera/cam_utils/cam_packet_util.o
  CC      drivers/media/platform/msm/vidc/venus_boot.o
  CC      drivers/media/v4l2-core/vb2-trace.o
  CC      net/ipv4/netfilter/arpt_mangle.o
  CC      drivers/spi/spidev.o
  CC      drivers/spmi/spmi.o
  CC      net/netfilter/xt_IDLETIMER.o
  CC      drivers/media/platform/msm/vidc/msm_vidc_clocks.o
  CC      drivers/media/platform/msm/camera/cam_utils/cam_debug_util.o
  LD      drivers/platform/msm/ipa/ipa_common
  CC      drivers/platform/msm/ipa/ipa_v3/ipa_client.o
  CC      net/ipv4/netfilter/arptable_filter.o
  CC      drivers/platform/msm/ipa/ipa_v3/ipa_utils.o
  CC      drivers/scsi/scsi_lib.o
  CC      drivers/gpu/drm/drm_of.o
  CC      drivers/regulator/qpnp-regulator.o
  LD      drivers/media/platform/msm/camera/cam_sensor_module/cam_csiphy/built-in.o
  CC      drivers/platform/msm/ipa/ipa_v3/ipa_nat.o
  LD      drivers/platform/msm/ipa/test/ipa_ut_mod.o
  CC      drivers/spi/spi-qup.o
  LD      drivers/platform/msm/ipa/test/built-in.o
  CC      net/netfilter/xt_HARDIDLETIMER.o
  CC      net/ipv4/netfilter/nf_dup_ipv4.o
  CC      drivers/soc/qcom/llcc-core.o
  CC      drivers/platform/msm/ipa/ipa_v3/ipa_intf.o
  LD      drivers/media/platform/msm/camera/cam_sensor_module/cam_eeprom/built-in.o
  CC      drivers/switch/switch_class.o
  CC      drivers/staging/android/ion/ion.o
  CC      drivers/media/platform/msm/camera/cam_sensor_module/cam_flash/cam_flash_dev.o
  CC      drivers/media/platform/msm/camera/cam_utils/cam_trace.o
  CC      drivers/spmi/spmi-pmic-arb.o
  CC      drivers/regulator/refgen.o
  CC      drivers/spi/spi-geni-qcom.o
  CC      drivers/media/v4l2-core/v4l2-trace.o
  CC      drivers/platform/msm/sps/sps_rm.o
  LD      drivers/misc/built-in.o
  LD      drivers/slimbus/built-in.o
  CC      drivers/media/v4l2-core/v4l2-mc.o
  CC      drivers/soc/qcom/llcc-slice.o
  CC      net/netfilter/xt_bpf.o
  CC      drivers/spi/spi_qsd.o
  CC      drivers/gpu/drm/drm_mipi_dsi.o
  LD      drivers/switch/built-in.o
  CC      drivers/platform/msm/ipa/ipa_v3/teth_bridge.o
  CC      drivers/regulator/rpmh-regulator.o
  CC      drivers/media/platform/msm/vidc/governors/msm_vidc_dyn_gov.o
  CC      drivers/regulator/stub-regulator.o
  LD      net/ipv4/netfilter/nf_conntrack_ipv4.o
  CC      drivers/media/v4l2-core/v4l2-common.o
  CC      drivers/media/platform/msm/camera/cam_sensor_module/cam_flash/cam_flash_core.o
  CC      drivers/platform/msm/ipa/ipa_v3/ipa_interrupts.o
  CC      drivers/staging/android/ashmem.o
  CC      drivers/thermal/thermal_core.o
  CC      drivers/thermal/thermal_hwmon.o
  CC      drivers/spmi/spmi-pmic-arb-debug.o
  LD      drivers/gpu/drm/bridge/built-in.o
  LD      net/ipv4/netfilter/nf_nat_ipv4.o
  CC      drivers/media/platform/msm/camera/cam_sensor_module/cam_flash/cam_flash_soc.o
  CC      drivers/staging/android/ion/ion_heap.o
  CC      net/netfilter/xt_comment.o
  CC      drivers/media/platform/msm/camera/cam_utils/cam_common_util.o
  LD      net/ipv4/netfilter/built-in.o
  CC      drivers/media/v4l2-core/v4l2-dv-timings.o
  CC      drivers/soc/qcom/llcc-sdm845.o
  CC      drivers/thermal/of-thermal.o
  CC      drivers/staging/android/lowmemorykiller.o
  CC      drivers/staging/android/ion/ion_page_pool.o
  LD      net/ipv4/built-in.o
  CC      drivers/tty/tty_io.o
  CC      drivers/platform/msm/ipa/ipa_v3/ipa_uc.o
  CC      drivers/scsi/constants.o
  CC      drivers/platform/msm/ipa/ipa_v3/ipa_uc_wdi.o
  CC      drivers/thermal/step_wise.o
  LD      drivers/media/platform/msm/camera/cam_utils/built-in.o
  CC      drivers/tty/n_tty.o
  CC      drivers/staging/android/ion/ion_system_heap.o
  CC      net/netfilter/xt_connlimit.o
  CC      drivers/uio/uio.o
  LD      drivers/media/platform/msm/vidc/governors/msm-vidc-dyn-gov.o
  LD      drivers/media/platform/msm/vidc/governors/built-in.o
  LD      drivers/media/platform/msm/vidc/msm-vidc.o
  LD      drivers/spmi/built-in.o
  LD      drivers/regulator/built-in.o
  CC      drivers/soc/qcom/scm.o
  CC      drivers/usb/common/common.o
  CC      drivers/staging/android/lowmemorykiller_tng.o
  LD      drivers/media/platform/msm/vidc/built-in.o
  CC      drivers/staging/android/ion/ion_carveout_heap.o
  CC      net/netfilter/xt_conntrack.o
  CC      drivers/uio/msm_sharedmem/msm_sharedmem.o
  CC      drivers/media/v4l2-core/v4l2-mem2mem.o
  CC      drivers/video/hdmi.o
  CC      drivers/media/platform/msm/camera/cam_sensor_module/cam_ois/cam_ois_dev.o
  LD      drivers/media/platform/msm/camera/cam_sensor_module/cam_flash/built-in.o
  CC      drivers/tty/tty_ioctl.o
  CC      net/netfilter/xt_dscp.o
  CC      drivers/usb/core/usb.o
  CC      drivers/usb/dwc3/core.o
  CC      drivers/usb/core/hub.o
  CC      drivers/media/platform/msm/camera/cam_sensor_module/cam_res_mgr/cam_res_mgr.o
  CC      drivers/scsi/scsi_lib_dma.o
  CC      drivers/media/v4l2-core/videobuf2-core.o
  CC      drivers/uio/msm_sharedmem/sharedmem_qmi.o
  LD      drivers/usb/common/usb-common.o
  CC      net/netfilter/xt_ecn.o
  LD      drivers/usb/common/built-in.o
  CC      drivers/usb/dwc3/debug.o
  CC      drivers/staging/android/ion/ion_chunk_heap.o
  CC      drivers/gpu/drm/msm/dp/dp_usbpd.o
  CC      drivers/usb/gadget/usbstring.o
  LD      drivers/spi/built-in.o
  CC      drivers/media/platform/msm/camera/cam_sensor_module/cam_ois/cam_ois_core.o
  CC      drivers/usb/gadget/config.o
  CC      drivers/usb/core/hcd.o
  CC      drivers/video/backlight/backlight.o
  CC      drivers/gpu/drm/msm/dp/dp_parser.o
  CC      drivers/usb/gadget/epautoconf.o
  LD      drivers/platform/msm/sps/built-in.o
  CC      drivers/media/v4l2-core/videobuf2-v4l2.o
  CC      drivers/staging/android/ion/ion_system_secure_heap.o
  CC      drivers/soc/qcom/scm-boot.o
  CC      drivers/video/fbdev/core/fb_cmdline.o
  CC      drivers/usb/core/urb.o
  CC      drivers/scsi/scsi_scan.o
  CC      drivers/usb/gadget/composite.o
  CC      drivers/video/logo/logo.o
  LD      drivers/uio/msm_sharedmem/built-in.o
  LD      drivers/uio/built-in.o
  CC      drivers/usb/isp1760/isp1760-core.o
  CC      drivers/thermal/user_space.o
  CC      drivers/usb/dwc3/trace.o
  CC      drivers/video/backlight/generic_bl.o
  CC      net/netfilter/xt_esp.o
  CC      drivers/usb/isp1760/isp1760-if.o
  CC      drivers/usb/host/pci-quirks.o
  LD      drivers/media/platform/msm/camera/cam_sensor_module/cam_res_mgr/built-in.o
  CC      drivers/usb/dwc3/host.o
  CC      drivers/platform/msm/ipa/ipa_v3/ipa_dma.o
  CC      drivers/thermal/gov_low_limits.o
  CC      drivers/gpu/drm/msm/dp/dp_power.o
  CC      drivers/tty/tty_ldisc.o
  CC      drivers/usb/host/ehci-hcd.o
  CC      drivers/video/fbdev/core/fb_notify.o
  CC      drivers/staging/android/lowmemorykiller_tasks.o
  CC      drivers/staging/android/ion/ion_cma_heap.o
  CC      drivers/usb/isp1760/isp1760-hcd.o
  CC      drivers/media/platform/msm/camera/cam_sensor_module/cam_ois/cam_ois_soc.o
  CC      drivers/soc/qcom/early_random.o
  CC      drivers/tty/tty_buffer.o
  CC      drivers/platform/msm/ipa/ipa_v3/ipa_uc_mhi.o
  CC      drivers/usb/dwc3/gadget.o
  CC      drivers/video/fbdev/core/fbmem.o
  LD      drivers/video/logo/built-in.o
  CC      drivers/gpu/drm/msm/dp/dp_catalog.o
  CC      drivers/usb/gadget/functions.o
  LD      drivers/video/backlight/built-in.o
  CC      drivers/staging/android/lowmemorykiller_oom.o
  CC      drivers/scsi/scsi_sysfs.o
  CC      drivers/usb/dwc3/ep0.o
  CC      drivers/thermal/cpu_cooling.o
  CC      drivers/usb/gadget/configfs.o
  CC      drivers/soc/qcom/socinfo.o
  CC      net/netfilter/xt_hashlimit.o
  CC      drivers/platform/msm/ipa/ipa_v3/ipa_mhi.o
  CC      drivers/usb/host/ehci-pci.o
  CC      drivers/staging/android/ion/ion_cma_secure_heap.o
  CC      drivers/usb/dwc3/debugfs.o
  LD      drivers/media/v4l2-core/videodev.o
  LD      drivers/media/platform/msm/camera/cam_sensor_module/cam_ois/built-in.o
  CC      drivers/scsi/scsi_devinfo.o
  CC      drivers/thermal/devfreq_cooling.o
  CC      drivers/tty/tty_port.o
  CC      drivers/video/fbdev/core/fbmon.o
  LD      drivers/media/v4l2-core/built-in.o
  CC      drivers/media/platform/msm/camera/cam_sensor_module/cam_sensor/cam_sensor_dev.o
  CC      drivers/tty/tty_mutex.o
  LD      drivers/gpu/drm/drm_kms_helper.o
  CC      drivers/media/platform/msm/camera/cam_sensor_module/cam_sensor_io/cam_sensor_io.o
  CC      drivers/usb/dwc3/dwc3-of-simple.o
  CC      drivers/usb/misc/ehset.o
  CC      drivers/video/fbdev/vfb.o
  CC      drivers/scsi/scsi_sysctl.o
  CC      drivers/usb/pd/policy_engine.o
  CC      drivers/staging/android/lowmemorykiller_vmpressure.o
  CC      drivers/usb/host/ehci-platform.o
  CC      drivers/media/platform/msm/camera/cam_sensor_module/cam_sensor_utils/cam_sensor_util.o
  LD      drivers/usb/isp1760/isp1760.o
  LD      drivers/usb/isp1760/built-in.o
  CC      net/netfilter/xt_helper.o
  CC      drivers/usb/core/message.o
  CC      drivers/staging/android/ion/compat_ion.o
  LD      drivers/gpu/drm/drm.o
  CC      drivers/gpu/drm/msm/dp/dp_aux.o
  CC      drivers/usb/misc/lvstest.o
  CC      drivers/media/platform/msm/camera/cam_sensor_module/cam_sensor_io/cam_sensor_cci_i2c.o
  CC      drivers/media/platform/msm/camera/cam_sensor_module/cam_sensor/cam_sensor_core.o
  CC      drivers/usb/pd/water_detection.o
  CC      drivers/gpu/drm/msm/dp/dp_panel.o
  CC      drivers/usb/gadget/u_f.o
  CC      drivers/platform/msm/ipa/ipa_v3/ipa_uc_ntn.o
  CC      drivers/staging/android/lowmemorykiller_stats.o
  CC      drivers/tty/tty_ldsem.o
  LD      drivers/pci/host/built-in.o
  CC      drivers/video/fbdev/core/fbcmap.o
  LD      drivers/pci/built-in.o
  CC      drivers/usb/core/driver.o
  CC      drivers/scsi/scsi_proc.o
  CC      drivers/tty/pty.o
  CC      drivers/scsi/scsi_trace.o
  CC      drivers/usb/pd/qpnp-pdphy.o
  CC      drivers/usb/phy/phy.o
  CC      drivers/thermal/qcom-spmi-temp-alarm.o
  CC      drivers/soc/qcom/boot_stats.o
  CC      drivers/usb/storage/scsiglue.o
  CC      net/netfilter/xt_hl.o
  CC      drivers/platform/msm/ipa/ipa_v3/ipa_hw_stats.o
  CC      drivers/usb/gadget/function/u_ether.o
  CC      drivers/usb/storage/protocol.o
  CC      drivers/media/platform/msm/camera/cam_sensor_module/cam_sensor/cam_sensor_soc.o
  CC      drivers/staging/android/ion/msm/msm_ion.o
  CC      drivers/usb/storage/transport.o
  CC      net/netfilter/xt_iprange.o
  CC      drivers/usb/phy/of.o
  LD      drivers/usb/misc/built-in.o
  CC      drivers/usb/phy/class-dual-role.o
  CC      drivers/usb/gadget/function/f_mass_storage.o
  CC      drivers/usb/dwc3/dwc3-msm.o
  CC      drivers/thermal/qpnp-temp-alarm.o
  CC      drivers/soc/qcom/eud.o
  CC      drivers/usb/storage/usb.o
  CC      drivers/media/platform/msm/camera/cam_sensor_module/cam_sensor_io/cam_sensor_qup_i2c.o
  CC      drivers/tty/tty_audit.o
  LD      drivers/media/platform/msm/camera/cam_sensor_module/cam_sensor_utils/built-in.o
  CC      drivers/gpu/drm/msm/dp/dp_link.o
  CC      drivers/usb/storage/initializers.o
  CC      drivers/usb/phy/phy-generic.o
  CC      drivers/scsi/scsi_logging.o
  CC      drivers/usb/core/config.o
  CC      drivers/video/fbdev/core/fbsysfs.o
  LD      drivers/media/platform/msm/camera/cam_sensor_module/cam_sensor/built-in.o
  CC      drivers/usb/gadget/function/storage_common.o
  CC      drivers/usb/dwc3/dbm.o
  CC      drivers/usb/host/ohci-hcd.o
  CC      drivers/usb/storage/sierra_ms.o
  CC      drivers/tty/sysrq.o
  CC      drivers/thermal/qcom/bcl_peripheral.o
  CC      drivers/thermal/qcom/msm_lmh_dcvs.o
  CC      drivers/thermal/qcom/lmh_dbg.o
  CC      net/netfilter/xt_length.o
  CC      drivers/video/fbdev/core/modedb.o
  CC      drivers/usb/gadget/udc/core.o
  CC      drivers/staging/android/ion/msm/compat_msm_ion.o
  CC      drivers/scsi/scsi_pm.o
  CC      drivers/gpu/drm/msm/dp/dp_ctrl.o
  CC      drivers/soc/qcom/watchdog_v2.o
  CC      drivers/usb/gadget/udc/trace.o
  CC      drivers/scsi/ufs/ufs-qcom.o
  CC      drivers/media/platform/msm/camera/cam_sensor_module/cam_sensor_io/cam_sensor_spi.o
  CC      drivers/platform/msm/ipa/ipa_v3/ipa_pm.o
  CC      drivers/video/fbdev/core/fbcvt.o
  CC      drivers/scsi/sd.o
  CC      drivers/usb/phy/phy-msm-ssusb-qmp.o
  CC      drivers/usb/core/file.o
  CC      drivers/soc/qcom/memory_dump_v2.o
  LD      drivers/staging/android/ion/msm/built-in.o
  LD      drivers/staging/android/lowmemorykiller_tng
  CC      drivers/usb/host/ohci-pci.o
  LD      drivers/staging/android/ion/built-in.o
  CC      drivers/scsi/sg.o
  CC      drivers/usb/storage/option_ms.o
  LD      drivers/staging/android/built-in.o
  CC      drivers/video/fbdev/core/sysfillrect.o
  CC      net/netfilter/xt_limit.o
  LD      drivers/staging/built-in.o
  CC      drivers/scsi/ufs/ufs-qcom-ice.o
  CC      drivers/gpu/drm/msm/dp/dp_audio.o
  LD      drivers/usb/pd/built-in.o
  CC      drivers/gpu/drm/msm/dp/dp_debug.o
  CC      drivers/platform/msm/ipa/ipa_v3/ipa_wdi3_i.o
  CC      drivers/video/fbdev/core/syscopyarea.o
  CC      drivers/scsi/ufs/ufshcd.o
  CC      drivers/soc/qcom/msm_minidump.o
  CC      drivers/usb/gadget/function/f_fs.o
  CC      drivers/usb/storage/usual-tables.o
  CC      drivers/soc/qcom/minidump_log.o
  CC      drivers/thermal/qcom/qti_virtual_sensor.o
  CC      drivers/usb/phy/phy-msm-qusb.o
  CC      drivers/tty/serial/serial_core.o
  CC      net/netfilter/xt_mac.o
  LD      drivers/media/platform/msm/camera/cam_sensor_module/cam_sensor_io/built-in.o
  CC      drivers/tty/serial/earlycon.o
  LD      drivers/media/platform/msm/camera/cam_sensor_module/built-in.o
  CC      net/netfilter/xt_multiport.o
  LD      drivers/media/platform/msm/camera/built-in.o
  CC      drivers/thermal/qcom/regulator_aop_cdev.o
  CC      drivers/platform/msm/ipa/ipa_v3/rmnet_ipa.o
  CC      drivers/scsi/ch.o
  CC      drivers/usb/core/buffer.o
  CC      drivers/video/fbdev/core/sysimgblt.o
  LD      drivers/media/platform/msm/built-in.o
  CC      drivers/thermal/qpnp-adc-tm.o
  CC      drivers/usb/core/sysfs.o
  LD      drivers/usb/storage/usb-storage.o
  LD      drivers/usb/storage/built-in.o
  CC      drivers/tty/serial/msm_geni_serial.o
  CC      drivers/usb/gadget/function/f_midi.o
  CC      drivers/soc/qcom/rq_stats.o
  LD      drivers/usb/gadget/udc/udc-core.o
  LD      drivers/usb/gadget/udc/built-in.o
  CC      drivers/soc/qcom/secure_buffer.o
  CC      drivers/platform/msm/ipa/ipa_v3/ipa_qmi_service_v01.o
  CC      drivers/usb/host/ohci-platform.o
  CC      drivers/usb/gadget/function/f_hid.o
  LD      drivers/media/platform/built-in.o
  CC      drivers/thermal/msm-tsens.o
  CC      drivers/usb/core/endpoint.o
  CC      net/netfilter/xt_pkttype.o
  CC      drivers/usb/gadget/function/f_mtp.o
  CC      drivers/scsi/ufs/ufs_quirks.o
  CC      drivers/thermal/qcom/regulator_cdev.o
  CC      drivers/usb/core/devio.o
  LD      drivers/media/built-in.o
  CC      net/netfilter/xt_policy.o
  LD      drivers/usb/gadget/libcomposite.o
  CC      drivers/gpu/drm/msm/dp/dp_display.o
  CC      drivers/thermal/tsens2xxx.o
  CC      drivers/video/fbdev/core/fb_sys_fops.o
  CC      drivers/usb/core/notify.o
  CC      drivers/usb/phy/phy-msm-qusb-v2.o
  LD      drivers/usb/dwc3/dwc3.o
  LD      drivers/usb/dwc3/built-in.o
  CC      drivers/usb/gadget/function/f_ptp.o
  CC      drivers/platform/msm/ipa/ipa_v3/ipa_qmi_service.o
  CC      net/netfilter/xt_qtaguid_print.o
  CC      drivers/usb/core/generic.o
  CC      drivers/scsi/ufs/ufshcd-pltfrm.o
  LD      drivers/video/fbdev/core/fb.o
  CC      drivers/usb/gadget/function/f_audio_source.o
  CC      drivers/usb/core/quirks.o
  CC      drivers/scsi/ufs/ufs-debugfs.o
  CC      drivers/gpu/drm/msm/dp/dp_drm.o
  CC      drivers/thermal/tsens-dbg.o
  CC      drivers/usb/host/xhci.o
  CC      drivers/usb/gadget/function/f_accessory.o
  CC      drivers/thermal/qcom/qmi_cooling.o
  CC      drivers/gpu/drm/msm/dp/dp_hdcp2p2.o
  CC      drivers/soc/qcom/msm_smem.o
  CC      drivers/usb/core/devices.o
  CC      net/netfilter/xt_qtaguid.o
  CC      net/netfilter/xt_quota.o
  LD      drivers/scsi/scsi_mod.o
  CC      drivers/soc/qcom/smem_debug.o
  CC      drivers/usb/core/port.o
  CC      drivers/gpu/drm/msm/sde/sde_crtc.o
  CC      drivers/platform/msm/ipa/ipa_v3/rmnet_ipa_fd_ioctl.o
  CC      drivers/thermal/tsens-mtc.o
  CC      drivers/usb/host/xhci-mem.o
  LD      drivers/video/fbdev/core/built-in.o
  LD      drivers/tty/serial/built-in.o
  LD      drivers/video/fbdev/built-in.o
  LD      drivers/tty/built-in.o
  LD      drivers/video/built-in.o
  CC      drivers/usb/gadget/function/f_diag.o
  CC      drivers/scsi/ufs/ufs-qcom-debugfs.o
  CC      net/netfilter/xt_quota2.o
  LD      drivers/scsi/sd_mod.o
  CC      drivers/gpu/drm/msm/sde/sde_encoder.o
  CC      drivers/usb/host/xhci-ring.o
  CC      net/netfilter/xt_socket.o
  CC      drivers/usb/core/of.o
  CC      drivers/usb/gadget/function/f_cdev.o
  CC      drivers/soc/qcom/glink.o
  CC      drivers/gpu/drm/msm/sde/sde_encoder_phys_vid.o
  LD      drivers/thermal/qcom/built-in.o
  LD      drivers/usb/phy/built-in.o
  CC      drivers/usb/host/xhci-hub.o
  CC      drivers/thermal/tsens1xxx.o
  CC      drivers/usb/gadget/function/f_ccid.o
  CC      net/netfilter/xt_state.o
  CC      drivers/gpu/drm/msm/sde/sde_encoder_phys_cmd.o
  CC      drivers/soc/qcom/glink_debugfs.o
  CC      drivers/usb/core/hcd-pci.o
  CC      net/netfilter/xt_statistic.o
  CC      drivers/gpu/drm/msm/sde/sde_irq.o
  CC      net/netfilter/xt_string.o
  CC      drivers/usb/host/xhci-dbg.o
  CC      drivers/usb/gadget/function/f_gsi.o
  CC      drivers/soc/qcom/glink_ssr.o
  LD      drivers/platform/msm/ipa/ipa_v3/ipat.o
  CC      drivers/usb/host/xhci-trace.o
  CC      drivers/soc/qcom/glink_loopback_server.o
  CC      drivers/usb/gadget/function/rndis.o
  CC      drivers/gpu/drm/msm/sde/sde_core_irq.o
  CC      drivers/thermal/tsens_calib.o
  CC      drivers/soc/qcom/glink_smem_native_xprt.o
  CC      drivers/gpu/drm/msm/sde/sde_core_perf.o
  CC      drivers/soc/qcom/glink_spi_xprt.o
  CC      net/netfilter/xt_time.o
  CC      drivers/usb/gadget/function/f_qdss.o
  CC      drivers/usb/host/xhci-pci.o
  LD      drivers/thermal/thermal_sys.o
  CC      drivers/gpu/drm/msm/sde/sde_rm.o
  CC      net/netfilter/xt_u32.o
  CC      drivers/soc/qcom/spcom.o
  LD      net/netfilter/netfilter.o
  CC      drivers/usb/host/xhci-plat.o
  LD      drivers/thermal/built-in.o
  CC      drivers/usb/gadget/function/u_qdss.o
  LD      drivers/platform/msm/ipa/ipa_v3/built-in.o
  CC      drivers/usb/host/host_ext_event.o
  LD      drivers/usb/core/usbcore.o
  LD      drivers/usb/core/built-in.o
  CC      drivers/gpu/drm/msm/sde/sde_kms_utils.o
  LD      drivers/platform/msm/ipa/built-in.o
  LD      net/netfilter/nf_conntrack.o
  LD      net/netfilter/nf_conntrack_h323.o
  CC      drivers/gpu/drm/msm/sde/sde_kms.o
  LD      net/netfilter/nf_nat.o
  CC      drivers/soc/qcom/spss_utils.o
  CC      drivers/gpu/drm/msm/sde/sde_plane.o
  LD      drivers/platform/msm/built-in.o
  CC      drivers/gpu/drm/msm/sde/sde_connector.o
  CC      drivers/soc/qcom/tracer_pkt.o
  CC      drivers/gpu/drm/msm/sde/sde_color_processing.o
  CC      drivers/soc/qcom/memshare/msm_memshare.o
  CC      drivers/soc/qcom/qdsp6v2/cdsp-loader.o
  CC      drivers/soc/qcom/rpmh.o
  CC      drivers/soc/qcom/msm_bus/msm_bus_core.o
  CC      drivers/soc/qcom/msm_bus/msm_bus_client_api.o
  LD      drivers/platform/built-in.o
  CC      drivers/gpu/drm/msm/sde/sde_vbif.o
  LD      net/netfilter/built-in.o
  CC      drivers/soc/qcom/system_pm.o
  LD      drivers/usb/gadget/function/usb_f_mass_storage.o
  CC      drivers/soc/qcom/msm_bus/msm_bus_of.o
  LD      drivers/usb/gadget/function/usb_f_fs.o
  CC      drivers/gpu/drm/msm/sde_dbg.o
  CC      drivers/soc/qcom/service-notifier.o
  CC      drivers/soc/qcom/msm_bus/msm_bus_fabric_rpmh.o
  LD      drivers/usb/host/xhci-plat-hcd.o
  CC      drivers/soc/qcom/service-locator.o
  CC      drivers/gpu/drm/msm/sde_dbg_evtlog.o
  CC      drivers/soc/qcom/msm_bus/msm_bus_arb_rpmh.o
  LD      net/built-in.o
  LD      drivers/usb/host/xhci-hcd.o
  LD      drivers/usb/host/built-in.o
  CC      drivers/soc/qcom/msm_bus/msm_bus_rules.o
  LD      drivers/usb/gadget/function/usb_f_midi.o
  CC      drivers/gpu/drm/msm/sde_io_util.o
  LD      drivers/soc/qcom/qdsp6v2/built-in.o
  CC      drivers/soc/qcom/msm_bus/msm_bus_bimc_rpmh.o
  LD      drivers/usb/gadget/function/usb_f_hid.o
  CC      drivers/soc/qcom/msm_smp2p.o
  CC      drivers/gpu/drm/msm/sde/sde_hw_reg_dma_v1_color_proc.o
  CC      drivers/soc/qcom/smp2p_loopback.o
  CC      drivers/soc/qcom/msm_bus/msm_bus_noc_rpmh.o
  LD      drivers/usb/gadget/function/usb_f_mtp.o
  CC      drivers/soc/qcom/smp2p_debug.o
  CC      drivers/soc/qcom/msm_bus/msm_bus_proxy_client.o
  CC      drivers/gpu/drm/msm/sde/sde_hw_color_proc_v4.o
  LD      drivers/usb/gadget/function/usb_f_ptp.o
  CC      drivers/soc/qcom/msm_bus/msm_bus_of_rpmh.o
  CC      drivers/soc/qcom/smp2p_sleepstate.o
  CC      drivers/gpu/drm/msm/sde/sde_hw_ad4.o
  LD      drivers/soc/qcom/memshare/built-in.o
  CC      drivers/soc/qcom/ipc_router_glink_xprt.o
  LD      drivers/scsi/ufs/built-in.o
  LD      drivers/scsi/built-in.o
  LD      drivers/usb/gadget/function/usb_f_audio_source.o
  CC      drivers/soc/qcom/msm_bus/msm_bus_dbg.o
  LD      drivers/usb/gadget/function/usb_f_accessory.o
  CC      drivers/soc/qcom/qmi_interface.o
  CC      drivers/gpu/drm/msm/sde_edid_parser.o
  LD      drivers/usb/gadget/function/usb_f_diag.o
  CC      drivers/soc/qcom/msm_glink_pkt.o
  CC      drivers/gpu/drm/msm/sde_hdcp_1x.o
  CC      drivers/soc/qcom/sysmon-glink.o
  LD      drivers/usb/gadget/function/usb_f_cdev.o
  LD      drivers/usb/gadget/function/usb_f_ccid.o
  LD      drivers/usb/gadget/function/usb_f_qdss.o
  CC      drivers/soc/qcom/sysmon-qmi.o
  LD      drivers/usb/gadget/function/usb_f_gsi.o
  CC      drivers/gpu/drm/msm/sde_rsc.o
  CC      drivers/soc/qcom/icnss.o
  LD      drivers/usb/gadget/function/built-in.o
  CC      drivers/gpu/drm/msm/sde_rsc_hw.o
  CC      drivers/gpu/drm/msm/sde/sde_fence.o
  LD      drivers/usb/gadget/built-in.o
  CC      drivers/soc/qcom/peripheral-loader.o
  CC      drivers/gpu/drm/msm/dsi-staging/dsi_phy.o
  CC      drivers/soc/qcom/subsys-pil-tz.o
  CC      drivers/gpu/drm/msm/dsi-staging/dsi_pwr.o
  LD      drivers/usb/built-in.o
  CC      drivers/gpu/drm/msm/dsi-staging/dsi_phy_hw_v2_0.o
  CC      drivers/soc/qcom/pil-q6v5.o
  CC      drivers/gpu/drm/msm/dsi-staging/dsi_phy_hw_v3_0.o
  CC      drivers/soc/qcom/pil-msa.o
  CC      drivers/gpu/drm/msm/dsi-staging/dsi_phy_timing_calc.o
  CC      drivers/soc/qcom/pil-q6v5-mss.o
  CC      drivers/gpu/drm/msm/dsi-staging/dsi_phy_timing_v2_0.o
  CC      drivers/soc/qcom/msm_performance.o
  CC      drivers/gpu/drm/msm/dsi-staging/dsi_phy_timing_v3_0.o
  CC      drivers/soc/qcom/subsystem_notif.o
  CC      drivers/gpu/drm/msm/dsi-staging/dsi_ctrl_hw_cmn.o
  CC      drivers/soc/qcom/subsystem_restart.o
  CC      drivers/soc/qcom/ramdump.o
  CC      drivers/gpu/drm/msm/dsi-staging/dsi_ctrl_hw_1_4.o
  CC      drivers/soc/qcom/microdump_collector.o
  CC      drivers/gpu/drm/msm/dsi-staging/dsi_ctrl_hw_2_0.o
  CC      drivers/gpu/drm/msm/dsi-staging/dsi_ctrl_hw_2_2.o
  CC      drivers/soc/qcom/cmd-db.o
  CC      drivers/gpu/drm/msm/dsi-staging/dsi_ctrl.o
  CC      drivers/gpu/drm/msm/dsi-staging/dsi_catalog.o
  CC      drivers/soc/qcom/qbt1000.o
  CC      drivers/gpu/drm/msm/dsi-staging/dsi_drm.o
  CC      drivers/soc/qcom/event_timer.o
  CC      drivers/soc/qcom/lpm-stats.o
  CC      drivers/gpu/drm/msm/dsi-staging/dsi_display.o
  CC      drivers/soc/qcom/dcc_v2.o
  CC      drivers/soc/qcom/rpm_stats.o
  CC      drivers/gpu/drm/msm/dsi-staging/dsi_panel.o
  CC      drivers/soc/qcom/rpmh_master_stat.o
  CC      drivers/soc/qcom/smcinvoke.o
  CC      drivers/soc/qcom/qmp-debugfs-client.o
  CC      drivers/gpu/drm/msm/dsi-staging/dsi_clk_manager.o
  CC      drivers/gpu/drm/msm/dsi-staging/dsi_display_test.o
  CC      drivers/soc/qcom/qsee_ipc_irq_bridge.o
  CC      drivers/gpu/drm/msm/dsi-staging/dsi_panel_driver.o
  CC      drivers/soc/qcom/debug_memory.o
  CC      drivers/gpu/drm/msm/dsi-staging/incell.o
  CC      drivers/soc/qcom/board-rdtags.o
  CC      drivers/gpu/drm/msm/sde/sde_hw_catalog.o
  CC      drivers/soc/qcom/last_subsys_errlog.o
  CC      drivers/gpu/drm/msm/sde/sde_hw_cdm.o
  LD      drivers/soc/qcom/msm_bus/built-in.o
  CC      drivers/soc/qcom/last_logs.o
  CC      drivers/soc/qcom/security_status.o
  CC      drivers/gpu/drm/msm/sde/sde_hw_dspp.o
  CC      drivers/soc/qcom/console_setup.o
  CC      drivers/gpu/drm/msm/sde/sde_hw_intf.o
  CC      drivers/gpu/drm/msm/sde/sde_hw_lm.o
  CC      drivers/gpu/drm/msm/sde/sde_hw_ctl.o
  CC      drivers/gpu/drm/msm/sde/sde_hw_util.o
  CC      drivers/gpu/drm/msm/sde/sde_hw_sspp.o
  CC      drivers/gpu/drm/msm/sde/sde_hw_wb.o
  CC      drivers/gpu/drm/msm/sde/sde_hw_rot.o
  CC      drivers/gpu/drm/msm/sde/sde_hw_pingpong.o
  CC      drivers/gpu/drm/msm/sde/sde_hw_top.o
  CC      drivers/gpu/drm/msm/sde/sde_hw_interrupts.o
  CC      drivers/gpu/drm/msm/sde/sde_hw_vbif.o
  CC      drivers/gpu/drm/msm/sde/sde_hw_blk.o
  CC      drivers/gpu/drm/msm/sde/sde_formats.o
  CC      drivers/gpu/drm/msm/sde_power_handle.o
  CC      drivers/gpu/drm/msm/sde/sde_hw_color_processing_v1_7.o
  CC      drivers/gpu/drm/msm/sde/sde_reg_dma.o
  CC      drivers/gpu/drm/msm/sde/sde_hw_reg_dma_v1.o
  CC      drivers/gpu/drm/msm/sde/sde_hw_dsc.o
  CC      drivers/gpu/drm/msm/sde/sde_hw_ds.o
  CC      drivers/gpu/drm/msm/sde/sde_wb.o
  CC      drivers/gpu/drm/msm/sde/sde_encoder_phys_wb.o
  CC      drivers/gpu/drm/msm/msm_atomic.o
  CC      drivers/gpu/drm/msm/msm_drv.o
  CC      drivers/gpu/drm/msm/msm_fb.o
  CC      drivers/gpu/drm/msm/msm_gem.o
  CC      drivers/gpu/drm/msm/msm_gem_prime.o
  CC      drivers/gpu/drm/msm/msm_gem_submit.o
  CC      drivers/gpu/drm/msm/msm_gem_shrinker.o
  CC      drivers/gpu/drm/msm/msm_gem_vma.o
  CC      drivers/gpu/drm/msm/msm_gpu.o
  CC      drivers/gpu/drm/msm/msm_iommu.o
  CC      drivers/gpu/drm/msm/msm_smmu.o
  CC      drivers/gpu/drm/msm/msm_perf.o
  CC      drivers/gpu/drm/msm/msm_rd.o
  CC      drivers/gpu/drm/msm/msm_ringbuffer.o
  CC      drivers/gpu/drm/msm/msm_prop.o
  CC      drivers/gpu/drm/msm/msm_fence.o
  CC      drivers/gpu/drm/msm/msm_debugfs.o
  LD      drivers/soc/qcom/built-in.o
  LD      drivers/soc/built-in.o
  LD      drivers/gpu/drm/msm/msm_drm.o
  LD      drivers/gpu/drm/msm/built-in.o
  LD      drivers/gpu/drm/built-in.o
  LD      drivers/gpu/built-in.o
  LD      drivers/built-in.o
  GEN     .version
  LD      vmlinux.o
  MODPOST vmlinux.o
  CHK     include/generated/compile.h
  UPD     include/generated/compile.h
  CC      init/version.o
  LD      init/built-in.o
  KSYM    .tmp_kallsyms1.o
  KSYM    .tmp_kallsyms2.o
  LD      vmlinux
  SORTEX  vmlinux
  SYSMAP  System.map
  OBJCOPY arch/arm64/boot/Image
make[1]: Leaving directory '/home/suzuri/kbuild-akari'
+ echo MAKE_EXIT_CODE=0
MAKE_EXIT_CODE=0
